patient_id,GENE_0001,GENE_0002,GENE_0003,GENE_0004,GENE_0005,GENE_0006,GENE_0007,GENE_0008,GENE_0009,GENE_0010,GENE_0011,GENE_0012,GENE_0013,GENE_0014,GENE_0015,GENE_0016,GENE_0017,GENE_0018,GENE_0019,GENE_0020,GENE_0021,GENE_0022,GENE_0023,GENE_0024,GENE_0025,GENE_0026,GENE_0027,GENE_0028,GENE_0029,GENE_0030,GENE_0031,GENE_0032,GENE_0033,GENE_0034,GENE_0035,GENE_0036,GENE_0037,GENE_0038,GENE_0039,GENE_0040,GENE_0041,GENE_0042,GENE_0043,GENE_0044,GENE_0045,GENE_0046,GENE_0047,GENE_0048,GENE_0049,GENE_0050,GENE_0051,GENE_0052,GENE_0053,GENE_0054,GENE_0055,GENE_0056,GENE_0057,GENE_0058,GENE_0059,GENE_0060,GENE_0061,GENE_0062,GENE_0063,GENE_0064,GENE_0065,GENE_0066,GENE_0067,GENE_0068,GENE_0069,GENE_0070,GENE_0071,GENE_0072,GENE_0073,GENE_0074,GENE_0075,GENE_0076,GENE_0077,GENE_0078,GENE_0079,GENE_0080,GENE_0081,GENE_0082,GENE_0083,GENE_0084,GENE_0085,GENE_0086,GENE_0087,GENE_0088,GENE_0089,GENE_0090,GENE_0091,GENE_0092,GENE_0093,GENE_0094,GENE_0095,GENE_0096,GENE_0097,GENE_0098,GENE_0099,GENE_0100,GENE_0101,GENE_0102,GENE_0103,GENE_0104,GENE_0105,GENE_0106,GENE_0107,GENE_0108,GENE_0109,GENE_0110,GENE_0111,GENE_0112,GENE_0113,GENE_0114,GENE_0115,GENE_0116,GENE_0117,GENE_0118,GENE_0119,GENE_0120,GENE_0121,GENE_0122,GENE_0123,GENE_0124,GENE_0125,GENE_0126,GENE_0127,GENE_0128,GENE_0129,GENE_0130,GENE_0131,GENE_0132,GENE_0133,GENE_0134,GENE_0135,GENE_0136,GENE_0137,GENE_0138,GENE_0139,GENE_0140,GENE_0141,GENE_0142,GENE_0143,GENE_0144,GENE_0145,GENE_0146,GENE_0147,GENE_0148,GENE_0149,GENE_0150,GENE_0151,GENE_0152,GENE_0153,GENE_0154,GENE_0155,GENE_0156,GENE_0157,GENE_0158,GENE_0159,GENE_0160,GENE_0161,GENE_0162,GENE_0163,GENE_0164,GENE_0165,GENE_0166,GENE_0167,GENE_0168,GENE_0169,GENE_0170,GENE_0171,GENE_0172,GENE_0173,GENE_0174,GENE_0175,GENE_0176,GENE_0177,GENE_0178,GENE_0179,GENE_0180,GENE_0181,GENE_0182,GENE_0183,GENE_0184,GENE_0185,GENE_0186,GENE_0187,GENE_0188,GENE_0189,GENE_0190,GENE_0191,GENE_0192,GENE_0193,GENE_0194,GENE_0195,GENE_0196,GENE_0197,GENE_0198,GENE_0199,GENE_0200,GENE_0201,GENE_0202,GENE_0203,GENE_0204,GENE_0205,GENE_0206,GENE_0207,GENE_0208,GENE_0209,GENE_0210,GENE_0211,GENE_0212,GENE_0213,GENE_0214,GENE_0215,GENE_0216,GENE_0217,GENE_0218,GENE_0219,GENE_0220,GENE_0221,GENE_0222,GENE_0223,GENE_0224,GENE_0225,GENE_0226,GENE_0227,GENE_0228,GENE_0229,GENE_0230,GENE_0231,GENE_0232,GENE_0233,GENE_0234,GENE_0235,GENE_0236,GENE_0237,GENE_0238,GENE_0239,GENE_0240,GENE_0241,GENE_0242,GENE_0243,GENE_0244,GENE_0245,GENE_0246,GENE_0247,GENE_0248,GENE_0249,GENE_0250,GENE_0251,GENE_0252,GENE_0253,GENE_0254,GENE_0255,GENE_0256,GENE_0257,GENE_0258,GENE_0259,GENE_0260,GENE_0261,GENE_0262,GENE_0263,GENE_0264,GENE_0265,GENE_0266,GENE_0267,GENE_0268,GENE_0269,GENE_0270,GENE_0271,GENE_0272,GENE_0273,GENE_0274,GENE_0275,GENE_0276,GENE_0277,GENE_0278,GENE_0279,GENE_0280,GENE_0281,GENE_0282,GENE_0283,GENE_0284,GENE_0285,GENE_0286,GENE_0287,GENE_0288,GENE_0289,GENE_0290,GENE_0291,GENE_0292,GENE_0293,GENE_0294,GENE_0295,GENE_0296,GENE_0297,GENE_0298,GENE_0299,GENE_0300
TRI-001,5.107,8.36,4.696,5.243,4.968,4.908,5.024,7.966,5.931,1.727,7.249,8.98,4.962,7.858,7.498,4.17,6.277,5.746,6.12,8.506,6.411,5.816,5.792,8.721,3.745,4.547,6.273,4.858,4.849,4.693,3.581,8.431,6.22,4.684,4.763,7.529,4.314,4.795,5.695,4.195,4.7,9.502,5.046,8.842,4.535,4.879,5.793,2.264,7.395,5.277,5.906,3.099,5.09,4.946,8.685,3.279,6.354,7.541,6.94,10.335,8.295,9.028,6.619,3.541,5.52,3.381,4.4,8.426,9.039,8.771,6.285,3.108,6.261,3.778,5.064,6.305,7.546,5.935,6.192,5.609,5.623,5.279,5.414,5.651,5.825,4.346,5.816,8.22,2.148,7.075,4.909,9.328,8.683,6.594,5.02,7.392,5.977,6.847,7.148,7.636,6.456,6.115,3.665,6.267,6.152,4.689,5.952,2.608,6.126,6.845,8.207,7.682,8.921,6.436,5.337,7.269,6.774,8.271,4.055,7.944,3.236,6.072,5.536,5.702,6.003,3.658,6.471,2.702,4.716,6.501,5.973,6.791,7.742,4.083,5.876,7.208,6.184,6.096,4.46,9.557,6.928,7.285,6.036,6.522,5.655,6.376,6.151,7.311,6.669,9.411,5.575,2.572,5.908,5.087,5.535,8.07,4.827,6.702,4.327,5.471,9.822,3.324,5.273,6.324,6.653,6.678,7.219,5.467,11.07,9.172,7.897,5.825,7.894,5.344,5.361,7.19,6.925,6.402,5.834,7.149,9.026,7.647,8.785,7.673,5.843,5.375,3.515,5.827,2.963,6.844,3.907,4.599,5.831,6.945,6.825,6.71,6.004,7.744,7.226,10.073,7.444,6.109,7.549,6.988,6.183,8.753,8.299,8.372,4.712,6.28,3.338,7.157,7.953,7.945,7.249,8.59,5.653,4.585,9.033,5.037,6.592,3.309,6.631,4.192,3.569,5.668,4.516,8.182,8.153,5.717,7.137,6.611,6.793,4.264,5.284,3.377,4.382,6.512,6.674,7.842,9.354,7.318,5.494,4.906,7.679,6.545,6.235,9.811,9.568,9.372,3.629,8.856,7.466,5.48,4.2,3.703,3.722,6.24,4.741,6.275,5.551,2.864,3.811,6.899,7.857,3.617,6.387,7.372,5.851,3.478,6.905,8.298,5.388,7.469,5.924,4.113,3.107,4.07,6.856,7.875,6.561,4.445,6.849,3.417,3.625,1.903,8.004,5.433,6.169,6.504,7.71,8.435,6.586,7.669,7.468,7.907,5.819,4.362,8.891,4.222
TRI-002,4.59,7.967,6.416,5.531,6.282,5.103,6.108,8.818,6.565,6.007,9.527,8.055,5.284,5.549,5.853,3.716,6.746,7.038,6.722,3.691,5.743,4.058,4.414,4.898,6.237,3.802,7.565,6.814,8.589,2.525,7.839,4.765,5.06,5.565,6.55,4.897,6.978,6.229,9.733,8.633,3.772,2.753,2.68,6.713,3.736,6.65,5.778,7.927,6.63,6.388,1.4,5.582,5.575,5.953,5.448,5.962,9.122,7.217,6.69,3.087,4.319,8.018,8.562,4.106,5.843,6.924,5.391,3.233,5.952,5.726,8.424,4.458,5.309,8.211,3.55,4.751,4.393,6.62,7.662,5.363,7.69,4.93,11.505,3.762,6.948,5.012,7.849,6.202,6.869,7.545,7.425,6.194,7.18,5.793,5.456,5.25,3.612,8.089,6.415,6.621,6.936,4.833,5.219,5.557,5.475,5.86,5.274,5.397,5.694,8.488,4.42,7.896,3.705,6.868,5.785,7.07,5.405,4.897,5.894,4.053,9.873,8.729,5.357,6.968,4.622,4.492,7.404,6.804,7.35,6.746,7.713,6.652,9.322,4.528,7.616,3.485,6.128,4.647,4.826,2.722,1.961,6.032,8.142,9.264,3.257,4.781,6.348,6.443,9.107,5.288,6.411,5.467,5.021,6.73,8.018,7.049,7.169,4.526,6.874,5.04,7.499,4.863,6.369,5.732,5.603,6.474,6.741,8.264,8.844,6.922,5.535,4.541,6.388,5.076,7.926,3.977,5.506,6.147,7.839,5.807,5.846,3.981,7.829,7.745,5.428,4.809,3.441,5.623,6.839,7.667,3.461,5.199,5.047,7.382,9.322,5.129,4.477,9.544,7.383,6.515,8.941,6.378,7.235,7.663,7.572,2.938,4.943,4.593,6.744,7.01,4.239,7.364,6.005,8.028,4.411,4.032,5.668,7.913,4.957,7.29,6.227,10.972,7.736,7.23,4.627,6.7,6.833,7.173,5.788,5.162,4.784,7.475,7.099,5.304,4.492,5.675,6.19,7.498,6.797,6.975,5.727,7.468,5.396,5.911,2.33,8.165,4.259,5.13,7.324,4.802,7.893,5.695,4.866,7.85,4.495,5.834,4.902,5.902,6.341,6.444,4.467,4.209,5.644,7.871,3.417,8.012,7.85,7.188,4.623,4.47,2.031,4.157,6.43,2.944,6.824,6.974,10.275,4.138,7.242,4.281,5.807,5.016,6.759,6.555,6.488,4.433,3.768,5.055,5.579,5.553,4.463,7.045,5.557,3.877,4.264,4.972,6.388,9.739,7.021,9.078
TRI-003,6.705,3.816,8.239,6.722,4.695,6.705,4.95,6.48,6.737,6.438,4.075,9.078,6.04,8.842,5.149,8.024,5.057,6.231,5.531,7.066,4.091,6.515,7.15,2.261,6.88,5.936,9.663,4.705,6.33,4.763,3.229,6.679,9.468,7.21,5.932,4.663,5.569,3.844,5.498,6.073,3.232,7.161,7.465,6.327,6.328,6.119,4.836,7.293,5.285,4.198,5.496,5.699,4.009,4.637,4.267,4.854,6.869,6.47,7.518,3.271,4.333,3.691,6.887,4.624,7.932,6.443,4.739,3.982,8.354,9.088,6.417,6.742,5.823,5.602,7.919,6.494,8.282,7.335,3.837,5.743,6.507,6.324,5.162,4.548,4.354,2.736,7.407,6.867,7.029,6.072,9.521,4.942,3.034,7.563,7.719,3.783,5.503,6.237,6.639,2.882,4.819,7.18,6.064,1.356,5.164,6.376,1.729,5.015,3.748,4.376,5.6,6.405,6.274,7.393,8.61,7.041,4.733,6.214,5.707,5.341,5.717,3.92,4.431,7.323,1.492,7.302,4.988,4.457,7.426,6.371,6.602,6.561,8.243,4.122,6.671,8.534,5.978,6.582,7.534,6.902,3.307,5.884,5.855,2.523,6.106,6.501,7.422,7.806,5.463,7.811,7.474,5.621,6.963,8.376,2.435,4.327,4.297,5.27,6.748,5.216,4.402,6.916,5.72,4.161,7.387,2.703,6.683,3.495,5.29,6.115,7.054,6.075,5.183,6.734,7.535,8.393,6.593,9.514,7.301,4.017,6.379,6.156,6.673,8.45,8.004,7.463,3.958,6.017,2.193,6.739,9.412,5.751,10.424,6.745,5.667,8.606,8.659,7.766,6.622,6.322,6.225,5.371,5.075,4.302,4.119,5.307,7.305,7.222,6.337,5.439,1.967,9.858,5.671,3.852,4.86,6.887,5.74,6.541,7.69,6.114,6.48,5.009,1.94,7.74,4.175,6.821,9.649,5.23,3.367,6.456,4.511,6.928,6.534,3.384,5.95,3.357,3.839,3.544,6.676,6.474,4.41,7.982,6.366,3.301,6.407,6.855,6.164,6.848,5.911,4.914,3.225,5.605,6.872,5.103,5.271,7.466,3.359,5.561,5.05,8.599,6.223,6.544,6.225,7.686,6.448,7.725,8.502,7.692,8.956,7.86,8.736,4.754,5.633,6.209,5.377,6.125,5.243,8.522,6.71,1.996,6.187,7.641,6.272,6.656,4.834,4.963,4.482,8.182,6.335,6.687,7.067,6.556,5.73,6.825,4.826,3.595,4.783,6.467,3.817,5.25
TRI-004,7.258,6.962,3.867,6.094,5.722,4.758,4.557,7.002,4.829,5.41,8.122,4.817,8.488,5.372,12.286,4.251,4.005,7.037,6.97,4.831,5.371,5.923,6.945,8.034,4.966,5.079,7.331,6.862,4.155,6.483,8.057,6.618,6.948,5.668,7.103,4.635,6.507,6.629,5.064,5.11,5.427,6.532,4.203,6.007,4.568,7.254,3.217,5.579,5.067,4.978,7.814,5.633,1.891,7.084,5.113,5.797,3.937,7.374,4.854,3.368,2.086,6.199,5.436,7.483,6.851,4.654,4.455,9.844,5.689,5.743,6.909,5.26,4.054,6.575,5.296,3.506,3.078,6.3,4.709,7.35,9.935,4.398,5.169,4.833,6.365,5.771,8.132,4.53,7.817,3.664,5.165,5.268,3.019,3.888,7.421,8.362,7.865,6.639,4.957,5.48,5.853,5.561,6.115,5.176,4.571,5.187,4.872,7.893,8.061,4.69,5.16,9.053,3.942,4.654,3.204,6.423,5.761,3.607,7.379,6.967,8.585,8.048,4.132,5.69,2.029,6.872,4.81,7.658,3.889,5.404,6.335,5.811,3.385,6.823,5.091,7.463,8.087,8.702,3.706,5.35,4.644,3.789,7.401,10.949,6.947,6.668,6.327,7.825,3.903,4.658,4.583,4.624,5.726,6.835,7.936,6.507,4.162,4.475,3.701,4.508,5.039,4.375,2.802,3.695,7.087,4.333,9.082,7.455,2.17,7.355,7.055,5.676,6.414,2.761,6.329,4.81,6.438,4.921,4.073,7.18,8.207,6.8,5.93,6.646,7.512,4.051,5.417,5.446,5.027,6.948,7.433,5.835,4.482,7.462,6.834,6.062,4.655,7.793,6.787,5.319,2.697,4.936,5.191,7.164,5.677,7.573,8.221,8.855,5.57,4.49,8.3,8.628,4.695,9.085,4.699,8.334,4.589,4.898,4.29,7.157,5.843,2.625,3.612,4.156,6.055,8.713,4.868,5.635,5.67,5.405,4.967,6.647,4.832,8.366,5.496,6.938,4.964,8.768,3.283,9.097,4.729,3.519,4.961,3.551,6.404,7.105,7.02,4.307,6.426,4.873,7.43,6.521,3.946,2.529,7.826,4.938,7.853,5.689,7.128,5.697,7.076,5.674,5.489,1.935,5.198,6.717,5.658,6.632,8.734,7.695,7.002,6.754,4.967,5.365,6.211,3.822,5.8,6.657,6.588,6.334,7.414,9.815,6.11,3.689,7.093,5.956,3.785,4.635,4.511,7.642,6.997,4.297,3.703,5.683,4.141,8.03,3.46,3.843,6.642,4.561
TRI-005,4.636,6.959,7.838,8.766,4.194,6.494,7.259,5.935,4.395,4.883,5.898,3.227,4.673,9.329,3.862,5.675,4.829,7.339,7.114,3.884,8.822,2.861,4.502,9.012,2.173,3.655,5.035,7.083,6.823,4.944,6.689,2.958,8.627,6.454,6.113,3.245,8.226,6.072,7.094,6.469,6.583,4.409,7.064,8.281,5.433,7.155,6.916,4.808,4.708,5.75,5.049,6.404,5.043,2.907,7.339,9.925,6.102,6.255,7.214,5.547,5.257,6.679,5.378,4.484,4.301,7.227,2.061,7.88,5.199,9.996,7.717,7.58,5.015,4.864,8.779,5.527,4.447,3.598,7.239,7.692,5.615,5.626,6.12,7.109,2.329,6.825,7.952,4.636,7.778,5.746,4.186,7.058,6.372,3.486,5.458,6.349,4.581,7.09,6.848,9.817,6.984,6.56,5.324,4.64,6.529,7.607,8.582,6.604,1.726,5.871,5.986,6.949,3.197,6.675,8.973,6.036,6.862,7.961,3.373,7.096,7.021,9.67,5.904,11.001,6.234,5.788,6.683,2.902,5.305,6.501,8.056,9.65,7.44,6.288,5.511,5.959,7.265,6.382,7.46,4.426,5.396,8.948,7.05,7.626,6.187,5.315,8.046,5.766,7.982,8.555,7.581,6.762,7.122,4.178,5.481,6.823,6.703,6.136,6.43,9.744,6.118,5.659,4.996,7.476,6.096,8.022,7.09,6.221,5.88,7.565,8.234,3.996,5.807,4.668,8.002,5.238,6.387,7.469,4.311,6.672,5.879,5.397,7.26,3.69,7.402,6.299,10.447,5.872,7.938,7.058,1.956,8.445,6.536,5.401,7.12,4.158,6.195,5.959,8.046,5.262,5.256,6.075,7.155,5.494,1.179,7.827,6.414,6.085,4.034,4.682,6.234,7.186,6.258,4.741,4.001,5.469,5.183,2.887,7.165,8.016,6.83,7.256,3.848,6.595,3.2,5.978,6.33,5.15,5.96,6.049,8.352,2.784,5.029,0.795,2.172,6.772,5.591,3.888,7.331,6.75,5.725,4.661,5.869,2.784,4.592,7.259,7.13,9.499,7.301,6.507,5.013,5.649,5.938,5.849,8.369,6.308,3.823,4.015,6.888,5.129,7.417,6.386,7.645,6.993,7.755,2.352,6.081,5.702,8.48,3.712,5.665,2.949,4.042,4.26,5.759,4.092,6.531,6.271,5.821,3.891,8.943,7.058,3.792,9.693,7.332,4.814,3.936,5.593,5.872,6.637,5.539,0.911,6.325,7.828,6.772,7.724,5.394,4.985,4.467,5.447
TRI-006,9.618,5.867,5.944,7.071,8.187,6.449,6.649,5.035,4.333,4.332,8.214,6.61,6.207,3.73,5.24,6.72,5.332,5.124,7.108,3.976,5.88,3.427,3.565,8.282,6.485,6.782,6.755,4.623,5.78,5.801,6.449,4.067,2.865,6.716,5.282,4.417,4.371,7.59,8.736,6.389,6.653,7.351,5.31,6.765,3.722,8.208,5.745,8.626,6.573,6.796,3.645,5.204,4.479,7.559,5.304,7.293,2.148,8.106,9.608,4.422,5.389,7.131,7.527,4.259,3.51,7.055,5.268,3.109,6.072,6.499,7.285,8.677,11.2,4.989,7.105,5.928,4.066,8.895,6.834,6.754,6.435,6.826,6.139,9.057,5.628,6.823,3.283,6.441,6.469,5.225,5.287,8.005,6.999,3.525,8.835,8.665,3.215,6.345,8.646,6.371,7.223,5.449,6.41,7.54,5.189,5.42,6.96,3.289,5.818,5.416,6.755,6.981,7.832,5.824,5.21,6.961,4.667,3.808,7.13,6.902,5.887,5.353,6.019,5.105,5.61,7.978,5.742,6.157,9.431,8.151,8.978,8.114,6.94,6.201,8.483,5.591,6.563,6.75,6.045,4.778,5.048,7.244,5.924,5.391,7.016,8.006,6.487,2.717,7.759,6.381,7.257,4.369,8.739,7.798,5.347,6.173,4.841,6.578,4.996,6.819,7.101,4.9,4.595,5.739,4.4,7.572,6.459,4.572,6.772,7.536,6.729,5.569,7.137,6.577,3.59,5.484,6.982,6.095,7.311,9.198,8.407,7.563,6.333,7.673,4.411,4.46,3.917,6.812,7.273,7.76,4.63,7.502,6.866,4.556,7.077,5.887,5.85,6.752,5.077,8.001,4.126,5.741,6.513,3.399,5.736,7.945,5.742,7.504,6.234,10.162,1.47,6.613,4.985,8.93,4.193,5.185,6.822,5.057,10.557,5.351,6.783,8.666,3.671,5.989,5.387,4.108,3.162,4.58,5.349,3.381,9.53,5.78,6.954,7.919,8.229,5.326,6.949,6.808,3.365,4.917,3.186,5.688,5.491,6.72,7.718,2.82,4.766,5.977,3.449,4.684,5.179,5.805,7.904,3.846,4.339,6.141,2.11,8.305,7.913,7.475,8.46,6.578,7.509,6.171,4.596,5.317,5.531,2.897,6.496,5.991,6.122,7.721,6.307,2.419,6.207,12.359,3.676,5.476,6.988,7.001,4.061,3.339,4.465,6.922,6.825,8.257,4.526,5.107,4.667,6.184,7.172,6.101,6.323,6.205,5.946,6.342,4.896,6.771,9.25,7.941
TRI-007,2.761,5.682,10.0,6.893,5.402,7.702,4.507,7.421,6.626,4.71,5.861,7.27,7.379,5.56,8.297,6.86,3.919,5.027,5.132,6.735,5.915,8.238,7.638,7.222,6.626,6.022,8.197,4.253,6.494,3.141,6.5,6.96,4.796,4.497,7.302,5.155,5.568,7.656,4.677,5.144,9.844,7.003,8.331,7.107,5.282,8.012,6.509,4.505,6.447,8.337,6.682,5.336,8.896,6.78,7.233,5.617,5.191,5.479,7.59,7.627,3.803,9.141,6.02,3.283,6.06,7.712,1.372,8.121,5.029,7.037,6.503,2.12,8.027,4.008,6.349,5.782,6.844,9.244,6.201,2.892,3.192,5.052,3.613,7.971,4.995,7.156,4.972,6.477,3.376,5.894,7.484,4.169,8.706,6.32,8.69,6.197,5.069,5.669,5.258,6.261,6.302,8.782,5.631,7.823,5.698,3.343,3.798,7.166,4.783,7.325,4.874,6.518,4.135,6.511,5.707,4.9,5.733,0.847,7.638,6.069,8.171,7.973,5.871,7.361,5.942,4.668,8.461,8.751,7.154,6.858,9.553,4.604,6.43,3.378,7.728,4.966,5.424,3.51,4.095,5.805,6.873,6.513,7.431,7.755,5.196,6.395,6.553,4.08,5.88,7.642,6.321,5.523,7.063,3.761,7.329,7.65,6.646,5.838,8.693,4.468,7.432,7.083,3.516,3.5,6.533,6.379,4.755,9.851,6.997,7.271,7.599,6.594,6.822,2.572,7.138,5.39,6.838,5.423,6.052,8.562,5.776,8.097,1.997,4.773,5.647,6.458,6.899,3.247,5.98,4.572,9.035,4.37,5.209,6.416,6.706,6.083,6.441,4.733,5.988,4.335,6.388,7.114,5.659,6.977,4.43,7.262,4.736,8.591,4.87,5.888,4.932,6.836,4.765,5.948,4.656,7.295,5.188,8.911,8.88,6.779,5.795,6.515,6.767,3.483,8.788,6.193,6.096,8.366,2.854,7.704,7.48,4.787,8.936,6.593,7.246,7.323,5.126,6.996,6.624,7.005,8.001,3.176,3.253,7.948,5.69,6.434,4.762,6.622,4.434,8.078,6.964,7.87,2.643,5.798,2.611,5.32,4.202,3.394,6.798,6.774,5.656,4.402,3.641,6.172,5.051,6.839,8.316,4.988,5.264,7.236,6.322,4.699,3.692,5.365,7.714,6.7,3.787,7.371,6.614,3.385,7.439,5.442,4.178,8.811,5.868,2.878,8.377,6.553,4.73,4.917,3.895,4.575,7.354,7.369,3.136,5.201,7.737,3.85,6.609,7.456
TRI-008,0.774,5.615,4.039,5.931,6.375,4.52,7.149,2.937,3.556,5.673,5.602,5.61,6.634,6.915,6.311,6.684,8.819,6.362,6.207,5.15,4.887,1.967,9.266,6.889,6.751,4.917,7.887,7.97,6.614,5.556,4.91,6.809,4.996,4.946,6.698,1.604,5.893,6.366,7.253,6.848,6.818,6.111,5.872,6.314,9.238,5.479,6.186,7.776,3.299,5.816,6.298,8.057,5.254,7.21,4.313,9.047,7.622,5.819,5.314,6.727,6.811,5.024,8.297,6.628,6.937,5.905,7.42,4.214,4.435,8.135,5.762,7.064,10.449,1.936,7.268,5.347,7.186,6.328,5.999,6.838,5.411,6.114,6.886,8.257,8.557,3.725,4.505,5.394,8.311,5.478,4.487,6.61,6.004,3.333,6.993,3.383,5.538,9.225,6.691,8.0,3.461,8.632,8.176,7.978,5.752,5.932,6.247,6.774,5.046,5.276,5.587,8.348,5.034,6.601,6.021,7.114,5.291,3.436,6.793,2.122,7.532,6.968,5.47,8.467,5.899,6.678,8.454,5.833,3.077,6.718,4.069,2.147,5.237,7.514,5.457,6.862,5.164,3.08,9.122,5.351,4.05,4.951,3.678,5.237,6.478,8.212,5.94,3.805,6.693,4.127,6.533,4.052,7.226,6.864,6.173,5.251,4.409,3.776,3.539,4.562,5.855,4.282,4.966,5.394,5.818,9.363,3.661,7.805,4.454,9.072,5.427,5.56,5.653,6.546,7.294,7.838,2.307,5.59,4.9,4.133,8.289,8.884,4.502,8.677,4.66,6.735,4.332,2.532,8.43,5.708,5.568,7.012,5.355,3.682,5.214,5.391,6.006,7.569,8.043,4.665,6.596,7.834,5.881,6.242,3.681,6.303,4.503,8.371,6.205,6.334,5.85,7.125,8.534,5.643,8.843,8.494,6.855,3.987,6.031,7.664,4.168,4.725,7.456,9.137,7.335,6.173,4.853,4.178,7.298,5.451,4.61,6.147,5.872,5.815,5.528,3.628,4.552,6.074,5.236,5.579,4.992,4.645,3.392,6.463,5.306,7.835,6.589,7.235,5.153,6.145,8.06,6.672,5.324,7.228,6.781,6.39,6.638,5.252,4.707,6.77,5.911,5.267,7.107,6.118,8.872,7.344,5.795,6.991,4.227,5.142,5.219,4.687,3.761,7.018,3.931,6.803,5.154,6.117,6.192,7.747,5.154,5.245,4.631,6.402,6.023,8.258,9.124,7.417,6.902,4.22,5.836,7.554,3.352,7.093,6.426,4.914,9.624,4.443,6.544,9.101
TRI-009,7.03,5.723,4.107,3.605,7.532,8.027,2.839,7.769,7.735,9.376,6.558,5.421,4.735,4.647,4.978,7.019,9.9,4.177,6.943,7.658,4.552,4.49,6.356,10.395,2.41,9.488,3.914,5.584,8.805,5.675,7.419,6.279,6.223,6.07,4.587,5.701,6.397,4.681,7.006,5.712,9.567,6.191,6.866,5.956,5.682,6.378,8.025,4.567,7.922,6.161,5.349,7.159,4.28,4.566,6.505,5.854,7.19,3.718,7.405,7.275,5.461,7.675,8.112,5.572,4.146,9.01,6.631,5.449,5.451,3.618,8.577,10.587,9.675,3.644,6.676,6.019,4.373,4.526,6.33,6.853,6.099,3.816,6.29,5.869,4.484,6.842,4.939,3.955,4.813,7.423,6.49,6.361,4.136,5.926,6.525,8.339,5.289,7.803,7.755,6.972,7.442,9.106,8.695,5.161,8.398,5.966,6.24,3.489,7.028,6.932,5.768,5.265,7.091,5.727,8.211,4.13,3.894,4.847,8.685,6.125,6.079,5.396,8.394,7.2,4.262,6.388,6.954,6.765,7.257,7.711,7.08,7.749,6.356,6.605,6.755,6.721,7.683,5.553,7.045,5.022,5.746,7.335,4.793,3.037,5.821,4.61,3.626,5.551,7.818,3.989,7.625,6.343,6.358,7.973,7.764,4.554,8.863,7.9,5.182,1.956,3.642,8.635,0.963,6.618,6.202,6.305,5.254,5.013,7.287,5.518,3.108,7.555,6.014,6.452,6.693,7.413,5.715,5.771,8.009,6.203,9.662,6.62,6.664,5.468,6.585,6.37,4.371,6.156,4.905,5.211,7.861,7.483,8.389,6.668,5.599,3.528,4.98,4.874,6.567,5.932,6.847,7.275,4.879,4.085,5.847,5.776,4.853,5.229,6.066,2.854,6.013,6.983,8.074,3.648,7.054,4.493,4.761,6.523,5.71,8.177,4.621,6.055,4.487,2.346,4.416,5.003,6.012,4.868,4.155,4.517,6.932,1.171,6.341,8.189,7.965,6.564,7.601,5.19,6.468,3.551,5.786,6.906,7.523,5.094,4.729,5.453,4.993,7.809,5.928,4.617,5.41,5.823,6.556,6.638,4.653,3.017,9.346,7.391,8.449,6.745,5.947,9.992,5.004,3.538,4.905,5.269,6.962,7.386,8.309,5.825,5.852,6.498,6.135,9.02,7.801,4.455,6.55,2.858,6.213,5.738,6.984,4.861,5.901,5.171,4.199,7.879,5.956,4.646,6.236,6.952,5.581,3.472,5.637,4.773,7.218,6.561,7.932,2.367,6.608,8.046
TRI-010,7.768,4.712,2.288,7.507,4.472,9.83,6.05,3.079,6.112,5.261,6.949,5.553,4.983,4.12,5.079,6.103,8.383,6.923,8.15,7.628,6.62,6.112,5.083,3.986,5.167,7.93,6.283,7.94,7.402,5.613,5.933,5.61,4.373,3.929,5.523,7.88,6.05,6.452,6.328,5.527,9.366,6.065,4.438,4.5,2.84,7.143,6.368,6.495,10.759,6.522,3.235,6.437,4.771,7.005,7.97,6.717,2.543,8.024,7.805,7.202,9.705,5.668,5.939,5.603,2.495,7.486,7.601,5.949,8.089,3.637,6.86,7.271,10.169,5.813,5.239,6.444,6.311,6.287,2.541,6.404,5.483,4.819,5.808,7.699,6.476,4.095,2.555,9.668,5.352,2.826,6.042,3.224,5.389,7.373,5.365,8.259,2.884,6.034,7.172,5.034,4.958,7.678,5.65,3.32,3.932,3.072,3.134,4.75,11.07,7.849,6.047,3.715,3.285,4.429,5.929,5.828,5.76,5.023,5.968,3.759,4.989,6.341,7.048,9.855,5.755,10.211,5.218,7.122,5.197,7.035,6.811,8.453,5.909,5.906,5.986,6.55,7.245,6.584,5.993,6.989,5.829,6.271,4.872,2.7,6.985,7.318,7.676,5.456,3.881,5.935,7.261,2.204,5.023,8.284,8.089,7.947,7.305,8.456,3.777,3.882,6.698,11.437,6.581,7.421,6.723,6.07,3.164,4.591,6.984,6.061,5.87,7.772,3.935,5.32,7.926,6.159,6.146,7.49,5.348,6.653,6.454,4.972,4.725,6.691,7.724,5.235,4.866,3.22,6.492,4.832,6.348,4.48,7.303,4.554,5.148,4.217,4.575,2.639,3.632,2.379,7.258,6.293,5.614,5.404,8.257,7.966,8.036,6.356,4.315,4.678,7.211,6.389,5.391,6.969,4.359,8.456,3.344,4.487,10.547,3.849,6.099,6.041,5.455,5.266,5.652,7.551,3.201,7.401,4.674,7.509,5.751,8.057,3.497,5.778,4.326,5.467,7.455,7.316,7.837,7.426,2.475,5.384,3.758,6.413,8.0,4.917,5.656,0,7.127,5.067,5.806,7.068,7.569,7.981,6.871,5.203,5.98,6.565,5.918,6.539,5.835,6.394,5.077,5.214,7.786,5.1,8.255,5.399,10.143,6.923,5.15,9.525,6.384,6.331,6.445,5.939,3.415,4.151,8.062,8.259,4.805,5.376,7.796,6.325,8.879,6.851,3.73,7.382,6.372,6.955,4.537,5.0,5.919,5.209,5.619,4.485,5.168,5.259,6.878,6.472
TRI-011,3.26,7.511,5.123,3.936,4.526,7.118,4.203,6.945,6.229,3.528,5.754,6.321,3.898,3.896,6.124,8.747,8.246,6.585,5.467,8.084,7.529,2.485,5.779,6.094,6.729,7.252,9.525,6.089,4.378,8.817,6.084,5.564,6.283,4.191,8.925,4.752,5.438,5.442,4.483,4.08,5.775,3.424,6.443,8.575,5.551,5.541,6.202,5.543,6.141,7.266,7.579,4.267,4.606,4.691,5.558,7.919,5.834,8.155,6.474,7.191,5.533,3.33,2.865,8.388,5.99,4.673,5.964,3.924,4.733,6.483,5.51,8.835,6.78,4.57,8.05,4.207,5.333,5.69,6.131,4.706,4.704,3.736,6.369,6.305,4.332,4.672,6.673,6.665,4.9,5.752,7.554,6.865,3.97,5.586,8.265,3.974,6.249,7.143,7.358,6.822,5.747,5.767,4.684,1.757,6.24,7.977,6.339,7.924,4.425,5.488,7.239,6.571,3.882,5.089,3.601,4.166,7.171,6.691,5.557,5.607,3.84,5.783,5.21,3.685,2.829,5.048,6.103,3.627,6.791,6.223,5.708,7.212,4.323,6.99,7.665,4.745,5.315,5.034,1.72,7.936,4.68,7.133,3.467,5.753,6.288,4.523,5.485,5.281,5.913,6.026,6.694,4.907,5.213,5.62,5.252,9.823,6.359,6.715,7.583,5.93,5.96,4.459,5.888,5.17,6.3,7.474,5.46,5.825,4.576,5.684,4.726,8.168,5.653,1.635,7.762,9.614,5.806,7.927,5.204,9.193,4.528,9.905,8.25,6.202,7.347,5.443,6.742,5.05,4.778,5.325,5.493,5.805,6.745,9.454,5.982,4.649,3.085,5.557,5.492,7.296,7.616,5.784,6.289,2.475,5.914,7.042,7.444,5.594,9.248,8.689,5.651,6.378,5.085,6.173,6.028,8.907,2.993,5.738,6.358,4.83,6.251,2.696,6.15,6.926,4.398,5.879,7.903,9.152,6.247,5.29,5.754,2.534,6.867,6.08,4.684,4.706,4.91,4.332,4.966,2.487,4.933,5.372,7.923,7.726,8.681,7.054,8.266,5.493,4.963,4.453,6.834,8.576,3.919,5.66,4.562,2.269,5.432,4.37,5.622,5.125,5.588,2.951,7.527,4.373,9.403,2.945,4.458,8.809,3.824,8.732,3.776,3.825,6.818,7.221,3.992,9.182,2.079,4.69,7.809,5.6,5.302,6.569,5.249,5.994,5.806,5.563,5.383,6.119,5.66,7.63,2.281,6.899,6.719,7.546,9.419,5.433,7.989,5.27,9.576,8.41
TRI-012,5.716,8.194,7.553,5.558,4.901,5.014,3.961,5.662,1.939,6.248,8.524,6.665,4.825,5.331,4.432,5.848,6.464,7.212,6.717,6.427,7.624,6.649,8.864,4.964,5.727,7.146,5.459,7.741,6.46,5.951,5.341,3.853,2.742,6.521,7.587,7.449,5.764,6.064,5.19,2.604,7.802,,8.701,7.003,7.14,7.112,5.962,7.167,1.953,6.613,9.334,6.706,8.437,6.728,6.097,10.567,6.565,6.223,3.469,8.239,4.264,6.886,5.407,4.313,5.318,2.164,6.789,8.513,5.845,6.349,6.835,1.567,5.269,4.335,6.453,6.406,5.526,7.257,5.329,7.186,9.811,3.76,4.998,2.151,6.376,6.844,4.653,6.48,6.488,7.776,4.106,5.965,6.302,7.165,5.25,6.037,9.267,4.228,6.975,6.465,7.715,6.48,5.776,6.574,4.516,5.156,5.714,7.451,6.935,2.93,4.216,7.688,5.163,8.714,6.556,5.58,6.769,5.034,5.382,5.129,7.775,7.168,5.45,5.971,6.42,6.935,4.641,7.821,6.969,8.479,7.505,5.667,1.747,5.53,0.564,6.613,4.012,7.031,3.287,8.706,7.716,3.439,7.882,5.388,6.234,6.52,3.988,6.628,9.597,6.752,10.266,4.509,4.508,6.964,4.291,7.841,6.837,4.267,5.436,3.575,5.427,5.343,4.153,8.671,7.677,3.214,5.76,4.925,6.825,6.03,1.952,6.849,6.542,4.218,5.618,7.34,4.99,7.256,7.115,2.57,4.248,4.674,4.946,6.044,2.746,9.252,4.638,4.759,5.141,6.76,3.636,9.612,6.731,4.74,4.889,5.729,6.878,8.051,5.239,7.299,2.419,6.632,4.734,4.994,8.315,7.158,7.658,5.547,8.588,9.112,8.833,3.161,4.72,6.353,6.957,2.899,5.898,7.683,5.923,3.807,6.593,4.528,6.307,6.693,3.555,6.093,5.981,3.644,3.609,6.307,8.732,5.168,6.231,7.078,2.986,5.312,3.35,4.424,7.849,5.649,9.242,6.003,5.814,5.654,7.348,7.101,7.502,6.403,6.097,2.388,7.546,6.176,5.92,6.936,6.691,5.118,7.339,7.104,1.437,3.986,4.54,9.241,4.15,5.404,6.917,7.913,4.693,6.582,3.488,5.576,5.404,2.453,6.587,4.005,6.455,6.937,4.008,6.573,5.846,7.948,5.124,8.084,8.37,2.059,6.321,5.341,7.241,5.534,6.047,5.706,2.923,8.591,7.202,2.129,6.928,5.846,2.91,5.17,3.828,6.667
TRI-013,4.974,5.174,2.852,4.199,7.721,5.905,7.271,6.038,6.316,6.678,6.801,5.766,6.887,3.006,4.505,6.903,3.247,5.557,6.558,2.673,4.478,5.518,6.363,5.778,4.999,4.293,7.036,6.008,6.392,4.179,6.588,7.544,5.681,7.912,3.97,7.732,4.169,4.122,3.94,2.933,3.243,7.483,5.109,7.375,6.229,5.823,7.81,5.942,8.016,3.183,8.728,6.858,7.324,9.953,4.289,9.387,7.743,5.377,9.135,8.074,6.578,6.275,5.362,6.562,9.232,5.689,4.577,8.851,4.206,6.62,3.501,6.369,7.509,8.078,6.21,6.784,6.319,5.938,8.397,4.916,6.548,6.585,2.733,5.456,3.685,6.49,8.215,7.305,6.657,4.596,2.783,6.628,3.903,7.75,4.275,3.508,4.805,7.054,7.96,6.361,9.32,6.106,8.784,7.239,3.802,3.123,5.934,7.422,5.062,4.835,7.133,6.185,6.745,7.886,9.919,6.549,2.967,5.811,5.537,5.84,6.447,5.384,4.185,7.937,3.863,8.631,5.125,6.522,5.75,5.841,7.176,3.883,8.391,6.87,8.441,6.299,8.521,4.676,6.438,6.511,6.462,6.758,6.886,8.172,3.498,4.731,4.965,3.636,6.388,5.221,5.223,7.311,3.636,3.792,7.401,7.518,5.857,5.859,4.031,7.949,7.165,4.504,4.956,4.513,5.686,8.286,5.214,4.104,8.343,4.597,3.728,6.176,5.877,5.821,5.799,6.459,7.66,9.288,7.623,6.941,4.398,7.587,8.983,3.811,7.203,7.027,4.159,3.734,6.429,1.761,7.29,6.387,10.441,4.876,4.911,6.626,7.799,6.661,4.579,7.279,4.338,4.735,6.097,4.905,4.667,10.582,6.011,5.165,8.61,5.007,4.581,6.859,6.155,7.541,4.139,7.728,4.181,6.474,7.126,6.091,5.019,5.77,4.824,6.21,7.618,7.765,4.183,3.993,4.901,5.348,5.574,7.499,3.681,5.705,5.505,5.82,8.758,9.412,5.795,6.678,7.197,5.176,6.428,9.042,4.641,0.432,2.704,6.631,7.751,4.572,6.277,4.191,5.423,7.519,4.106,7.71,7.816,6.768,4.194,2.429,5.993,6.172,2.947,3.765,7.064,6.82,4.846,6.618,2.858,5.144,7.811,6.895,6.591,3.89,3.852,7.146,7.325,6.401,6.497,3.2,5.347,4.927,6.082,2.714,7.015,7.143,3.249,7.073,8.546,6.647,5.814,6.61,8.105,7.118,4.658,4.077,7.33,4.509,6.511,3.879
TRI-014,5.541,5.387,6.719,5.281,4.657,4.796,5.999,3.626,6.011,6.631,4.488,6.625,6.501,8.108,6.718,5.066,5.136,5.934,7.842,7.144,4.675,6.37,5.316,5.951,5.504,5.339,5.842,4.904,7.332,3.857,4.505,5.219,5.853,8.768,5.734,6.562,6.447,5.486,6.343,7.133,6.957,4.563,6.919,5.801,5.897,8.888,1.985,6.305,4.049,5.264,7.152,8.303,7.419,7.247,3.902,6.34,6.479,4.703,9.016,5.69,5.995,6.02,4.297,5.529,4.95,5.081,6.16,4.95,4.297,5.541,7.288,2.71,6.388,3.441,7.688,5.048,4.529,4.641,7.341,5.584,5.93,4.836,6.33,7.541,5.53,5.893,7.657,6.112,6.959,5.76,7.405,7.338,7.214,2.984,7.115,6.003,8.882,4.985,6.125,8.516,6.023,6.104,8.009,4.339,5.109,6.029,5.737,7.916,5.979,6.425,6.772,5.149,6.985,7.395,7.134,7.919,7.754,7.38,9.267,6.09,4.52,3.849,7.127,3.042,4.197,2.999,6.119,3.695,6.996,11.179,4.637,5.506,7.061,9.695,6.653,2.961,5.373,5.4,4.291,5.055,5.486,5.396,5.939,5.644,7.326,7.42,2.568,3.905,4.943,3.255,6.06,6.696,4.909,2.318,7.747,4.178,3.745,3.493,3.875,10.038,10.703,5.704,7.183,6.132,6.621,8.291,6.833,7.4,5.864,0.714,5.642,5.532,8.154,6.793,6.853,6.553,5.26,6.186,4.675,4.402,8.75,7.149,4.751,2.76,3.721,1.716,8.858,3.642,2.831,7.783,7.054,7.878,7.152,7.18,6.77,4.663,11.452,9.43,6.599,4.959,7.143,4.539,4.361,3.093,7.104,4.092,5.38,5.227,4.762,8.662,7.565,8.14,5.599,5.552,6.785,6.772,4.688,3.877,4.472,4.304,5.733,5.284,7.044,7.012,6.56,3.143,4.091,3.654,6.606,4.783,7.056,7.265,5.552,4.998,4.639,7.139,2.981,8.081,8.597,8.356,4.273,5.789,4.902,6.171,4.775,4.346,5.509,7.861,7.11,3.812,6.347,7.771,5.756,3.62,4.654,6.504,2.446,7.419,8.919,6.488,7.286,7.236,7.169,6.103,8.49,5.107,5.392,4.635,5.139,4.386,6.234,5.434,4.811,3.702,4.259,3.693,7.147,5.167,6.351,6.026,7.322,6.821,4.987,5.238,2.182,5.497,9.288,3.658,7.249,5.404,6.08,2.909,4.953,7.656,7.378,4.967,8.178,9.309,3.74,5.539
TRI-015,7.608,5.323,7.194,5.49,5.384,4.474,7.878,7.235,6.117,4.444,5.679,8.136,5.54,6.894,8.694,5.246,7.375,4.518,4.521,3.84,7.452,7.974,6.42,5.753,6.508,7.588,8.402,3.208,5.325,8.865,6.08,7.723,4.819,6.351,5.33,6.835,5.032,8.109,7.685,8.041,4.127,7.236,8.108,3.767,6.044,6.538,7.376,4.1,4.182,5.501,8.317,4.699,7.578,5.886,8.177,5.779,5.967,3.948,5.19,4.42,4.573,4.291,9.485,6.434,6.12,4.02,3.631,6.968,5.852,4.374,7.58,6.221,6.902,5.374,5.002,8.344,8.085,6.796,4.928,3.548,1.769,7.383,5.704,8.023,4.924,6.62,2.538,5.307,6.284,7.393,6.485,6.703,5.806,2.892,3.24,5.684,5.025,7.533,2.126,3.903,5.216,5.374,6.563,4.617,6.99,4.819,6.419,4.938,6.933,6.346,4.973,8.004,4.197,7.24,3.617,7.428,6.871,7.583,6.114,6.722,7.131,5.938,5.27,3.902,6.358,6.229,6.682,8.19,5.255,4.029,4.912,4.857,7.788,6.934,3.649,3.54,6.247,7.412,2.182,3.846,6.238,5.292,4.462,4.923,7.191,5.017,8.207,1.847,5.575,2.756,6.39,5.329,7.725,6.739,4.829,5.693,5.283,4.613,3.45,8.525,6.955,4.396,6.993,5.371,5.74,5.458,3.96,5.282,5.636,8.596,3.865,6.934,6.543,3.859,5.804,6.217,7.668,5.722,6.298,7.767,7.507,4.08,6.71,7.052,8.432,2.774,5.069,7.374,9.062,7.611,7.833,3.795,6.996,7.022,8.679,8.801,5.732,4.666,9.959,5.229,4.11,2.643,6.543,5.869,4.108,5.253,6.452,2.01,6.627,5.327,6.647,7.195,5.676,3.703,5.014,5.409,5.435,5.091,5.376,8.104,5.113,3.167,5.858,5.53,6.758,6.485,7.309,9.305,8.569,3.85,6.005,5.831,9.641,4.711,5.081,4.891,4.195,6.993,7.613,5.665,5.851,3.987,4.12,2.245,3.257,2.998,5.6,6.796,4.069,3.752,5.914,3.201,5.846,6.695,7.006,5.38,6.709,7.337,4.187,1.448,6.611,3.826,4.699,5.891,6.748,7.07,6.452,6.019,4.576,4.367,8.304,4.551,6.232,3.506,7.458,3.525,6.192,5.259,4.555,6.508,6.012,6.503,5.864,2.363,4.69,6.327,3.913,8.459,6.715,7.16,7.474,4.355,6.138,3.937,6.683,5.98,6.195,5.62,6.234,6.15
TRI-016,5.742,5.401,8.708,4.392,11.974,6.537,2.211,5.121,6.255,5.22,6.427,6.316,5.68,6.074,7.199,2.763,4.678,6.423,5.219,8.636,6.178,7.449,6.257,6.2,3.003,5.9,3.848,7.046,3.646,8.012,3.764,5.077,3.561,2.153,7.917,3.076,3.297,6.864,3.33,6.823,6.607,5.586,8.677,5.292,3.275,5.831,8.379,1.411,6.838,6.974,4.594,7.883,7.163,3.307,5.371,7.527,6.43,6.318,4.762,6.745,5.012,8.353,6.324,5.314,5.375,7.264,5.923,5.456,4.517,9.244,9.034,3.94,4.898,7.574,5.118,5.031,6.888,4.8,8.961,5.616,7.913,4.828,6.232,5.879,6.683,6.379,5.869,9.961,6.874,6.707,7.511,5.841,8.5,8.57,6.445,7.394,8.998,6.836,7.893,7.912,2.637,7.228,4.417,6.565,5.069,8.83,7.103,5.849,6.966,1.776,7.65,7.204,5.353,5.145,8.48,7.775,5.825,10.045,6.187,6.028,4.874,3.506,5.312,4.844,6.282,6.342,6.963,8.025,6.197,4.199,7.281,4.885,5.188,6.61,7.577,6.561,6.665,7.599,4.309,3.055,5.952,5.1,4.827,8.591,5.159,5.814,6.816,6.575,8.824,3.899,5.563,3.687,6.217,3.706,7.673,6.589,4.791,5.023,8.425,7.58,4.128,5.181,5.4,6.058,8.028,5.528,5.545,4.815,7.051,7.016,3.591,7.109,3.768,5.447,6.614,7.683,5.699,8.472,6.505,2.711,6.049,5.018,7.019,6.441,6.236,4.615,6.84,5.751,3.106,4.769,7.166,4.814,4.703,5.972,8.346,6.242,7.817,8.445,4.64,5.794,3.21,5.755,8.152,3.161,3.427,4.456,4.883,4.839,7.271,2.582,6.674,6.881,5.007,5.658,8.154,6.777,8.201,4.707,9.042,4.908,4.578,6.163,7.171,6.704,2.444,4.274,7.296,7.048,5.414,8.688,4.248,7.016,5.216,6.371,6.517,2.128,4.763,1.365,8.687,5.353,9.752,5.857,6.243,7.402,5.445,7.804,7.805,5.532,3.921,7.266,5.52,7.328,3.324,3.378,7.888,5.795,5.141,4.461,6.549,8.958,4.224,6.217,4.122,8.061,5.613,4.419,5.556,5.858,8.97,5.873,8.884,5.522,3.987,10.305,8.528,3.034,7.247,7.011,9.953,6.645,5.931,5.072,8.488,4.414,6.14,7.347,6.87,5.935,7.339,7.037,3.767,6.728,4.062,5.759,7.996,5.775,5.669,6.434,7.354,4.848
TRI-017,6.844,8.008,6.465,9.258,5.97,5.869,6.904,5.502,8.518,8.481,5.915,7.11,3.042,5.265,3.68,5.099,7.382,4.656,6.821,4.194,5.846,6.957,5.576,8.475,9.085,4.697,4.499,4.587,3.549,6.433,8.417,6.74,5.715,6.963,5.679,8.257,5.602,6.132,4.88,8.19,7.652,7.291,5.868,7.527,8.856,6.293,7.041,5.971,7.841,7.407,6.278,6.46,5.745,8.811,9.374,4.864,5.321,6.134,4.315,7.276,5.216,7.075,0.244,6.532,5.586,7.217,4.159,7.211,6.445,6.695,4.704,5.877,7.788,4.884,6.219,3.207,7.49,6.266,7.524,9.35,3.486,4.177,3.496,7.689,6.81,6.18,6.131,2.902,8.185,6.563,2.743,4.303,3.599,7.637,4.564,3.935,7.319,5.313,8.075,10.104,4.869,5.359,5.6,4.927,6.922,9.98,2.523,6.911,7.592,5.162,7.528,5.047,5.393,7.824,6.356,6.216,5.912,8.4,4.804,8.332,6.065,7.42,7.807,6.738,3.324,6.045,4.573,4.672,7.161,7.49,6.601,7.511,5.26,10.052,6.587,6.575,4.723,4.425,2.532,7.24,5.391,6.073,7.671,11.372,5.986,6.062,7.234,6.347,6.718,4.365,5.441,4.637,4.538,4.993,4.133,7.487,5.07,8.242,6.47,4.548,6.598,4.024,6.257,0.634,7.025,5.818,4.501,4.493,7.864,5.667,6.34,9.379,6.213,7.158,4.157,3.165,6.112,6.826,8.152,6.671,4.363,8.026,7.455,7.83,5.963,6.165,7.489,6.268,4.1,3.381,6.593,2.653,8.943,7.412,7.85,4.641,5.993,6.323,7.567,6.512,7.217,6.668,5.004,4.269,7.163,7.451,6.472,1.811,4.681,6.176,7.53,6.874,7.051,4.255,6.842,4.044,5.92,8.849,6.411,6.997,6.619,4.22,7.545,4.038,9.375,5.343,8.704,6.328,1.415,5.689,3.92,5.231,6.082,6.202,8.783,4.224,6.733,6.413,6.411,2.24,7.036,5.769,7.165,4.753,7.067,4.388,9.154,4.541,5.002,7.819,4.537,9.091,6.623,3.893,6.514,3.608,8.679,6.437,5.159,6.644,5.413,6.715,2.808,7.576,3.641,7.109,4.216,0.914,2.848,3.101,5.647,6.255,5.107,5.113,5.754,4.947,3.775,5.659,10.164,5.116,6.538,6.509,8.856,4.497,6.559,3.947,5.27,6.743,7.784,4.262,6.648,4.109,8.224,5.601,6.185,6.357,4.768,6.597,6.601,6.988
TRI-018,0.766,8.398,4.249,7.251,8.034,6.895,5.667,8.945,6.053,7.142,4.833,7.964,4.8,4.879,5.771,5.306,6.811,5.081,4.318,4.783,6.127,7.434,7.128,6.757,5.253,8.827,3.377,7.527,4.827,4.122,3.797,3.153,6.894,6.788,5.624,5.783,4.742,7.825,7.738,7.417,4.016,5.895,5.344,7.11,7.274,3.39,8.986,5.598,6.027,7.157,5.222,3.49,6.422,6.172,4.957,4.903,6.217,3.52,8.437,6.064,7.94,4.712,8.906,7.295,5.222,5.359,3.066,5.913,6.016,5.492,5.28,8.348,5.927,4.577,6.896,4.9,3.587,8.99,4.643,7.785,4.871,4.747,7.738,6.017,5.459,7.14,4.45,7.363,7.509,5.425,7.185,5.186,3.653,5.406,4.545,7.906,5.023,7.852,6.591,4.801,5.872,3.454,7.13,3.739,7.49,9.041,8.32,6.509,7.16,4.458,6.909,5.793,6.605,3.895,6.058,4.757,5.01,4.31,7.648,5.185,1.831,7.225,5.336,5.327,5.854,7.666,4.036,5.501,5.384,6.53,5.292,6.833,5.665,5.647,9.475,6.53,7.411,5.155,9.162,3.571,6.416,3.241,5.872,2.928,4.609,4.949,7.724,3.381,7.674,5.268,3.991,7.919,5.849,4.187,7.348,6.855,9.588,9.814,7.571,7.246,4.716,6.537,2.587,9.579,9.38,7.068,6.166,7.923,2.063,4.702,4.64,5.964,6.289,4.433,3.368,6.895,7.494,6.662,4.306,8.091,5.081,4.39,5.523,5.225,6.427,4.599,6.652,3.93,4.956,5.148,6.135,5.417,8.683,7.514,5.204,3.156,6.791,5.144,5.326,3.365,6.213,5.963,6.906,7.692,5.225,5.747,8.947,4.069,7.141,5.18,7.786,7.845,7.543,2.645,5.414,9.006,4.721,8.762,7.792,6.544,8.211,11.539,3.932,3.735,8.729,8.262,5.434,4.672,5.688,7.626,4.295,7.288,8.771,5.783,6.436,4.495,4.895,6.575,7.94,7.165,2.036,6.26,7.288,8.135,6.347,6.928,3.476,1.203,8.403,4.401,3.558,6.02,4.084,5.794,4.711,5.741,7.191,5.401,6.176,6.807,7.398,5.182,3.35,8.573,8.235,4.676,8.203,7.962,4.834,6.86,6.505,4.113,5.247,3.776,5.715,7.343,6.189,4.421,7.609,5.237,6.19,7.859,8.22,5.867,8.184,3.183,6.201,7.814,7.117,7.384,8.837,5.309,5.744,8.099,6.14,6.092,4.92,5.041,5.463,4.439
TRI-019,5.823,6.013,4.732,5.889,5.271,6.653,6.898,7.0,9.675,5.531,8.06,3.304,7.649,6.846,6.489,5.638,3.573,5.937,7.588,7.074,6.792,6.453,6.835,3.465,6.518,7.674,8.234,6.092,4.777,6.057,5.573,9.091,4.725,5.097,5.768,3.86,8.071,6.741,4.781,4.886,7.035,7.534,6.54,6.387,1.114,3.737,3.046,8.806,7.408,8.195,7.025,4.04,6.092,5.05,7.436,3.322,6.588,5.53,6.163,5.803,4.926,5.733,1.956,7.418,4.049,8.599,5.771,4.601,7.531,4.696,5.277,6.422,6.265,3.259,5.169,3.878,10.542,5.961,5.893,5.093,2.985,6.33,5.997,4.716,5.756,3.828,5.526,4.089,5.508,6.597,4.095,3.227,7.037,6.08,4.14,6.037,4.816,8.165,5.018,5.754,7.621,3.848,7.371,3.604,7.813,8.281,7.158,4.84,5.326,4.936,5.133,4.233,4.741,8.364,4.9,3.525,7.458,5.504,3.92,4.055,3.379,4.695,9.537,6.165,7.19,7.674,4.024,7.447,9.263,5.902,4.302,4.804,6.887,9.287,5.945,6.639,6.046,2.738,6.918,7.126,7.645,5.4,7.725,6.678,2.88,4.33,8.938,3.789,5.184,6.963,5.566,8.052,5.474,6.037,7.439,8.211,7.393,4.054,4.698,7.232,6.098,3.36,5.917,4.805,5.988,6.779,8.413,3.963,5.724,3.755,4.697,6.538,7.144,5.989,8.0,8.329,8.868,5.337,4.214,7.787,6.401,6.592,5.26,8.686,7.383,4.509,6.895,1.019,8.04,10.655,1.868,4.144,4.594,6.794,6.379,7.393,7.382,8.959,7.445,5.362,8.694,6.912,7.285,3.426,6.71,6.499,5.919,5.868,1.405,6.508,8.876,6.407,6.208,7.025,5.902,5.336,4.794,8.145,5.607,7.34,6.67,4.439,7.454,7.189,5.603,6.939,2.207,7.261,4.158,5.501,5.468,8.424,3.904,7.027,4.642,8.352,3.458,6.572,1.663,9.253,4.533,6.888,7.946,6.373,4.198,4.982,6.111,8.472,2.529,4.73,4.831,6.327,5.859,7.349,3.835,8.879,6.585,5.921,6.338,5.349,6.039,8.154,6.147,4.514,4.728,6.958,6.243,6.781,4.318,7.536,2.799,5.938,9.941,6.766,5.223,7.527,8.342,6.563,7.513,4.073,3.931,3.974,7.495,3.62,5.17,6.821,4.694,4.662,4.892,8.21,4.613,5.019,8.238,6.799,7.231,2.007,6.148,4.122,2.681,4.053
TRI-020,2.051,6.318,4.811,7.078,4.178,4.946,7.563,6.265,6.837,4.807,6.715,5.979,5.576,6.547,7.395,5.649,7.216,9.016,6.146,7.452,7.324,7.756,6.469,6.734,1.578,6.95,4.7,5.847,6.606,10.274,7.512,4.766,3.773,6.925,6.241,3.924,5.643,3.222,6.228,10.47,5.511,4.787,8.457,4.035,5.271,6.079,4.658,5.498,5.528,3.282,8.453,5.525,7.934,5.462,3.129,5.012,7.184,3.899,5.682,5.622,8.546,6.392,4.995,4.298,9.395,5.003,4.305,7.126,4.362,5.055,10.983,5.777,7.061,5.661,7.846,5.604,7.005,3.059,4.291,7.682,5.596,7.644,5.362,12.08,3.822,4.782,5.039,6.775,7.057,12.078,8.705,6.013,7.286,9.157,9.771,4.501,2.958,6.27,4.744,4.821,8.216,4.902,7.557,2.581,6.881,7.052,0.281,6.552,7.357,7.208,5.396,6.046,6.118,8.373,3.145,6.284,7.478,5.639,7.424,6.589,9.238,4.455,8.502,6.271,5.615,4.594,9.852,8.522,5.607,3.847,4.904,6.969,5.67,2.469,5.559,3.401,5.546,8.175,6.494,6.479,6.253,8.089,6.768,9.165,4.82,6.047,2.634,6.796,4.127,6.376,4.122,5.284,6.446,8.367,5.833,8.63,4.276,3.518,8.456,6.014,4.567,5.755,5.713,10.278,7.059,6.914,9.636,7.757,3.757,6.589,4.895,5.179,6.97,6.513,7.518,6.748,5.795,3.514,5.099,6.966,5.815,3.579,5.189,7.602,4.564,4.546,6.216,9.913,8.07,4.975,4.824,2.274,5.378,5.027,3.858,2.118,7.32,6.064,9.563,3.915,4.133,9.072,3.86,4.385,6.088,7.718,3.166,5.786,4.724,4.542,6.51,6.164,5.458,5.052,2.757,7.379,6.252,3.949,6.25,6.485,5.125,4.287,6.423,6.595,8.466,6.725,5.884,6.757,5.221,6.582,5.853,7.622,6.241,5.266,6.502,6.23,4.132,6.198,4.428,9.342,7.631,8.671,5.283,5.543,5.039,6.54,7.158,9.199,4.05,7.649,5.193,6.687,5.873,5.157,6.007,5.103,4.77,7.921,7.451,5.331,3.217,5.254,5.131,9.945,4.572,5.762,5.864,5.774,3.569,6.208,9.3,5.152,6.959,6.204,5.895,0.677,3.106,5.222,4.952,6.984,4.59,3.075,9.203,6.482,5.8,3.686,6.266,6.062,9.013,6.543,6.335,4.664,7.821,6.129,6.848,4.81,6.433,6.383,3.24,6.667
TRI-021,8.555,4.334,6.556,4.922,7.744,5.282,4.046,6.454,6.192,4.102,5.899,6.059,3.847,7.315,5.232,8.458,3.643,7.026,7.921,7.8,6.352,4.754,6.286,5.125,3.936,4.997,6.241,3.69,3.735,3.937,3.457,6.778,8.816,6.309,6.803,6.294,5.54,5.074,7.809,6.72,5.106,8.024,2.858,6.469,5.815,5.976,4.405,7.312,8.658,5.498,5.06,10.653,9.093,3.225,4.21,6.763,6.354,3.435,5.344,6.43,6.155,6.484,5.353,3.905,5.981,5.882,6.06,7.455,6.382,6.53,2.495,2.456,6.296,3.955,5.343,5.029,4.194,8.276,8.981,4.755,3.502,8.694,3.583,7.0,4.031,5.192,8.054,3.99,7.345,7.055,3.705,7.03,8.054,4.692,5.863,3.588,6.7,5.684,5.639,7.392,5.276,4.141,6.587,7.844,6.492,1.62,3.084,6.671,5.599,5.242,5.519,8.013,7.198,7.763,7.162,5.335,6.315,5.708,7.029,8.106,6.416,5.03,3.451,4.327,3.527,7.161,5.899,9.955,6.267,8.613,7.496,5.896,7.341,4.364,8.176,10.199,7.177,5.029,8.034,7.761,3.617,1.761,4.429,7.35,5.343,7.351,5.44,8.293,4.565,10.439,4.295,7.187,5.721,6.814,4.525,4.521,8.545,6.356,3.779,5.344,5.506,9.043,4.26,4.379,6.381,4.837,5.827,7.462,4.535,8.297,2.683,4.6,7.917,3.743,7.305,5.484,5.593,6.609,7.919,7.424,8.193,7.105,5.461,5.829,6.122,8.073,7.168,4.461,2.729,6.19,9.151,8.333,5.773,5.885,5.063,5.515,6.14,6.816,6.018,5.749,6.239,5.661,4.122,4.815,5.322,5.894,5.377,4.833,6.236,7.406,6.105,7.0,8.11,6.331,6.43,6.48,2.698,5.245,8.065,5.594,4.581,4.928,10.547,6.03,5.857,4.612,6.676,8.736,5.319,3.425,5.553,3.979,4.658,6.394,6.413,4.906,6.906,6.662,6.607,6.112,7.591,4.352,4.797,5.869,5.03,5.16,4.847,5.487,7.626,5.719,6.147,11.036,4.691,5.238,5.104,6.64,4.037,4.22,4.206,6.249,7.79,3.152,6.404,7.62,10.175,3.486,6.194,3.537,7.189,8.2,7.13,3.282,2.847,3.223,3.72,8.46,4.119,2.997,6.665,4.746,6.097,4.029,5.24,7.299,4.137,6.203,5.059,8.418,5.697,7.341,4.108,5.705,6.7,5.871,0.936,6.33,6.524,4.968,6.475,5.82
TRI-022,4.012,6.857,6.452,4.56,3.276,6.663,5.302,7.671,6.429,6.591,8.648,5.701,7.356,6.707,4.944,6.791,7.003,6.965,8.202,7.381,5.184,5.885,5.12,6.67,5.278,7.199,4.918,6.706,5.019,4.263,5.767,4.815,7.184,1.828,6.466,4.23,3.773,4.395,8.077,4.063,8.283,2.874,11.174,6.347,6.535,2.606,6.359,4.561,7.305,2.589,4.718,8.763,5.032,5.37,4.365,6.167,8.306,7.702,7.539,6.673,7.684,1.57,5.918,5.964,5.568,3.403,2.765,5.844,8.387,7.202,2.335,9.067,4.287,8.152,5.552,3.312,5.244,6.04,6.239,3.579,6.382,5.764,6.119,8.567,6.205,6.375,3.658,4.022,7.625,5.368,7.112,6.61,6.403,4.188,7.343,6.411,6.236,3.754,4.451,7.929,6.16,7.109,7.438,4.177,5.418,4.917,3.657,4.244,7.276,4.744,1.087,1.269,3.439,6.805,8.366,7.361,7.872,4.238,4.024,5.958,8.387,4.168,3.043,6.53,6.262,5.624,3.506,7.7,5.684,4.227,5.746,6.625,6.755,6.041,5.484,3.756,5.701,2.63,8.776,5.339,4.62,5.279,6.764,7.524,5.602,4.5,6.896,4.887,7.135,5.395,7.08,7.39,2.896,6.575,6.483,8.722,6.503,5.047,6.999,7.041,7.302,5.53,10.023,4.423,5.74,7.163,2.264,4.952,4.367,5.141,5.752,10.101,3.323,5.26,4.118,5.565,4.371,3.72,5.266,5.495,10.005,7.178,4.64,6.438,6.006,5.447,5.638,7.537,7.538,5.843,4.878,3.854,6.409,8.403,7.243,6.247,5.058,5.655,5.805,5.313,5.388,8.135,4.561,3.876,7.026,6.366,4.795,2.886,8.629,5.91,6.993,7.207,8.59,5.136,4.56,9.37,8.675,3.042,6.189,5.306,8.351,6.285,6.3,4.141,5.214,5.017,6.792,6.436,6.261,6.455,6.283,6.283,7.217,6.38,6.972,7.316,3.723,6.39,5.406,5.041,8.269,4.961,4.496,6.323,7.999,6.354,9.713,3.204,4.481,3.613,8.519,3.45,7.076,5.248,6.657,3.861,6.576,10.011,7.293,3.113,6.148,6.601,6.016,6.065,7.003,7.418,8.243,5.931,4.532,9.936,6.447,2.899,7.79,8.864,8.129,3.759,4.481,9.77,5.101,3.506,9.675,4.842,6.014,3.504,7.905,8.736,3.61,7.424,6.628,7.003,5.575,7.969,2.609,4.87,6.075,5.602,7.571,7.632,6.217,5.847
TRI-023,3.919,3.504,6.023,1.504,7.284,6.818,5.274,6.576,5.331,4.718,6.132,5.269,3.921,3.425,6.757,7.741,7.695,8.736,5.557,5.893,5.862,2.716,4.84,6.839,7.225,9.905,6.88,4.611,3.163,7.678,6.842,5.198,3.075,7.31,4.396,4.686,6.719,6.019,5.169,8.004,8.302,5.579,6.827,6.602,3.448,4.937,8.84,4.915,6.243,7.163,6.737,5.28,6.177,3.854,4.067,3.634,6.735,9.663,6.905,8.286,6.662,7.557,5.134,4.097,3.8,7.503,7.275,9.218,5.11,5.919,7.23,7.436,6.909,6.65,2.968,8.867,8.006,7.19,5.595,6.269,6.945,4.323,4.523,4.379,5.232,5.832,8.183,7.269,4.095,8.214,2.946,6.24,6.589,5.914,5.562,8.323,6.937,3.108,6.236,3.054,6.22,3.572,7.274,7.407,6.161,4.596,4.888,8.8,3.668,7.744,6.135,5.25,5.302,6.689,7.907,6.924,5.264,7.411,6.711,2.354,5.071,7.757,6.419,8.085,1.637,3.937,7.893,7.389,4.864,5.598,7.5,7.946,6.6,5.961,8.009,7.946,3.914,5.999,3.74,6.382,7.263,5.109,5.183,6.189,3.511,8.367,6.704,5.768,5.292,8.089,6.491,8.352,5.794,6.686,3.452,6.133,3.536,5.773,4.307,5.075,8.53,5.775,5.683,6.696,6.55,6.476,6.201,2.067,10.003,3.077,7.604,5.073,5.167,7.882,8.77,5.739,5.569,3.14,4.103,6.4,4.189,4.355,4.76,4.771,6.398,6.727,3.839,4.229,5.701,7.365,9.235,6.707,3.752,5.024,3.45,7.296,7.074,5.136,5.763,3.06,6.616,9.628,6.476,7.13,6.773,7.531,7.071,8.355,5.592,9.077,4.835,5.548,5.049,6.742,4.73,8.367,7.049,3.672,10.631,1.953,5.959,4.919,4.723,4.082,4.938,5.62,1.923,4.091,1.466,7.311,5.956,5.735,4.142,5.809,10.55,4.361,5.877,4.36,5.931,7.656,7.717,6.497,5.143,10.584,5.553,4.338,7.591,4.188,5.301,10.185,5.562,2.859,7.144,5.061,7.497,6.162,4.868,6.205,6.992,7.604,5.005,4.53,7.406,6.323,4.643,4.71,3.229,0.656,6.037,7.99,6.75,3.241,6.056,9.615,6.715,3.66,3.489,4.766,8.834,5.995,3.885,3.074,5.095,7.459,5.947,6.703,4.396,5.827,3.791,5.536,6.194,6.091,5.565,5.437,7.956,7.425,6.583,3.774,7.815,4.976
TRI-024,4.534,5.997,10.916,4.477,4.903,4.799,6.444,5.662,6.668,4.554,8.497,3.044,5.096,6.311,7.166,6.674,7.291,4.696,4.728,5.944,8.456,7.272,6.031,7.753,5.276,6.526,7.436,4.99,4.146,4.831,4.095,8.399,7.225,4.884,1.764,6.616,5.132,6.053,3.171,7.414,7.702,5.546,5.181,7.005,5.159,7.967,7.172,6.805,6.332,3.93,8.51,7.554,9.917,8.184,5.165,4.383,7.715,6.883,3.296,3.208,6.497,8.4,6.186,5.889,6.468,4.009,4.979,5.701,7.283,9.096,5.02,4.173,4.178,7.302,5.428,5.418,4.876,5.608,4.675,7.332,6.979,5.411,3.649,6.759,5.191,5.217,5.752,4.853,4.084,7.931,4.019,4.966,5.433,7.121,5.597,3.913,6.049,5.109,4.104,6.058,5.606,7.359,8.245,4.934,6.959,7.033,6.606,3.837,8.183,4.729,6.285,7.093,7.326,8.229,6.818,5.385,5.643,4.932,3.63,5.031,7.134,4.742,7.89,4.996,6.505,9.292,7.727,7.254,3.921,6.209,7.804,6.173,5.728,6.003,3.879,4.144,4.738,7.578,6.117,8.143,7.546,6.383,4.795,6.009,5.725,9.129,3.428,5.675,7.725,5.196,5.374,5.397,6.526,5.741,9.069,9.01,6.056,7.197,2.88,5.458,4.803,7.665,7.212,5.839,6.221,8.486,5.478,7.395,3.822,9.062,4.125,2.631,3.147,4.983,6.906,3.901,6.942,6.34,3.842,3.626,3.69,4.761,8.913,5.87,6.511,7.081,6.398,6.153,8.547,4.32,7.026,6.651,6.343,4.835,4.567,3.678,4.447,6.262,5.057,4.33,7.237,6.744,4.595,4.985,10.046,6.008,4.597,6.478,5.218,5.45,7.852,3.927,6.431,8.586,5.986,6.909,3.752,7.918,4.107,7.786,2.835,5.269,7.275,3.404,4.633,8.307,5.336,9.986,7.359,4.855,6.25,4.629,5.946,5.446,5.005,8.074,4.201,7.177,5.501,9.507,4.964,5.47,6.021,8.588,9.786,6.742,6.175,4.46,9.763,7.351,4.78,9.79,6.571,5.943,6.254,5.811,3.34,9.006,6.442,7.995,8.981,5.462,4.276,8.465,6.984,6.388,6.995,2.984,7.092,8.041,4.5,4.709,5.249,5.756,6.697,5.052,1.708,7.195,6.721,7.004,8.119,7.038,9.403,4.316,5.109,8.859,5.132,5.534,6.241,4.163,5.263,5.366,7.214,7.175,8.013,6.846,5.706,6.625,2.852,4.275
TRI-025,3.194,7.74,5.616,7.101,5.777,4.494,1.638,6.154,8.045,6.565,8.244,5.072,6.897,6.824,6.191,9.211,4.524,9.181,6.422,2.288,5.661,2.558,6.633,5.266,6.255,7.642,6.462,5.463,6.251,7.231,4.907,4.745,5.029,6.266,10.07,2.907,4.877,6.26,7.699,7.014,7.192,5.893,8.856,6.007,5.267,7.286,6.44,9.412,6.816,6.516,5.658,5.288,4.756,7.079,7.087,4.488,4.856,7.0,5.443,4.479,6.444,5.887,4.662,4.601,8.357,6.073,6.787,6.565,5.908,6.944,7.963,5.645,9.908,5.302,6.123,7.3,7.454,8.362,5.083,3.874,6.034,7.766,5.883,8.628,7.489,5.42,7.181,2.149,5.151,5.111,4.943,4.642,9.982,5.781,8.751,6.249,5.882,6.918,7.122,4.394,6.059,5.57,7.948,7.194,5.634,3.593,6.571,7.192,4.348,5.038,7.207,5.268,6.463,6.989,5.824,6.323,4.829,4.17,5.034,6.711,6.519,8.305,6.923,5.314,7.477,5.824,3.09,6.625,8.553,6.681,4.79,4.177,6.737,6.671,7.248,5.388,5.577,7.485,7.333,7.159,6.37,7.214,6.045,8.464,6.047,7.783,5.794,6.97,5.856,5.913,5.725,8.092,6.484,5.194,5.486,5.082,5.976,5.183,8.161,5.249,5.505,9.006,5.639,6.713,4.113,5.977,4.291,4.923,7.712,6.23,7.342,4.009,7.178,8.123,4.192,5.997,6.603,6.502,5.84,3.667,7.282,6.471,3.762,8.935,7.063,9.766,7.077,5.743,7.149,10.766,6.907,3.936,7.192,5.922,8.04,8.115,8.273,6.927,3.905,7.73,8.634,10.0,7.904,6.855,3.513,6.482,8.441,8.775,7.925,6.125,4.472,9.186,7.423,4.12,6.152,4.068,4.255,5.915,8.446,3.778,6.174,5.393,4.589,3.27,7.088,7.213,3.203,4.799,6.871,6.459,6.754,6.991,8.676,3.642,5.448,6.358,4.254,4.994,5.678,5.934,3.15,7.156,5.62,6.092,9.886,5.817,3.872,6.413,7.527,3.657,6.595,6.129,5.122,5.298,4.784,7.36,6.982,4.822,4.836,5.597,6.848,5.933,6.977,5.816,6.418,9.01,5.11,3.754,3.022,4.408,9.579,6.009,8.445,6.033,5.389,6.396,7.304,4.12,7.246,2.137,3.911,4.922,7.743,4.399,6.93,7.346,5.773,7.687,7.14,6.854,5.477,4.252,7.917,3.394,5.654,6.274,6.184,4.509,6.436,6.196
TRI-026,6.539,8.608,3.417,6.966,8.836,6.012,5.116,5.691,7.104,5.709,6.812,7.073,5.473,3.631,6.357,4.643,7.647,7.693,6.96,8.368,7.996,5.222,8.121,5.372,3.592,7.213,7.46,5.561,6.197,4.232,5.34,4.225,5.639,4.976,4.275,5.954,2.543,5.839,5.963,7.058,6.283,8.057,7.56,6.555,9.238,5.893,3.585,7.697,5.456,8.94,7.412,3.315,5.237,6.498,4.801,5.459,7.317,4.559,6.221,5.971,7.076,4.042,3.588,4.089,2.923,4.673,6.179,7.112,6.492,5.148,7.182,2.241,6.635,5.268,6.467,5.685,5.102,6.186,6.924,6.006,5.9,4.364,4.826,6.187,7.538,4.466,7.132,7.09,8.116,4.641,6.16,4.69,4.887,7.609,5.487,4.104,5.798,6.35,4.271,7.4,5.693,5.408,6.36,5.003,7.709,3.843,5.604,5.887,4.561,5.387,7.167,4.813,3.649,6.059,4.783,5.545,5.67,7.351,4.036,5.326,7.702,6.631,6.245,8.297,6.895,6.377,1.445,9.726,6.685,3.193,8.239,8.497,2.442,8.56,3.947,4.824,5.233,5.309,9.238,5.065,6.538,3.522,4.18,3.564,4.674,8.844,7.549,8.281,10.53,6.111,6.359,5.221,7.142,7.578,5.313,7.125,6.844,6.393,9.56,8.036,3.889,6.459,4.517,5.285,6.54,1.762,7.166,6.482,4.1,4.896,5.149,6.361,5.887,7.021,7.99,7.146,7.598,8.038,4.734,6.184,9.332,7.633,4.259,2.429,7.933,3.686,7.55,6.2,8.294,6.753,7.189,6.245,5.672,6.741,7.569,4.769,6.05,5.604,5.648,4.635,6.017,5.496,5.832,8.176,7.648,4.555,7.058,7.806,4.294,3.356,7.203,5.236,5.651,7.171,7.747,7.409,4.863,5.916,5.254,7.364,4.145,9.386,5.536,6.135,7.282,10.494,5.735,9.875,6.851,6.877,8.757,3.424,7.937,6.653,6.113,4.371,4.882,4.481,5.958,7.018,5.25,7.004,6.053,8.339,6.959,5.152,6.345,4.207,7.071,4.936,6.143,5.404,6.59,4.132,4.689,5.387,6.537,6.077,5.908,4.154,2.82,4.935,6.237,2.864,5.618,7.294,5.486,5.205,6.348,6.595,8.752,4.089,5.909,6.236,8.917,6.014,4.223,5.85,9.656,8.277,7.185,7.916,8.994,5.217,5.445,2.918,6.936,5.989,5.153,10.271,6.07,5.268,7.662,4.321,9.116,6.763,7.106,3.658,4.19,4.821
TRI-027,6.98,5.551,4.61,6.12,3.549,5.012,7.952,6.448,5.915,6.928,5.722,6.831,7.641,5.784,6.478,4.373,7.946,6.056,7.15,6.659,6.614,4.833,8.586,5.256,5.944,4.227,8.263,2.169,3.989,9.767,3.859,6.9,5.389,6.037,3.583,8.505,4.412,5.874,4.874,6.802,5.315,5.234,7.394,6.704,3.855,4.815,5.908,4.233,5.824,4.408,8.815,8.435,5.059,7.146,6.47,5.576,6.074,6.024,4.834,7.958,8.585,7.281,5.561,5.367,3.498,4.084,2.287,6.948,6.65,5.729,5.824,3.342,6.199,5.126,4.152,4.159,5.271,3.869,6.162,6.138,7.639,8.995,3.524,6.277,5.74,5.793,3.374,5.276,6.746,5.756,6.006,8.536,5.357,9.429,6.022,7.415,6.426,4.177,8.688,4.723,4.542,6.706,4.023,3.303,3.871,3.743,6.327,2.91,5.092,3.38,2.633,7.942,7.505,8.199,5.425,8.52,6.42,6.012,4.188,4.046,5.405,6.051,8.577,5.899,2.903,7.152,1.924,5.403,6.324,7.238,8.574,5.584,7.275,9.169,5.039,6.616,7.936,6.752,5.02,8.452,6.405,5.985,6.527,6.469,8.519,7.0,5.097,7.805,8.905,3.944,4.958,8.127,6.839,3.555,3.32,3.083,7.019,4.623,6.551,7.446,5.638,6.997,7.24,6.864,8.542,4.928,6.948,3.597,4.291,7.12,6.309,3.28,3.982,7.543,3.334,4.702,5.475,6.074,7.476,6.201,8.059,7.123,7.298,3.767,2.926,5.636,3.762,5.453,4.039,5.798,6.102,7.427,5.07,7.005,9.445,4.183,4.543,5.998,4.741,4.558,3.981,2.09,5.657,6.498,6.645,4.045,4.125,5.966,5.853,6.717,7.172,8.246,7.29,4.929,5.177,8.479,4.569,6.466,5.782,8.579,5.481,6.42,4.706,3.944,5.64,6.972,4.574,5.438,4.852,4.386,6.73,5.713,4.28,7.827,8.929,7.919,4.612,4.846,6.691,7.124,8.33,4.617,5.663,4.595,7.588,4.395,4.697,5.753,6.933,6.334,9.87,6.97,6.985,4.054,6.266,7.974,6.94,5.684,4.926,5.709,3.185,4.189,8.931,6.066,5.619,5.511,4.859,5.95,5.403,5.638,6.792,6.234,9.176,6.777,8.23,3.679,6.942,5.32,6.485,2.918,5.873,6.105,5.064,6.365,6.261,5.427,5.242,6.393,5.87,8.269,4.327,3.768,7.664,4.021,5.542,9.237,7.19,5.161,6.439,7.518
TRI-028,7.238,5.985,6.335,3.92,8.193,8.372,4.223,4.344,7.276,4.962,6.024,5.231,7.913,7.736,6.269,5.554,4.779,8.1,7.423,5.426,3.681,8.105,4.997,5.248,8.422,5.838,4.442,4.907,3.173,5.328,6.641,6.194,5.883,5.91,5.926,5.181,5.626,7.109,5.973,4.718,7.453,7.056,4.75,4.621,5.058,2.726,4.151,5.05,7.315,3.753,9.081,3.271,6.481,6.541,6.156,4.98,6.022,7.329,5.612,6.525,9.251,6.757,5.7,4.199,6.264,4.919,3.676,7.335,5.954,6.779,4.847,8.241,5.835,6.459,6.408,5.202,9.054,6.706,3.361,8.88,7.743,6.622,9.525,3.817,4.823,5.943,6.954,5.038,3.384,4.584,7.306,5.416,5.791,4.839,7.142,5.483,5.636,6.824,6.727,4.129,4.996,6.209,7.805,4.934,4.141,4.227,6.663,6.284,6.801,7.45,6.047,4.803,6.114,7.106,6.825,6.324,2.547,7.757,4.1,8.523,7.719,9.464,4.878,6.052,5.604,6.892,2.668,4.852,6.011,4.664,5.122,7.993,7.006,7.871,4.61,6.763,6.464,5.825,5.886,6.716,8.056,5.183,3.222,4.26,8.634,6.56,7.032,7.764,4.209,4.002,8.918,6.095,6.518,5.293,8.951,5.958,6.496,5.694,6.867,8.236,4.737,5.911,4.162,4.798,8.156,7.197,3.377,6.265,8.923,4.815,5.945,5.812,5.974,8.95,5.354,4.291,0.729,6.511,3.21,7.947,5.947,5.115,2.91,7.967,8.679,8.549,4.874,3.449,5.898,7.636,4.801,6.043,8.113,3.412,7.225,6.152,6.506,3.892,8.524,4.432,3.774,7.576,3.292,5.765,3.019,2.765,7.219,7.098,7.218,6.177,4.4,9.504,3.745,5.18,6.213,3.69,5.949,4.859,4.452,4.7,5.969,5.25,4.951,6.214,5.532,5.536,6.414,5.104,6.879,9.407,6.937,7.986,3.953,8.13,5.21,4.299,8.979,7.244,3.871,7.612,3.324,7.139,4.772,2.867,7.618,5.747,4.284,7.623,4.628,7.28,5.15,4.828,5.224,4.863,5.195,5.666,6.467,5.027,7.573,7.755,3.55,5.234,7.535,6.101,6.268,4.991,7.519,4.595,5.023,4.834,7.465,6.997,7.811,8.122,5.877,4.762,6.582,2.417,6.8,6.235,2.45,2.839,7.288,5.084,4.314,8.911,6.653,6.037,3.918,5.031,7.07,6.593,5.745,7.538,3.119,5.346,6.251,6.341,3.863,1.537
TRI-029,5.135,4.064,8.382,5.757,8.144,7.718,5.414,3.016,5.1,4.669,5.395,4.464,4.027,6.775,6.157,8.284,5.308,6.258,9.472,5.71,5.207,3.411,5.777,3.26,8.888,5.15,3.934,4.996,9.246,10.193,8.175,7.037,7.593,6.97,6.572,6.222,6.716,7.3,5.38,4.907,5.789,9.268,6.879,8.207,5.46,5.383,6.175,4.724,3.249,5.606,3.837,6.713,5.779,6.616,8.328,6.937,6.693,7.386,5.413,5.461,6.321,4.827,7.053,5.484,4.105,8.578,7.087,6.415,6.231,4.874,6.944,4.637,8.92,5.679,5.751,6.634,5.807,3.822,8.182,2.467,4.876,5.704,5.251,6.88,8.405,7.063,7.582,6.724,8.248,4.703,7.294,4.822,4.98,4.401,4.702,7.99,8.92,3.811,5.312,6.35,6.287,2.984,7.208,4.168,6.21,4.784,5.26,1.815,5.113,4.539,7.191,4.574,7.516,6.766,6.537,5.154,8.706,5.743,8.24,2.449,4.746,4.763,4.607,9.341,4.486,3.661,5.706,5.966,7.874,6.089,7.66,1.695,7.5,4.315,6.632,6.6,7.273,7.743,6.144,7.39,6.009,4.163,6.922,3.605,7.412,5.594,6.215,5.846,10.044,7.487,4.375,3.735,6.602,6.12,8.617,5.903,7.749,3.676,5.158,6.5,3.285,5.761,6.142,4.81,5.893,1.759,6.772,5.176,7.938,7.197,7.798,8.213,6.179,4.627,7.699,5.412,7.114,6.041,8.409,4.189,7.487,7.879,5.06,7.367,6.879,5.736,5.124,6.009,7.62,3.368,4.9,4.367,8.861,8.511,7.914,4.298,4.479,4.199,6.975,5.84,6.743,5.025,5.132,2.981,8.637,6.268,6.526,6.498,7.918,6.627,7.002,8.082,1.113,6.21,5.613,3.822,6.112,8.008,4.537,6.689,7.699,5.752,4.548,6.838,6.648,3.567,3.424,4.939,7.373,5.013,6.993,7.717,5.557,9.295,8.88,4.942,6.23,6.905,7.174,7.851,6.455,2.802,7.693,4.143,5.281,2.641,6.909,4.6,5.512,7.766,3.159,3.797,5.982,4.903,5.557,5.42,6.719,6.901,6.874,5.189,6.785,7.362,6.756,6.038,6.477,6.309,5.551,9.177,7.394,7.591,4.586,6.098,7.09,5.247,3.021,2.901,7.309,6.896,4.651,4.578,5.604,4.671,8.494,8.466,5.376,5.663,5.313,8.232,5.755,7.341,6.954,7.087,7.39,3.754,1.831,7.497,3.947,6.576,6.616,4.843
TRI-030,3.489,9.085,1.129,4.888,7.234,7.397,3.784,4.57,6.44,3.595,6.921,5.664,8.767,2.929,6.474,4.457,6.67,6.358,5.863,6.185,6.123,3.387,7.574,4.345,6.235,5.108,7.787,4.134,6.343,7.671,6.964,3.898,7.474,3.727,7.379,6.992,7.696,2.302,9.191,6.738,3.565,5.201,3.874,4.852,7.317,5.853,4.923,4.326,6.01,6.707,7.028,7.903,6.121,5.43,9.435,5.525,5.752,4.492,5.234,6.458,2.454,3.97,7.394,7.21,5.938,6.255,8.232,4.625,2.931,5.226,4.323,7.188,3.702,4.376,6.91,5.896,6.717,2.273,6.936,11.783,5.6,6.75,5.612,4.159,6.821,7.668,2.388,6.285,2.889,7.567,4.713,2.967,6.049,5.986,6.99,6.639,4.341,7.135,7.746,6.536,6.237,6.248,4.442,4.982,7.674,7.413,5.447,8.907,6.092,4.905,4.044,6.096,6.049,7.65,5.637,7.234,4.084,5.687,6.052,4.701,8.235,8.392,6.529,8.118,4.318,7.526,5.457,5.335,8.769,4.317,5.474,4.747,4.935,4.253,6.907,5.937,6.536,6.2,4.274,4.063,10.149,3.969,4.254,6.549,8.072,5.504,7.804,8.039,6.804,6.764,6.066,6.341,8.353,5.973,5.635,8.53,7.75,6.369,6.213,5.547,3.383,5.133,7.789,7.472,5.895,5.257,5.03,7.491,4.303,5.596,6.143,7.873,7.275,7.587,7.698,4.113,5.024,4.521,7.218,3.873,4.084,5.003,5.695,3.13,4.908,5.314,5.821,4.874,2.992,6.82,5.404,8.032,7.198,8.599,8.23,7.444,6.303,6.805,6.353,7.439,5.061,4.643,4.658,5.871,4.379,6.794,5.012,4.449,5.3,2.714,6.253,5.099,9.004,5.383,7.167,5.529,6.596,6.678,5.404,4.084,5.704,7.098,6.998,6.214,5.293,9.218,8.199,5.19,3.921,6.831,4.428,5.297,4.12,3.692,8.088,7.189,7.671,7.181,7.385,5.775,4.771,5.172,4.373,9.073,3.688,6.33,6.3,7.717,5.938,7.126,7.147,5.1,4.07,5.425,6.546,7.107,6.069,4.688,6.17,7.228,5.915,3.49,3.81,5.133,6.264,5.699,8.132,6.707,7.532,6.888,5.322,6.566,5.008,9.369,3.526,4.3,6.528,5.862,4.723,5.901,5.945,5.511,3.946,8.536,4.563,5.441,8.277,10.168,8.642,6.138,6.63,7.891,7.773,5.47,10.019,7.18,4.775,5.241,5.573,2.293
TRI-031,4.571,4.219,7.288,3.475,7.135,9.734,5.942,4.282,7.338,7.25,6.858,3.633,7.544,4.503,5.187,5.718,5.395,3.781,3.679,6.281,6.462,5.307,6.764,6.556,7.648,7.314,5.946,5.479,3.617,5.791,6.328,6.201,4.894,8.375,5.722,2.89,6.669,6.779,4.146,5.2,6.973,5.651,4.518,3.748,4.162,6.379,4.179,5.142,6.936,6.254,5.542,4.102,2.654,8.934,7.778,6.193,5.128,4.098,6.172,3.856,5.805,7.481,6.851,2.719,4.715,6.232,4.691,6.408,5.957,8.577,7.677,7.799,6.709,4.934,3.685,5.467,8.416,5.793,7.584,6.204,5.656,7.401,6.117,7.891,6.678,7.891,8.929,4.759,4.807,5.3,5.878,4.973,4.735,5.707,6.176,3.608,6.547,3.352,7.911,6.694,5.556,6.971,6.193,5.429,8.519,6.089,6.423,6.038,6.443,5.879,4.171,2.094,5.298,7.782,6.054,5.03,7.031,7.266,6.67,6.79,7.354,7.284,5.94,4.945,6.291,6.692,4.391,5.387,7.027,8.854,3.908,10.376,4.158,6.767,8.71,4.387,6.508,5.299,6.899,4.644,6.395,1.383,8.478,7.011,7.364,8.046,8.067,4.544,5.995,4.045,4.242,6.257,6.151,5.475,3.525,5.623,8.764,5.515,2.651,9.723,6.154,3.873,5.353,5.241,5.274,4.984,6.85,8.594,6.36,6.9,4.366,4.455,5.117,6.411,10.507,6.022,2.976,5.98,5.61,5.577,6.889,5.438,5.882,7.605,7.839,11.628,3.799,5.844,6.438,8.256,6.277,6.562,4.655,6.945,5.264,5.821,4.558,7.639,3.375,3.408,7.179,4.872,6.897,7.459,5.895,5.837,6.146,7.413,6.475,9.086,8.287,6.967,6.318,7.188,4.993,6.171,8.175,4.319,9.87,5.385,4.242,2.728,5.517,5.629,6.204,6.054,4.098,6.511,6.145,2.977,6.521,5.453,5.918,5.742,7.543,4.915,7.432,3.968,6.446,5.231,7.057,6.276,5.631,7.204,8.719,6.69,7.817,4.412,9.615,3.229,6.294,5.403,7.142,5.002,8.143,5.02,7.848,6.076,4.177,4.931,3.389,7.112,6.725,4.929,5.873,6.739,7.169,7.903,5.495,3.702,10.342,7.335,5.028,5.719,5.326,4.978,6.867,6.627,7.465,6.949,3.895,5.382,5.958,4.959,7.646,2.804,6.593,5.517,4.135,4.617,5.664,6.178,9.149,4.734,6.679,6.717,7.129,5.189,4.418,10.013
TRI-032,6.372,3.439,5.907,4.726,7.03,8.943,4.564,6.117,4.417,6.076,7.558,7.863,4.56,4.058,8.014,5.265,6.575,6.209,6.178,7.902,5.877,6.028,3.387,7.209,5.567,6.107,6.509,8.206,7.37,5.659,8.449,5.441,5.092,8.614,1.196,8.216,5.992,7.915,5.787,6.575,6.555,6.457,8.191,4.535,8.073,5.013,8.072,9.179,6.511,3.312,6.053,8.16,3.09,7.364,5.415,5.292,4.727,5.484,7.099,5.471,6.537,7.187,1.913,5.462,5.824,3.549,6.376,8.355,6.25,6.331,5.02,5.366,9.357,6.705,7.519,6.248,4.512,4.693,4.726,4.563,7.163,5.124,7.542,6.266,4.901,5.22,7.999,6.665,4.188,1.958,7.124,3.935,4.413,2.201,5.117,6.702,8.244,4.396,6.451,6.521,4.949,4.378,1.462,9.882,7.121,6.822,7.041,6.896,5.844,6.366,8.002,6.713,7.161,4.117,6.987,5.732,8.326,1.599,3.277,6.928,6.923,7.776,5.828,7.478,7.39,3.051,4.467,8.667,5.124,7.458,3.818,6.481,8.419,6.937,4.387,6.49,5.722,4.534,4.598,5.652,4.044,8.14,8.947,5.61,4.479,5.638,7.589,7.226,5.748,5.628,5.957,8.521,6.155,6.031,3.289,5.557,8.684,6.488,6.001,6.814,5.161,2.822,8.23,9.147,2.611,7.263,6.736,5.797,6.593,8.496,5.287,4.483,6.251,5.99,8.25,4.495,8.201,8.149,4.277,5.321,5.44,4.521,6.336,5.69,4.589,9.613,5.851,5.391,6.707,5.024,3.789,6.451,7.477,3.401,3.626,9.339,6.045,6.027,5.447,9.243,3.701,5.114,5.49,4.789,7.62,4.596,5.97,5.791,8.443,5.51,8.196,6.591,5.783,5.942,5.684,6.587,5.636,4.709,6.743,2.022,3.105,6.684,3.378,6.086,4.397,4.396,6.375,6.793,6.374,6.607,3.435,4.177,7.695,8.064,5.46,8.377,6.076,6.722,7.654,6.986,8.633,5.399,6.622,7.828,5.98,6.226,4.401,2.41,3.127,6.389,7.503,7.898,6.786,4.667,4.984,7.259,5.948,6.855,2.797,4.291,4.882,7.294,2.474,7.54,5.624,8.603,2.491,4.624,6.676,4.763,5.056,6.688,7.273,5.343,6.689,5.327,7.211,6.751,7.727,6.201,6.552,4.913,4.241,6.441,7.466,5.806,5.021,6.59,3.016,4.686,6.02,5.808,5.855,9.137,2.701,1.068,7.534,7.332,5.877,9.327
TRI-033,7.258,5.75,5.951,5.393,5.161,6.652,7.237,4.574,6.563,5.207,5.075,5.021,7.248,4.311,8.827,9.869,5.465,0.873,7.446,4.694,6.553,6.954,6.831,4.796,4.905,7.533,5.432,7.196,3.968,4.556,5.794,6.48,7.143,8.491,7.616,5.872,9.132,6.752,9.368,5.26,7.603,5.754,5.344,5.445,2.333,7.169,4.945,6.827,3.191,5.607,3.308,5.515,4.539,7.592,3.22,4.67,6.634,6.784,5.317,7.198,0.607,6.489,6.198,6.311,4.183,7.057,7.311,7.187,6.07,7.508,5.456,8.668,5.407,8.612,5.216,5.457,4.73,4.595,3.187,5.618,5.99,6.552,6.752,1.427,8.677,4.871,2.244,7.363,8.073,6.807,6.968,3.764,3.234,5.2,4.903,6.262,7.414,6.632,4.405,6.797,5.287,5.039,7.109,4.07,6.429,5.795,7.832,8.554,8.948,7.526,5.227,2.05,5.065,7.724,6.863,4.105,7.154,7.526,5.931,5.691,4.399,4.726,7.719,3.065,5.592,7.464,6.585,3.911,7.405,9.147,4.619,3.504,5.339,4.163,4.33,4.683,6.422,3.813,7.673,6.652,3.779,4.634,5.629,11.274,5.927,4.077,6.143,8.171,7.313,9.082,8.82,7.452,8.018,3.664,4.985,7.254,5.748,6.292,7.643,6.577,4.413,6.389,7.424,8.74,6.467,7.387,3.549,3.5,6.522,8.413,6.328,5.851,7.125,5.721,4.411,4.416,8.36,7.808,6.603,5.171,6.74,6.505,4.632,5.738,6.698,5.728,4.56,5.332,4.364,5.702,4.285,9.788,8.717,5.538,4.638,6.16,8.913,5.239,2.329,8.481,6.579,4.735,5.932,6.167,5.769,7.882,7.973,4.827,6.692,6.076,6.016,7.061,7.167,6.123,8.095,5.76,3.679,4.054,6.774,7.328,6.882,6.076,7.626,5.888,6.273,4.169,3.911,4.909,7.066,3.504,6.459,4.865,8.8,2.952,4.864,3.896,4.875,5.211,6.964,8.258,6.202,6.976,5.845,2.678,5.611,6.291,7.025,6.535,8.873,8.259,7.353,4.733,5.141,6.707,6.374,5.611,6.584,4.354,10.42,8.474,6.674,5.562,5.006,4.116,3.745,4.36,7.836,7.432,6.044,6.09,5.265,3.259,5.564,3.132,7.585,9.115,6.622,3.095,4.869,6.386,3.294,7.909,3.787,6.387,9.708,6.665,4.034,5.628,5.724,5.787,5.779,4.086,7.746,7.02,5.646,5.575,6.345,6.931,4.502,4.583
TRI-034,7.665,8.88,8.24,6.832,5.443,5.947,5.991,5.504,7.149,5.38,9.45,3.504,5.814,6.216,5.042,3.204,7.841,4.805,6.753,6.113,5.264,4.323,6.643,7.785,3.896,6.316,7.803,4.758,4.177,5.035,5.222,4.133,5.793,8.325,6.866,3.513,6.262,6.218,4.074,6.129,6.147,8.171,7.946,3.356,6.488,4.371,4.257,6.954,7.748,4.574,6.795,8.499,4.827,7.054,4.475,6.9,6.839,7.12,6.343,7.442,4.225,5.743,7.935,5.814,9.725,5.268,7.656,7.887,5.77,7.369,3.588,8.137,3.783,6.991,4.617,7.504,5.297,6.519,7.057,3.954,4.427,5.627,5.731,3.948,4.449,9.168,5.012,4.069,7.292,6.481,5.869,7.179,6.221,5.808,5.68,5.954,6.863,8.342,6.176,5.06,4.92,7.492,4.863,5.08,10.172,5.902,5.92,6.045,6.352,7.704,4.547,7.072,4.289,6.402,4.861,5.001,7.028,6.42,2.877,6.652,6.448,3.58,6.949,6.478,4.459,4.448,5.122,4.344,6.278,3.59,6.359,5.736,6.245,8.049,6.6,4.619,2.958,7.221,5.676,7.435,7.481,5.868,8.181,3.958,6.715,7.706,6.554,6.389,8.095,1.706,4.815,5.443,3.643,8.768,5.736,6.299,6.669,3.323,4.922,6.897,9.47,5.098,4.403,3.597,6.996,4.848,6.092,4.981,8.474,3.846,7.546,4.78,5.01,4.572,5.664,6.786,5.494,3.443,8.316,9.724,9.018,6.536,5.92,4.374,5.553,4.571,7.93,7.92,10.086,5.806,3.239,6.343,4.921,6.341,6.266,3.604,7.074,4.525,5.987,5.807,2.83,4.688,4.935,4.434,8.863,4.714,7.374,5.138,5.229,6.779,6.729,6.106,6.098,7.765,2.555,4.305,7.588,5.275,6.416,5.728,6.74,5.245,9.537,1.661,2.76,4.227,4.171,6.993,5.127,6.301,5.224,5.312,4.221,8.418,5.058,4.824,8.149,9.028,5.224,6.535,8.313,3.554,6.401,7.521,6.452,5.602,7.575,4.567,6.01,4.262,6.514,5.456,7.099,5.097,8.244,6.091,9.036,4.191,10.03,3.447,6.237,6.317,6.361,7.5,3.523,7.882,3.005,6.14,5.506,5.309,8.322,5.916,7.889,4.277,6.512,8.44,7.059,7.577,6.054,2.891,3.299,3.104,4.683,6.525,6.497,3.789,7.0,6.76,7.223,6.062,7.915,3.969,7.786,1.691,7.183,6.123,3.005,7.353,4.663,4.817
TRI-035,6.105,6.244,2.346,6.901,6.906,7.627,2.161,4.771,6.896,6.44,2.967,5.531,7.111,6.458,3.978,7.116,5.097,3.804,5.466,6.097,5.8,3.512,5.678,5.76,5.625,4.194,4.879,5.803,9.345,7.532,7.135,8.189,5.317,7.264,3.893,4.039,7.7,6.139,8.063,5.912,2.175,4.22,3.448,6.784,5.329,5.66,8.663,6.373,6.466,7.034,5.406,4.617,6.717,7.138,5.661,3.432,7.835,5.036,5.976,6.571,1.72,3.976,3.947,7.74,2.611,5.746,7.103,4.1,5.009,4.812,6.923,5.528,6.195,5.909,7.064,8.221,6.802,4.132,6.915,3.162,6.209,7.477,8.15,3.672,7.226,2.485,4.867,6.431,3.711,6.263,4.852,6.405,5.109,7.0,7.997,6.312,3.914,8.098,5.554,4.935,3.632,10.03,7.914,8.243,7.026,4.654,6.348,4.449,5.304,5.744,4.957,6.035,7.878,6.515,8.313,6.499,7.501,4.893,7.363,5.822,4.786,6.652,8.072,6.506,4.105,7.579,4.718,7.082,7.441,7.395,4.895,8.936,4.076,5.808,6.049,4.691,6.031,4.343,4.762,5.793,7.295,3.874,3.849,3.996,5.776,6.107,9.303,6.738,8.991,7.158,5.511,8.907,7.137,6.661,10.365,5.595,7.537,8.654,5.358,7.374,6.535,5.439,7.324,8.877,6.548,2.663,6.814,7.804,8.099,5.34,8.411,1.623,4.716,7.903,5.406,7.393,2.591,4.931,4.68,7.61,9.948,6.726,6.784,4.149,7.593,5.189,5.672,7.022,4.468,7.818,6.191,3.128,4.38,6.857,5.643,6.668,7.633,1.467,1.195,8.271,2.743,7.431,5.349,2.581,9.65,5.854,5.516,5.702,5.377,5.941,6.42,6.964,3.214,7.806,5.997,9.649,8.633,6.071,3.837,5.78,5.877,4.085,4.106,4.589,6.297,6.367,3.686,4.798,5.912,5.29,4.433,3.124,5.245,7.288,9.079,11.161,4.975,6.574,8.574,6.946,5.094,9.207,6.391,4.741,8.326,1.298,5.802,10.219,5.965,4.626,5.931,5.932,5.835,6.782,8.103,7.674,5.373,7.063,8.259,5.936,5.122,5.691,8.158,3.336,4.656,6.186,5.943,5.202,9.317,4.359,1.779,7.594,6.828,5.3,4.691,8.856,5.17,5.706,5.931,4.828,6.315,4.816,6.075,7.046,6.607,4.271,4.029,6.502,8.103,2.169,0.578,6.949,2.466,6.299,7.689,2.603,6.574,5.011,3.895,5.117
TRI-036,6.366,6.323,5.7,8.012,6.705,6.158,7.408,4.891,4.607,7.108,5.057,7.763,3.218,6.086,6.372,6.277,3.352,4.24,6.228,6.936,8.21,6.397,4.881,5.196,3.429,5.056,3.563,7.565,3.422,6.959,6.417,7.619,5.234,6.514,6.2,6.356,6.96,9.051,7.133,5.42,6.722,6.84,7.449,7.166,4.723,5.27,4.792,4.582,7.055,5.42,5.663,8.64,8.538,7.877,7.923,6.909,3.186,5.047,8.178,4.569,6.82,4.898,6.213,7.088,6.265,4.52,8.247,3.386,5.54,6.948,5.634,5.876,7.25,6.122,3.606,6.048,10.065,5.883,5.921,9.041,7.765,4.817,6.758,7.018,8.129,9.326,6.092,6.914,3.336,8.671,3.739,6.767,7.26,7.35,5.89,6.923,5.497,3.729,4.505,6.68,3.474,3.081,5.189,4.674,5.805,9.728,4.832,6.978,7.702,7.034,5.493,2.65,7.797,8.728,8.164,4.955,5.78,5.815,6.165,8.001,5.833,6.558,7.619,6.177,3.822,2.983,3.631,7.243,5.783,3.183,6.957,4.057,6.606,6.57,7.166,6.629,5.049,5.266,5.672,6.675,7.462,5.174,4.906,8.573,5.538,5.654,5.447,5.096,3.21,5.478,3.326,6.877,8.869,3.78,5.858,5.852,5.152,6.261,7.019,4.785,4.911,5.802,6.8,4.525,4.562,6.398,5.194,11.694,5.471,7.661,5.771,6.975,5.321,7.886,9.156,5.795,4.525,4.692,7.214,3.379,4.95,4.423,4.185,5.095,8.133,7.161,10.09,4.973,6.318,6.13,2.796,8.963,10.374,7.715,5.396,4.351,5.784,4.742,8.999,6.971,8.625,3.395,3.664,8.22,6.828,5.782,4.889,7.11,8.15,6.202,2.173,6.302,5.337,5.729,6.784,10.413,5.874,3.459,7.132,9.664,5.018,7.424,7.319,8.255,3.937,2.018,3.875,5.674,7.96,6.28,8.241,4.47,6.341,2.221,5.873,4.44,5.881,7.761,7.655,7.28,6.592,8.432,2.151,4.966,4.976,6.425,5.262,7.436,7.117,5.329,4.146,6.973,5.037,5.79,3.411,6.779,9.603,4.967,6.308,3.325,3.963,6.014,7.755,4.089,7.107,6.001,6.905,7.348,9.618,6.211,3.96,4.266,6.163,4.441,5.194,7.646,8.371,5.463,9.967,6.561,4.951,4.163,4.24,3.47,7.774,6.656,4.562,3.698,7.803,4.204,10.503,6.969,7.601,5.207,6.54,3.89,5.633,3.161,3.767,5.091
TRI-037,5.264,5.611,3.923,7.985,3.986,6.425,6.664,5.739,6.529,5.474,4.394,8.172,5.33,2.301,8.766,5.48,4.558,5.201,7.484,6.999,4.27,5.798,6.382,7.539,4.773,4.298,6.889,5.044,6.594,5.977,9.991,6.457,1.213,4.257,2.831,5.99,8.101,3.261,5.113,6.872,6.438,8.857,5.21,9.247,7.078,7.883,3.576,6.353,5.73,5.307,8.37,6.541,6.693,4.725,7.812,6.199,6.669,5.79,4.348,7.383,7.33,3.603,9.22,7.095,5.67,7.395,7.01,8.758,6.926,4.301,8.452,6.733,5.249,6.106,7.412,4.656,5.214,6.185,5.331,3.032,4.991,7.638,7.682,7.148,4.64,5.819,6.262,6.249,4.657,3.47,6.728,4.267,7.7,2.644,6.615,8.428,7.039,6.048,5.513,5.367,4.576,5.58,5.686,3.847,5.4,3.689,5.394,7.663,5.917,3.276,6.398,6.089,8.901,6.617,3.88,5.124,7.252,5.716,9.299,5.786,6.307,6.76,3.55,7.101,4.191,5.327,3.346,7.124,7.887,7.148,5.4,6.358,7.589,9.628,4.787,4.967,7.591,2.933,2.693,11.107,7.961,5.091,5.234,6.357,7.982,6.541,5.136,3.996,8.645,5.246,9.663,6.417,4.058,5.981,5.237,5.525,5.708,2.509,4.531,6.429,4.889,5.485,2.489,4.102,5.52,8.689,6.114,6.052,5.638,2.625,5.212,3.246,3.464,4.778,4.248,4.306,6.339,4.605,5.06,3.441,6.434,7.856,6.524,3.577,7.824,6.056,8.37,8.23,6.946,7.723,4.178,6.974,11.021,5.6,4.123,7.432,7.309,6.338,8.501,5.22,9.411,6.241,5.733,6.186,6.37,6.26,3.314,7.488,3.965,6.426,6.94,4.211,5.006,4.469,6.159,8.788,7.097,9.37,6.556,5.956,8.964,7.98,4.951,6.186,3.388,6.843,5.808,5.077,3.537,5.248,6.554,2.235,5.994,6.272,8.299,5.092,5.155,6.764,3.933,4.228,8.638,2.699,4.225,5.422,5.152,4.34,7.428,6.042,7.506,6.369,6.031,6.464,8.377,7.239,4.622,6.182,8.921,5.905,3.469,7.694,4.283,4.577,5.952,5.349,7.421,7.302,4.463,5.9,5.731,8.758,8.919,7.094,7.044,6.505,3.017,6.527,7.024,4.204,6.455,7.6,7.665,3.068,5.633,6.413,2.131,5.231,5.257,6.026,2.487,3.187,10.006,6.095,6.654,7.452,5.913,6.332,6.246,6.692,5.824,4.913
TRI-038,6.414,6.37,2.987,7.351,6.458,7.675,6.158,8.326,6.213,8.831,7.778,4.997,5.912,5.532,5.214,5.173,8.086,7.995,4.633,5.397,5.582,5.806,4.388,5.492,6.733,5.302,6.362,7.802,6.514,5.934,6.465,7.23,4.635,4.769,7.914,7.281,6.116,5.83,6.363,4.7,8.326,5.217,4.231,3.201,6.802,6.08,6.61,4.522,6.784,6.396,5.696,7.319,6.661,3.394,5.96,6.883,5.218,5.788,3.963,6.793,6.61,7.134,3.862,6.71,5.593,5.666,6.467,6.786,5.375,3.917,7.552,8.528,7.449,4.452,8.675,6.276,6.846,7.47,4.023,5.727,5.048,6.102,4.363,6.92,6.274,6.777,5.709,6.858,6.81,2.866,7.812,6.55,7.543,5.882,6.656,6.592,3.683,6.605,7.295,6.063,4.833,5.026,2.752,7.866,4.419,5.693,6.561,8.807,1.499,5.216,5.219,9.183,4.149,4.529,4.214,4.74,7.512,6.893,4.736,6.505,3.585,6.723,9.422,2.016,6.581,6.169,5.998,5.859,4.665,7.184,6.579,9.787,7.555,6.834,6.51,7.014,3.567,5.402,7.921,7.038,6.017,4.944,6.665,6.608,6.276,2.971,2.65,5.336,10.727,6.18,6.518,4.901,5.167,5.372,5.987,8.195,4.954,4.986,7.581,7.431,5.666,5.882,5.415,4.167,4.947,8.136,5.722,5.821,6.438,6.6,3.421,7.142,6.03,7.948,5.24,4.453,6.72,6.785,4.691,8.35,5.197,9.283,4.631,5.574,2.459,4.505,9.101,7.118,5.154,6.084,4.593,8.896,6.955,5.387,4.389,4.243,3.086,2.938,2.1,7.044,7.511,5.288,6.038,5.107,8.509,4.473,6.726,7.216,6.585,5.141,6.491,4.612,4.34,7.092,4.85,7.099,5.827,6.316,5.323,9.153,5.22,6.832,3.181,5.791,8.013,10.712,6.105,6.517,6.056,5.461,5.862,5.026,4.987,7.246,3.868,7.975,7.293,7.6,8.462,4.114,2.895,7.463,8.483,7.103,5.945,5.235,7.138,5.791,6.903,6.006,8.395,3.617,4.642,7.872,5.342,7.27,5.674,4.956,7.627,3.796,3.193,7.519,3.661,5.983,6.227,6.908,9.963,6.726,6.207,7.956,5.985,6.542,7.335,5.477,5.561,6.119,5.011,5.388,6.473,6.754,1.149,6.758,8.371,4.663,9.555,6.804,9.138,6.725,5.501,7.811,1.514,4.718,6.277,8.09,7.934,4.481,9.175,6.954,5.622,4.506
TRI-039,7.005,5.08,4.841,8.035,8.505,7.126,6.855,8.058,6.782,9.377,5.959,6.831,5.427,9.681,6.717,7.984,10.131,6.043,9.451,4.386,5.213,3.968,3.94,4.443,2.462,6.702,6.264,8.902,7.443,6.363,8.941,1.563,4.422,3.818,5.636,2.974,5.353,7.643,4.852,2.704,5.651,4.516,6.629,3.623,6.023,3.168,7.091,7.323,2.193,6.814,6.678,8.324,7.597,4.735,3.089,6.674,10.148,8.109,7.93,5.769,6.79,4.794,6.893,7.412,5.546,6.875,6.827,8.6,6.274,5.92,6.57,6.072,4.325,2.135,7.689,8.888,6.238,5.912,8.371,9.765,4.242,5.914,5.552,8.273,4.133,6.85,6.081,6.046,5.002,6.201,2.475,5.416,7.472,7.195,5.295,4.419,5.32,8.733,6.013,7.17,5.978,9.158,2.119,3.161,7.168,7.504,4.146,6.352,5.783,3.053,5.205,6.69,2.739,6.881,8.126,7.321,6.253,4.585,5.277,4.112,5.123,4.828,7.272,5.137,8.021,3.057,5.193,6.561,3.873,6.586,6.862,3.826,6.509,6.686,5.072,8.072,5.881,5.047,5.18,2.517,7.81,3.32,5.811,8.297,5.408,5.253,4.646,6.154,9.375,6.884,4.673,8.571,6.411,7.158,6.466,7.312,5.669,3.832,3.277,4.846,7.078,7.567,2.987,4.443,5.352,5.926,3.133,5.865,8.877,5.114,2.733,3.705,9.292,6.492,6.353,6.077,5.331,10.151,6.272,3.98,5.275,7.345,5.168,6.429,5.337,6.373,2.572,5.573,11.037,9.47,6.386,3.032,6.611,7.75,2.934,6.234,6.842,7.897,7.9,4.677,5.014,4.022,5.11,5.465,5.796,6.645,5.81,8.619,5.287,2.776,10.196,8.017,7.131,5.624,2.864,5.635,7.746,5.443,4.789,6.762,8.911,5.56,4.307,4.588,6.893,7.51,7.183,5.343,7.128,4.92,6.469,6.087,9.073,6.963,6.054,6.852,4.098,3.956,6.463,4.946,3.801,2.582,6.061,6.787,7.255,6.74,7.816,5.142,5.408,8.643,3.75,4.703,5.242,5.007,4.934,4.641,6.305,5.175,5.33,6.71,7.685,8.673,3.669,5.134,7.361,5.967,5.595,5.418,6.081,4.379,1.902,5.191,7.304,2.873,5.57,4.972,8.386,7.677,7.742,9.683,5.569,6.227,3.616,6.854,4.951,6.353,3.637,4.511,6.686,8.212,6.926,8.475,5.213,6.745,3.623,7.643,8.432,7.724,9.614,5.597
TRI-040,6.633,7.649,3.678,3.879,5.398,5.632,4.033,4.255,8.406,4.591,3.444,8.006,7.536,6.376,5.339,8.561,9.732,5.016,9.053,6.273,6.373,5.529,8.142,6.371,4.29,6.824,5.651,4.75,8.037,9.79,7.793,4.653,6.724,6.098,7.002,2.344,6.346,6.356,8.047,5.0,3.401,7.24,6.637,5.826,4.004,7.203,5.459,7.352,10.141,6.297,4.738,7.546,8.879,9.968,3.57,8.369,6.783,4.549,8.508,6.729,5.067,6.998,2.501,5.606,7.163,3.454,3.621,4.583,7.21,5.257,5.034,7.709,7.429,5.936,8.253,2.435,4.689,5.343,7.594,3.506,5.066,6.143,4.081,8.497,5.307,4.456,7.927,5.589,3.387,6.685,6.925,7.124,4.807,6.661,4.001,5.985,6.864,5.819,6.926,4.367,8.217,3.528,5.27,11.126,2.564,6.023,7.379,3.413,5.331,7.309,8.189,4.098,7.463,5.973,6.763,6.226,4.722,6.202,3.026,6.655,3.934,7.388,6.5,8.87,5.657,3.836,3.972,5.154,7.948,6.213,7.342,3.925,3.594,4.503,7.427,6.4,6.974,4.083,4.923,5.042,5.249,6.527,6.281,3.513,5.701,6.488,9.015,6.469,4.937,9.877,3.754,6.585,4.324,8.493,6.468,6.677,4.432,5.847,8.564,6.228,4.684,6.4,5.299,5.876,5.134,5.28,6.028,6.211,6.867,5.037,5.791,4.885,4.635,5.892,7.164,6.789,6.974,5.936,3.144,4.051,8.699,4.181,7.383,7.86,5.864,4.792,5.798,2.535,4.394,4.308,8.123,7.397,5.391,8.701,4.128,7.345,7.935,5.459,6.593,4.63,5.223,4.19,9.241,7.445,4.299,4.73,4.334,4.494,6.997,3.612,6.419,5.017,5.715,5.248,5.792,3.829,7.31,6.537,3.385,5.816,4.912,9.078,8.875,4.75,4.596,5.267,5.025,7.411,7.513,4.778,4.603,5.053,6.524,6.222,5.574,3.904,7.19,10.707,6.955,5.418,5.327,4.89,6.714,5.227,6.403,1.524,5.447,6.605,6.363,6.385,8.204,8.244,6.374,6.509,6.277,5.301,5.509,5.689,5.216,7.288,3.239,6.615,4.842,6.744,8.625,5.064,6.147,5.38,5.818,5.106,8.906,6.02,5.126,7.129,8.653,5.703,2.676,6.153,4.606,8.181,4.544,4.913,3.318,6.464,7.439,8.98,5.916,2.174,3.034,8.149,8.304,3.427,6.915,5.371,6.833,5.387,6.905,6.822,6.08,4.87
TRI-041,9.172,6.525,5.512,5.675,4.764,3.312,6.156,7.852,9.245,8.537,5.406,6.735,5.499,5.569,7.718,7.843,3.683,5.963,8.429,5.834,5.932,6.448,4.594,4.49,4.714,3.915,4.348,6.013,1.985,6.162,6.218,5.817,4.428,5.853,7.62,6.234,7.422,4.91,6.485,6.536,6.995,3.637,4.388,6.081,5.58,6.726,4.281,6.915,5.205,7.281,6.479,4.628,7.427,4.257,3.312,7.083,4.223,6.132,7.669,5.444,2.143,4.3,7.241,6.837,6.697,7.732,4.237,5.698,7.484,4.056,6.747,8.7,4.955,11.528,4.059,6.043,3.502,4.369,7.914,4.604,7.137,8.029,6.272,5.965,6.919,3.7,6.729,0.36,6.905,5.442,6.591,4.793,4.71,4.136,5.747,5.047,4.784,5.068,8.287,7.467,10.554,5.612,6.572,6.705,6.454,7.612,5.793,6.917,8.154,7.31,5.864,3.147,4.803,7.62,7.37,7.901,3.392,4.854,5.923,3.466,7.623,6.817,9.92,8.628,5.069,5.829,7.113,4.392,6.008,7.754,8.408,6.504,7.806,5.287,7.524,8.81,7.265,6.476,6.001,3.494,6.41,4.139,5.57,6.892,6.059,5.998,3.716,5.146,3.083,5.295,5.227,10.786,6.49,6.621,7.182,2.954,3.418,3.679,7.122,2.684,7.116,6.7,5.972,4.065,3.281,6.975,3.618,5.316,5.058,11.394,4.604,5.387,8.498,5.794,7.212,6.547,5.601,3.925,8.088,3.953,7.693,5.48,3.967,3.691,9.011,9.964,5.32,5.77,4.218,8.241,4.167,5.674,3.948,6.166,5.646,5.904,8.565,4.98,4.194,6.216,4.256,5.109,3.233,5.965,6.472,4.124,6.768,5.171,4.344,5.459,7.461,5.069,6.813,6.575,6.202,5.956,8.96,6.266,5.866,3.293,7.257,6.591,4.383,7.493,3.029,6.909,3.818,4.535,7.747,7.929,7.416,7.097,3.139,5.409,6.551,3.746,4.681,4.861,4.536,8.179,7.8,3.532,4.059,3.891,6.301,6.235,5.847,8.338,4.909,6.137,6.458,4.768,7.615,6.456,4.9,6.881,6.033,6.578,8.671,5.971,5.473,5.289,6.088,4.635,9.359,5.693,9.321,6.233,6.736,7.036,8.741,5.799,6.312,5.084,2.807,9.172,6.639,7.245,7.081,6.588,3.365,6.769,5.219,4.195,5.615,5.71,7.018,7.074,2.869,4.336,6.774,8.164,6.565,3.355,7.434,6.675,6.581,7.236,5.815,3.957
TRI-042,5.144,4.05,8.044,3.179,3.604,5.418,7.161,6.073,3.452,10.48,6.622,5.827,5.949,6.919,5.394,5.137,8.383,8.026,6.729,6.619,6.138,3.772,6.45,6.357,7.517,4.811,3.943,4.219,1.71,4.996,3.504,4.123,6.662,6.855,6.583,6.263,4.183,4.442,4.03,5.637,9.793,7.811,7.148,7.074,7.329,7.116,10.779,4.398,6.069,3.021,6.705,8.3,5.54,5.448,7.168,5.278,6.381,4.394,6.63,3.488,7.29,4.527,1.334,2.848,8.705,4.669,5.742,5.922,6.288,3.995,7.273,7.385,6.988,7.035,5.227,8.49,5.364,7.306,7.357,5.033,6.196,4.008,3.309,4.755,4.022,7.488,10.115,2.864,4.297,7.161,7.349,4.098,7.384,4.287,3.164,4.485,6.52,3.777,5.598,6.318,5.885,7.308,3.816,3.884,6.907,6.97,7.273,4.576,6.884,3.513,7.0,6.345,7.167,6.132,6.28,5.7,5.931,3.609,5.016,4.45,5.375,7.389,8.738,4.069,4.963,5.096,6.439,4.496,5.618,5.819,5.168,5.335,5.278,5.143,10.119,3.027,7.802,5.182,9.257,5.479,5.299,6.152,2.954,6.94,2.995,6.1,8.567,5.627,6.192,4.581,5.623,7.925,5.334,3.42,5.155,4.753,7.559,6.982,4.953,7.983,6.494,6.316,6.035,7.353,8.371,6.294,5.141,4.743,7.012,5.601,8.361,8.055,1.856,7.026,3.61,8.622,5.245,6.291,3.464,3.119,5.901,8.56,6.528,3.836,4.172,5.847,5.947,7.565,6.488,3.386,6.982,6.262,3.93,6.692,7.263,8.582,6.337,2.525,6.285,6.663,7.75,6.166,6.182,4.402,3.582,8.813,6.14,3.933,6.315,7.783,7.206,8.716,9.079,6.72,5.675,5.764,6.025,5.069,5.4,6.123,8.142,4.286,4.419,4.638,5.401,9.488,6.187,5.501,6.313,4.364,4.156,4.461,7.434,6.851,6.896,7.346,7.663,5.647,5.758,3.797,4.907,8.923,6.826,8.676,5.709,6.757,5.697,6.117,3.881,5.911,4.731,8.162,5.66,5.861,4.084,5.112,4.154,7.159,5.842,9.148,4.931,6.863,6.989,7.461,4.704,6.434,10.293,5.207,3.796,3.626,8.689,6.139,4.395,4.543,3.658,5.253,6.991,6.138,5.883,5.744,4.115,5.129,6.818,4.158,7.218,7.576,6.886,4.893,9.615,8.931,6.369,6.005,7.059,4.201,5.123,6.008,4.264,3.773,6.656,8.264
TRI-043,4.853,6.286,3.344,5.199,5.092,7.931,5.612,5.869,7.692,4.371,4.946,6.643,7.728,9.256,7.922,5.468,7.622,5.585,7.491,4.457,6.304,4.557,3.328,6.198,6.857,7.024,5.952,4.845,3.884,7.123,7.365,9.668,5.894,8.695,7.612,4.825,6.944,5.232,5.646,6.406,6.421,6.588,5.248,6.223,8.838,6.663,5.685,6.432,8.188,5.443,8.248,10.52,5.537,6.166,11.277,5.283,4.568,4.076,7.565,5.877,7.565,8.076,6.912,7.302,5.592,7.908,3.789,5.16,6.627,6.651,6.81,6.291,7.38,2.691,6.041,7.494,3.574,6.454,4.996,5.475,7.671,4.751,4.657,5.236,5.717,4.546,7.364,7.156,5.75,6.419,7.926,3.772,8.278,5.995,2.533,7.187,6.11,5.489,10.813,7.376,4.74,1.823,2.436,5.229,8.492,2.373,5.139,6.244,3.52,4.711,5.768,3.62,4.933,7.158,7.001,2.284,6.198,8.92,5.089,8.504,7.135,2.329,5.735,7.076,5.696,3.493,5.358,9.341,7.604,5.702,3.319,6.518,5.13,3.639,5.009,5.259,8.705,2.307,4.99,3.65,6.471,5.762,6.159,5.508,6.511,4.411,6.295,5.205,4.393,8.576,3.706,6.2,6.322,3.505,8.541,6.129,6.507,3.554,6.878,4.148,3.331,5.788,8.21,3.551,5.348,2.035,9.851,4.525,6.647,6.207,4.67,6.932,6.188,7.858,7.426,5.553,4.784,6.725,7.089,9.495,5.398,7.434,5.234,3.269,8.128,5.187,5.46,5.007,7.699,7.343,7.085,6.228,8.022,7.134,6.411,5.929,5.099,4.968,4.089,2.962,4.936,9.893,5.603,5.566,5.645,7.021,10.267,4.384,4.437,5.757,5.342,4.917,4.983,7.439,5.066,7.763,6.456,7.85,6.687,3.746,4.2,3.175,3.774,6.69,6.776,6.117,8.147,4.124,9.554,5.538,5.869,4.893,3.716,8.446,5.405,6.015,5.133,7.692,5.391,6.041,4.588,6.906,4.26,6.115,5.731,7.205,7.775,1.677,6.844,6.639,8.731,6.184,3.993,9.372,6.466,8.757,7.123,7.932,7.556,4.106,7.981,7.16,4.661,7.881,6.676,6.866,3.288,5.423,10.116,5.576,6.106,3.566,4.584,5.846,6.452,4.805,5.469,5.613,4.734,7.232,3.619,6.295,7.693,6.986,6.593,7.425,2.604,7.401,3.664,5.459,5.859,4.52,5.424,5.901,5.612,7.397,3.801,3.715,5.211,8.192
TRI-044,4.357,5.719,3.439,3.506,4.985,4.368,5.542,5.642,3.813,4.697,6.22,4.824,5.597,6.371,6.578,2.094,8.582,5.248,4.992,4.354,3.666,8.882,8.558,7.914,3.212,6.514,5.852,7.828,7.724,8.132,5.379,5.837,5.555,7.953,6.058,3.269,8.82,4.917,5.109,5.574,4.157,7.228,4.776,5.105,8.92,5.991,4.321,6.039,4.719,3.877,2.589,3.127,5.661,1.285,2.676,7.383,5.768,6.309,4.616,5.954,3.127,10.245,6.493,7.757,6.732,5.134,3.587,6.704,2.249,4.913,6.71,6.18,7.147,11.056,6.137,6.35,7.438,7.492,10.143,8.98,4.125,7.392,7.812,7.169,9.781,6.423,4.64,6.982,6.569,6.854,6.497,4.92,6.975,6.675,9.205,10.468,7.515,7.683,5.106,6.064,4.261,6.709,7.487,6.871,6.981,5.389,9.814,4.017,9.14,7.294,7.243,5.494,7.506,7.647,7.281,7.255,5.659,6.715,7.529,5.136,8.376,7.943,3.741,4.848,5.814,5.209,3.897,6.815,3.109,6.717,7.206,9.015,7.318,4.593,6.789,5.899,6.462,7.002,6.04,4.62,5.19,9.837,3.61,5.581,5.477,5.18,5.184,5.856,9.196,4.638,7.978,6.74,9.07,8.258,3.358,7.279,3.527,6.813,6.585,7.878,5.635,7.299,2.05,6.294,6.906,5.795,5.139,2.809,10.51,4.847,4.919,6.577,5.249,8.562,5.26,6.106,2.256,8.54,4.354,6.955,4.221,5.158,5.204,7.975,7.283,6.64,4.433,4.645,7.564,5.496,7.444,5.181,5.204,6.423,7.026,7.6,4.375,5.395,7.1,5.293,6.495,4.216,2.817,9.837,2.62,4.702,5.324,6.856,4.06,6.471,6.398,4.034,6.549,9.757,6.75,6.091,7.786,8.001,5.996,6.639,7.847,7.615,5.532,7.051,1.964,5.809,6.861,6.304,6.639,8.094,5.003,6.32,5.997,9.709,5.434,5.863,6.974,5.524,5.483,5.13,5.354,9.359,9.593,6.557,4.289,4.345,9.203,6.862,4.285,7.918,6.705,8.635,4.138,1.936,3.444,5.345,3.36,5.608,6.921,3.618,4.54,4.227,6.446,7.223,5.397,8.941,3.135,6.236,3.74,8.02,4.646,4.714,3.988,5.548,5.194,7.453,5.92,6.958,6.99,8.979,6.062,4.44,3.375,3.567,10.217,5.17,5.979,3.284,7.884,9.042,7.57,5.337,6.166,5.753,5.434,5.738,5.063,6.925,5.925,4.377
TRI-045,8.573,5.229,4.958,4.526,9.201,7.069,7.512,5.325,4.505,4.557,9.674,5.45,5.263,9.454,7.831,4.141,7.561,6.691,3.527,4.976,8.167,6.755,5.799,6.769,5.837,3.802,4.211,5.943,9.51,6.243,5.428,4.831,7.582,3.08,6.104,3.879,8.466,7.727,4.367,7.535,6.816,4.456,10.241,5.91,6.425,5.226,6.031,2.809,4.74,9.147,7.932,10.328,5.337,6.932,4.178,5.226,10.128,5.444,4.781,5.446,6.778,3.589,4.919,8.58,5.154,5.734,2.481,7.275,7.738,3.426,7.137,3.478,5.141,4.241,3.806,5.268,7.101,5.874,6.657,5.705,2.361,8.153,6.702,9.459,6.887,5.177,6.554,8.876,8.298,3.985,7.431,6.741,5.191,6.22,5.049,3.233,7.825,6.179,6.807,5.877,9.377,3.379,4.599,6.407,6.488,4.469,6.429,7.374,6.694,6.675,5.334,5.083,6.432,8.441,6.275,4.292,6.292,4.021,5.953,5.479,7.154,5.144,5.093,5.371,4.206,6.01,4.374,7.922,7.499,5.659,7.161,9.281,7.343,6.493,3.986,8.163,4.863,2.892,7.033,6.906,6.345,3.673,5.257,6.893,4.719,3.795,5.661,7.263,7.876,5.044,7.22,5.898,5.423,5.065,3.452,6.091,8.346,6.738,9.579,7.254,2.459,10.253,6.387,4.73,5.749,6.732,4.314,4.497,6.444,4.729,3.567,6.143,6.748,5.436,6.8,3.943,5.133,4.533,8.692,3.462,5.648,2.981,6.542,3.711,7.413,6.462,6.122,4.964,5.218,6.123,9.032,6.211,5.726,4.69,2.883,6.044,8.49,6.631,4.963,7.353,5.895,7.918,3.556,4.235,8.456,8.317,6.585,6.508,5.366,6.249,6.405,6.183,3.372,7.353,6.966,4.382,6.361,6.485,5.991,5.736,5.994,5.401,5.247,4.882,5.141,4.155,5.757,7.473,5.472,7.215,7.508,6.953,3.259,5.381,7.485,4.577,7.858,5.998,4.155,2.212,7.989,8.787,3.163,5.878,6.956,4.302,3.435,5.067,3.053,7.048,5.058,7.668,5.787,6.385,3.674,6.355,5.425,5.731,4.285,5.582,4.525,3.058,6.045,4.557,8.625,6.383,6.309,7.386,7.395,3.822,9.334,9.168,8.98,2.72,6.819,8.577,7.903,8.485,3.135,5.915,4.5,5.764,6.535,9.647,5.017,7.917,6.873,5.539,5.064,7.451,6.217,7.1,6.545,9.132,3.981,5.526,4.308,4.318,1.963,7.456
TRI-046,8.466,5.823,4.108,7.0,5.621,2.69,6.619,5.649,5.896,4.77,7.598,6.04,7.075,9.172,5.599,5.571,6.729,6.233,5.744,6.425,4.396,7.187,5.708,4.199,4.858,7.161,7.873,5.333,3.425,7.092,2.407,5.579,7.927,5.836,5.104,9.582,6.93,5.675,3.961,5.792,5.811,7.919,5.007,4.444,6.288,5.981,5.496,5.429,2.204,7.007,3.844,7.705,2.563,8.142,3.428,3.695,4.97,5.128,5.358,6.197,4.599,6.901,2.928,5.258,4.133,4.818,7.27,4.418,6.952,3.356,7.932,7.716,6.641,8.293,3.945,9.511,5.359,3.124,9.855,8.142,2.914,6.252,6.156,4.019,7.799,5.953,6.83,6.206,6.791,7.47,5.403,6.48,5.509,6.817,5.204,5.794,6.352,5.615,9.18,6.576,7.878,5.461,8.054,8.953,2.553,4.895,6.802,8.096,4.435,5.633,5.346,5.774,8.215,6.228,5.738,8.822,6.558,7.389,6.617,4.543,1.517,3.685,10.173,6.66,5.911,6.233,6.536,7.01,7.981,6.975,6.142,5.554,3.901,5.938,3.594,4.903,5.524,7.468,7.27,4.709,6.176,6.32,5.277,6.723,5.743,6.125,3.332,8.661,5.76,6.946,6.11,5.307,5.077,6.612,4.576,2.191,8.2,5.978,5.297,6.19,5.641,7.664,6.537,4.767,6.356,6.458,5.653,6.912,5.67,3.106,4.332,5.983,3.333,6.414,4.363,5.263,6.902,4.059,4.435,6.755,4.311,1.132,5.71,8.002,5.283,3.918,5.413,6.156,6.255,4.339,4.57,5.872,8.063,6.467,4.742,6.89,5.315,3.901,5.224,6.366,6.628,3.571,3.156,2.834,6.635,6.692,5.45,4.338,6.521,8.203,7.06,7.436,4.896,7.453,6.588,4.747,7.308,4.124,7.941,6.873,6.51,5.777,5.749,6.677,4.468,8.407,5.09,2.717,7.214,6.296,6.399,4.538,10.576,5.293,8.803,5.214,5.072,6.02,5.773,3.387,6.071,3.093,4.868,5.665,8.237,6.707,5.267,6.434,7.587,3.459,8.494,6.51,7.592,7.738,4.34,5.925,4.225,7.201,7.896,7.323,3.747,6.618,0.991,7.711,6.836,5.098,6.083,6.159,6.965,7.247,8.649,4.449,6.125,8.426,7.392,5.668,3.353,3.442,6.012,5.31,3.274,4.598,6.268,5.457,4.982,5.839,5.547,6.702,4.476,7.193,6.863,3.813,6.014,7.088,6.237,6.037,4.993,2.253,4.349,8.31
TRI-047,3.88,9.595,3.382,3.714,5.143,10.475,3.219,7.653,5.819,8.449,8.22,4.905,8.429,7.243,8.854,8.648,6.196,5.833,10.418,7.187,6.732,4.257,7.105,5.973,5.407,3.556,4.468,5.83,6.398,6.331,6.251,6.211,5.849,8.735,5.226,5.607,4.845,5.836,5.088,5.598,5.479,6.479,7.858,5.721,5.301,6.668,3.394,5.265,6.319,2.447,0.622,4.864,3.178,8.732,7.268,5.049,8.314,4.951,6.941,7.152,6.499,3.466,6.012,5.009,6.017,4.636,4.59,5.603,5.998,9.381,5.335,4.788,6.115,7.051,6.208,7.176,5.732,6.004,4.495,6.645,6.528,10.891,2.134,5.38,3.677,7.981,7.891,5.327,5.626,7.35,4.664,6.626,9.457,10.779,5.525,6.57,7.322,4.4,6.801,7.295,10.661,10.496,6.457,5.59,6.062,4.408,7.179,6.379,6.483,5.47,5.083,7.181,7.207,2.165,5.234,8.291,6.323,7.163,4.22,4.652,7.23,7.244,6.564,6.873,5.298,4.678,9.651,5.267,5.037,1.107,6.517,6.907,6.351,3.104,6.456,7.082,6.053,4.908,6.896,5.621,5.451,4.928,7.664,5.529,4.619,7.111,1.586,4.145,5.765,6.128,6.097,4.354,6.998,6.444,6.318,8.906,7.439,9.138,7.5,5.528,8.492,6.48,6.647,3.547,8.21,8.214,8.522,3.823,6.044,3.687,4.53,4.508,6.769,3.811,5.407,7.309,5.092,8.51,5.536,4.349,4.958,3.747,6.426,6.08,5.876,4.726,6.79,5.71,7.699,6.664,4.371,5.221,6.624,5.944,7.519,3.062,4.967,6.069,5.686,5.934,4.966,4.071,7.083,4.739,7.838,7.139,3.04,6.782,4.349,6.079,7.242,7.015,6.574,3.815,6.809,5.777,7.483,4.547,5.967,8.445,6.214,5.119,8.389,5.453,5.239,4.263,3.196,7.234,7.903,3.695,3.181,4.731,6.565,5.833,7.205,7.629,8.343,4.329,6.988,7.944,10.964,5.184,6.142,4.711,4.126,9.125,5.918,3.931,5.907,7.599,6.747,7.645,6.69,9.061,7.437,7.904,5.994,6.531,5.675,3.96,4.635,5.956,4.735,6.98,6.094,6.712,6.801,2.841,4.826,7.561,6.76,6.154,7.051,9.336,5.481,6.234,7.845,5.278,7.63,6.879,4.49,7.28,6.692,4.955,6.621,7.318,6.419,7.587,5.539,7.201,5.717,6.638,2.694,2.516,5.633,8.377,5.082,7.269,2.301,4.909
TRI-048,6.526,5.797,5.737,7.948,4.651,5.095,3.991,3.786,8.081,5.623,8.325,5.773,4.308,9.326,5.261,1.256,6.637,7.209,6.029,5.916,9.114,4.832,4.127,4.748,5.961,7.166,6.242,4.162,3.778,5.046,7.92,9.338,8.481,7.979,8.458,5.219,6.64,1.885,7.866,3.273,5.826,6.981,4.395,6.999,6.505,4.777,4.58,6.081,7.805,6.666,8.953,6.632,4.259,8.391,5.658,5.544,4.842,6.955,6.637,6.512,5.248,8.369,7.605,6.758,6.326,4.897,3.558,4.218,5.446,7.723,6.221,4.349,4.774,5.786,4.231,3.686,7.755,7.214,7.237,6.922,7.262,6.858,8.299,5.964,6.319,3.334,5.284,5.896,5.577,8.588,3.023,4.397,4.878,6.006,7.902,8.613,7.642,6.433,6.163,4.992,7.257,7.908,7.025,4.42,6.016,5.775,6.1,5.289,5.856,6.168,8.464,7.593,7.115,5.29,4.791,5.311,8.3,3.931,6.376,5.049,8.851,5.913,4.332,6.226,4.56,6.57,9.599,7.155,4.146,2.424,5.687,8.887,3.248,5.782,5.13,4.624,8.104,3.651,6.571,6.079,4.516,7.081,9.2,6.894,8.382,7.166,5.356,4.558,5.049,9.323,5.672,5.742,6.039,2.404,5.89,5.036,7.619,6.463,6.475,4.364,4.061,8.8,5.95,6.217,5.914,3.486,6.542,6.771,3.708,6.712,9.077,6.222,5.552,5.818,5.568,4.69,3.728,5.257,7.11,6.116,7.054,6.854,8.743,6.279,7.224,5.386,5.266,7.804,5.778,4.431,4.375,5.106,7.904,5.112,4.852,8.084,6.349,5.767,7.76,5.185,6.281,4.685,5.17,7.255,6.88,3.774,5.594,6.856,7.392,8.034,6.268,5.296,7.004,5.362,7.269,5.691,8.024,8.077,4.718,5.847,3.702,3.514,8.48,4.984,5.204,7.371,10.377,8.162,5.083,3.715,4.283,6.257,8.28,4.602,6.124,4.129,3.73,4.852,6.55,6.309,4.861,3.475,5.607,4.861,7.476,4.897,5.851,8.693,7.907,7.933,2.585,4.637,8.604,6.852,7.846,1.709,2.67,4.639,4.908,9.497,5.009,6.491,8.178,8.671,5.537,6.744,5.433,4.713,9.449,3.776,5.928,4.534,8.879,8.787,4.837,3.0,8.592,5.242,6.012,4.81,5.665,6.316,8.059,6.28,7.654,8.579,3.733,5.804,6.79,5.781,3.546,2.274,6.857,7.985,6.453,6.717,3.725,5.318,5.557,7.65
TRI-049,5.869,5.417,4.849,3.943,6.904,6.373,8.06,5.892,6.361,4.679,6.776,2.112,6.329,9.336,4.188,5.251,8.247,5.221,4.775,7.511,7.096,7.288,7.536,4.587,5.407,5.378,4.06,4.336,7.175,4.521,2.92,5.028,5.613,6.205,5.91,5.691,2.753,7.186,4.399,3.954,5.397,3.626,4.724,7.08,6.319,6.817,8.937,4.326,8.479,8.546,7.38,5.525,5.799,5.77,5.763,2.799,6.008,3.474,7.869,9.72,3.068,7.661,7.064,4.735,4.736,5.525,3.963,4.372,5.536,4.305,4.944,9.425,7.889,4.523,4.722,7.787,6.658,7.837,4.009,5.624,6.892,7.72,8.164,4.375,6.001,3.353,5.089,3.667,4.829,8.098,5.51,8.826,5.242,10.974,8.491,4.581,8.419,5.626,4.288,4.969,7.505,5.1,4.947,8.069,5.077,6.597,8.468,8.135,8.233,6.547,5.783,4.789,7.607,3.778,5.048,5.624,5.622,5.092,6.209,6.225,3.511,3.457,5.665,3.481,7.667,6.98,6.935,10.094,5.569,7.3,4.19,6.32,5.725,4.37,5.404,5.502,3.934,7.576,6.163,4.448,7.236,5.938,8.944,4.013,6.584,8.082,6.101,5.437,7.47,3.777,4.802,3.759,7.163,4.966,7.907,6.039,6.48,6.062,6.915,7.747,9.441,4.826,8.634,6.258,5.525,1.384,6.587,3.938,5.968,8.317,7.39,6.035,3.709,7.004,6.692,6.45,6.993,7.427,4.296,6.837,8.887,5.974,4.36,5.261,8.141,5.714,9.284,6.39,4.467,3.603,3.8,6.292,9.376,7.134,8.573,4.224,5.928,8.017,6.262,5.55,4.49,6.687,4.327,6.31,6.452,6.451,5.869,6.861,8.588,6.157,4.542,3.225,6.43,4.996,4.224,3.677,5.018,7.283,7.296,8.049,5.462,5.049,4.792,7.841,6.151,3.351,7.242,6.184,7.89,6.486,4.769,6.61,4.36,4.661,5.452,7.595,5.135,3.377,9.12,7.19,4.988,8.44,5.833,6.84,6.394,5.912,6.335,6.202,4.502,7.785,6.584,6.004,5.449,4.716,5.356,6.121,6.666,5.454,7.204,6.363,8.601,6.744,6.036,3.102,6.692,7.142,7.1,3.461,6.395,6.602,5.918,3.344,7.454,5.749,4.303,10.237,7.449,5.17,5.626,5.156,3.668,9.346,4.342,5.217,7.01,5.103,8.561,9.113,4.738,5.962,4.014,6.252,6.114,7.164,7.875,5.592,4.061,5.01,4.959,5.248
TRI-050,7.329,7.574,5.121,3.032,5.017,6.49,5.208,4.953,7.712,6.455,6.231,5.05,8.444,5.119,6.147,6.847,5.576,7.27,5.352,7.418,5.663,6.725,8.961,5.109,6.833,8.024,6.248,5.198,3.13,4.645,6.606,6.181,6.378,6.318,7.339,7.531,8.162,7.211,8.124,4.503,5.256,7.877,11.051,5.042,3.723,5.534,5.876,4.475,7.171,6.844,2.281,4.84,3.485,6.645,3.533,7.857,7.574,6.662,4.641,6.364,5.948,3.815,5.541,3.862,7.478,5.531,5.415,5.317,3.258,8.364,6.413,7.012,6.798,5.608,8.589,8.032,4.275,8.251,2.273,7.16,1.908,3.825,7.318,5.162,4.476,7.24,6.3,6.387,7.96,8.491,5.761,6.482,5.325,6.129,2.484,7.717,4.49,7.437,6.405,1.542,5.658,8.854,5.302,7.651,5.08,5.375,9.437,8.309,5.393,6.367,4.544,6.457,6.451,6.969,4.967,7.117,6.049,5.286,6.568,3.596,6.404,7.723,5.985,5.41,4.949,4.95,4.268,3.574,3.732,5.407,5.206,6.155,5.187,4.228,5.955,9.791,4.098,2.336,4.766,5.053,5.223,5.786,7.377,6.22,5.607,5.238,4.95,5.924,3.566,4.661,5.395,5.898,4.31,7.0,6.834,4.752,4.299,6.354,7.164,5.524,5.007,4.018,4.838,7.487,6.411,4.809,4.008,5.126,6.386,3.489,6.056,5.987,7.366,7.937,8.541,6.241,3.578,5.611,7.013,6.89,6.106,4.32,2.797,5.691,5.17,6.341,8.836,9.563,7.817,8.756,7.427,4.505,8.453,1.999,6.237,8.504,5.93,8.894,5.827,7.128,1.873,5.57,5.02,6.076,4.592,5.515,7.559,4.168,7.252,4.213,6.338,4.22,4.353,6.902,7.039,4.732,4.729,7.107,4.034,6.279,5.769,5.984,7.15,6.968,4.749,6.062,5.898,5.862,4.445,4.744,5.88,6.913,6.702,6.905,5.379,6.656,3.166,4.592,6.107,7.438,7.048,7.853,2.93,4.735,4.824,9.871,1.076,8.164,3.651,7.712,6.231,5.259,5.568,7.351,3.283,9.896,7.632,5.352,4.272,7.614,6.806,5.338,6.15,5.537,2.87,5.365,5.373,6.682,5.562,5.55,7.269,6.12,5.445,8.33,5.485,5.187,5.444,5.383,3.596,9.403,9.278,5.721,6.085,7.018,8.168,5.637,8.576,2.791,6.976,4.844,5.989,8.18,3.148,5.742,5.649,8.268,6.247,7.419,3.795,3.908
TRI-051,7.153,10.14,8.721,6.623,4.91,2.875,4.185,10.177,5.192,8.207,6.578,5.763,7.807,7.636,4.121,4.619,9.66,7.744,7.714,6.45,6.357,4.102,7.93,7.311,4.104,4.32,7.7,3.561,4.956,7.952,5.939,2.996,5.82,5.689,6.458,7.528,4.958,6.654,3.75,6.747,5.114,5.7,5.454,5.682,6.741,7.978,3.789,3.923,7.585,3.988,3.075,5.722,2.998,4.242,6.634,6.105,4.552,6.092,4.612,8.107,3.847,7.939,7.013,7.029,3.977,7.537,4.38,6.971,8.93,6.245,3.734,6.095,8.488,8.496,8.241,8.54,6.442,6.369,5.876,4.398,6.213,4.096,6.629,3.529,6.542,6.525,4.833,5.88,6.424,4.764,5.529,5.459,6.026,5.631,8.365,3.983,6.396,3.623,6.289,4.147,5.443,5.454,4.184,4.894,8.612,7.026,8.409,4.256,4.737,7.193,7.618,2.851,5.521,6.775,5.011,4.988,5.643,5.72,6.599,4.474,7.174,5.94,4.165,6.497,7.863,3.917,6.609,6.937,9.053,9.767,3.418,6.584,4.069,7.282,7.385,8.176,5.278,7.052,3.349,4.123,5.009,7.965,5.325,4.575,4.674,7.306,6.545,6.19,6.473,7.674,7.384,6.207,3.783,5.049,4.505,8.93,8.142,5.483,7.108,8.434,6.412,6.937,4.612,5.958,5.985,6.261,6.09,3.357,5.132,3.584,7.132,11.303,6.374,7.272,5.527,5.024,2.998,5.89,6.638,7.669,5.858,8.782,6.426,3.734,6.739,6.791,7.208,7.578,4.023,6.578,6.066,5.141,4.964,8.005,6.457,4.824,5.931,6.861,8.568,6.773,6.532,7.73,3.728,4.1,4.75,5.219,6.127,6.947,6.002,6.638,6.296,4.128,8.533,4.827,6.532,5.064,6.114,4.464,3.732,2.544,5.531,6.333,5.905,8.367,5.697,5.444,6.819,6.678,6.914,6.19,7.092,6.647,5.699,7.532,6.473,5.69,5.491,3.071,8.573,2.584,4.929,9.576,6.957,7.995,8.698,3.162,8.272,4.638,7.604,7.048,4.353,4.529,5.723,6.545,6.25,6.556,5.436,8.334,2.691,5.4,6.986,6.841,9.456,8.422,5.485,4.07,7.784,8.52,4.471,5.283,4.941,5.74,6.793,4.574,5.13,2.186,8.144,5.899,8.166,8.874,5.279,4.92,6.265,8.533,8.554,7.548,6.927,4.516,5.943,9.049,8.019,4.904,6.812,4.664,5.093,7.375,5.168,8.228,3.581,4.679
TRI-052,4.636,8.449,6.228,6.756,2.487,7.755,5.233,4.553,3.687,8.856,5.082,5.774,5.431,5.393,6.391,5.92,6.909,6.02,6.325,8.87,7.217,6.115,6.649,6.289,4.383,5.44,4.325,5.007,5.99,3.17,5.135,7.703,6.982,5.402,4.06,3.551,6.975,6.561,6.151,5.236,4.671,5.249,7.066,5.933,7.359,5.355,7.737,2.353,8.882,3.107,7.287,8.756,6.799,8.187,6.735,7.364,7.89,5.363,7.092,6.172,4.827,6.106,9.214,8.445,3.334,3.924,6.523,7.605,7.707,4.31,5.244,7.024,4.337,7.344,5.233,6.746,4.84,7.603,7.038,6.508,4.288,7.285,7.557,6.868,6.797,6.177,7.697,7.942,5.743,6.674,7.858,7.204,4.727,6.115,8.83,5.072,6.764,6.365,4.524,3.826,7.069,6.783,5.883,8.531,7.341,5.021,6.126,5.91,5.091,6.957,5.798,5.192,4.519,7.308,5.064,7.128,7.584,5.0,4.954,7.345,4.084,6.991,7.011,4.173,7.309,3.338,6.048,5.25,3.589,5.143,6.654,4.667,6.085,6.906,5.368,5.937,7.034,7.083,5.687,5.275,6.807,2.754,4.66,2.723,4.147,6.35,5.123,4.814,7.048,6.359,6.796,6.132,7.409,5.666,8.486,7.197,5.096,7.022,7.84,4.559,7.099,3.912,8.196,6.126,5.874,6.636,4.705,6.218,4.463,3.679,5.283,5.611,5.713,4.747,6.403,5.545,5.522,4.815,3.691,4.197,5.186,7.004,2.717,5.547,5.85,5.715,7.406,4.84,5.481,4.917,5.575,9.395,6.252,6.444,5.217,3.927,4.416,8.059,3.408,6.316,6.818,9.577,6.117,4.047,8.214,3.863,5.29,7.317,5.254,6.366,4.844,5.907,6.193,6.669,4.752,5.259,7.036,6.584,5.261,5.052,5.073,7.247,6.126,4.053,3.789,5.374,3.182,4.561,6.503,8.951,4.207,3.817,5.062,4.665,6.87,7.579,7.697,4.196,7.227,9.576,4.609,5.536,3.449,6.228,6.943,8.171,5.226,7.613,7.353,4.61,7.662,9.042,4.303,6.302,6.771,7.183,4.682,5.13,3.637,5.785,4.618,9.315,5.032,5.935,8.42,6.921,8.638,5.332,7.907,9.136,5.279,5.249,6.838,5.094,6.447,4.283,10.041,3.392,8.808,3.24,3.315,8.687,5.161,8.177,5.994,5.258,5.56,6.386,7.657,7.658,8.269,8.41,7.599,4.873,3.99,9.43,4.993,5.881,3.857,3.759
TRI-053,5.967,4.617,5.659,4.171,3.639,7.214,4.702,3.529,2.805,6.446,5.041,4.471,4.62,5.809,6.247,5.442,5.244,5.776,4.579,2.865,6.666,6.445,6.208,8.662,7.265,9.336,5.424,8.72,8.207,6.801,5.585,6.094,10.451,4.786,8.055,5.499,5.801,5.437,3.566,5.968,7.035,6.25,6.732,5.312,7.855,3.894,5.923,6.739,6.962,6.29,4.14,5.887,3.67,8.849,6.137,0.343,5.655,5.967,6.333,9.108,5.34,3.709,8.426,5.954,7.944,5.023,7.848,6.535,8.566,5.79,3.675,7.035,5.434,4.805,7.876,4.727,7.232,5.208,9.061,6.216,2.861,5.246,7.513,6.847,7.018,6.595,6.15,5.523,5.26,6.001,4.664,5.76,7.627,5.093,5.945,5.376,4.251,4.112,7.053,6.858,5.376,7.128,9.436,5.188,4.222,5.251,5.515,7.734,5.525,4.359,9.207,5.903,5.96,5.35,10.328,5.991,4.18,7.991,4.791,3.828,3.258,7.512,5.672,8.22,4.661,6.114,3.47,6.588,7.883,9.222,4.379,5.433,5.324,3.035,5.739,4.952,5.886,3.664,7.492,5.98,3.796,9.149,6.589,6.706,8.303,5.554,5.905,4.019,2.75,5.386,4.365,6.104,4.36,4.301,7.817,5.412,5.335,7.753,6.563,4.347,5.681,7.213,8.105,7.403,7.339,4.157,3.412,4.365,6.079,4.507,5.696,7.158,6.185,5.875,8.404,3.702,5.106,4.231,4.868,5.2,2.002,5.935,8.063,7.01,5.429,7.707,6.784,8.303,6.088,6.915,3.138,7.121,4.437,6.13,6.621,7.398,3.611,5.564,6.861,6.043,6.084,6.741,6.167,5.515,4.931,7.747,2.264,8.966,8.332,7.269,4.808,3.469,9.034,5.295,6.783,6.117,6.498,5.244,2.948,4.533,5.681,6.263,4.173,2.853,5.05,7.739,3.775,8.739,5.094,4.594,4.887,6.426,7.176,4.736,4.288,2.785,4.087,3.579,5.851,5.311,4.972,8.73,4.617,5.606,6.879,7.703,7.431,6.363,7.078,6.172,6.63,4.089,6.297,9.178,8.843,7.38,4.78,3.743,6.244,4.736,3.673,5.568,8.701,1.9,6.271,7.242,9.517,8.441,2.715,7.781,7.431,4.317,7.206,7.711,8.633,4.337,6.665,6.189,6.398,4.661,7.609,6.538,6.856,7.598,5.038,7.754,6.185,7.254,6.889,5.901,6.203,3.334,2.257,5.455,7.825,6.298,8.457,4.815,8.034,3.564
TRI-054,6.403,9.423,6.367,8.665,7.231,3.352,6.678,7.344,9.545,6.583,7.204,10.36,6.557,9.06,5.105,4.719,6.847,6.448,4.613,5.615,7.51,4.975,3.4,3.982,5.837,5.342,4.767,4.353,5.732,7.851,6.566,5.669,6.716,8.24,4.049,4.878,5.706,9.009,5.817,11.039,6.606,6.586,6.136,7.004,7.621,8.267,4.288,6.395,5.012,6.901,6.032,3.178,7.002,7.73,8.971,4.97,6.652,5.407,7.511,6.614,3.458,7.53,6.222,7.857,6.164,5.493,6.223,7.715,6.245,9.078,4.955,3.104,6.472,6.096,4.714,6.323,6.441,5.869,2.595,7.925,6.335,9.229,8.536,8.549,7.563,8.188,7.172,7.61,3.984,8.96,7.259,5.212,5.375,2.9,8.59,7.417,5.945,5.648,4.569,6.239,7.866,4.238,6.58,7.753,6.417,5.281,7.4,4.823,7.147,5.552,6.124,5.76,6.089,4.981,5.715,7.588,6.775,5.806,3.642,2.325,5.583,7.798,6.261,4.447,7.748,3.638,5.975,8.477,7.685,4.968,7.944,6.876,8.634,8.365,4.347,6.884,5.91,6.223,8.247,6.611,7.581,5.854,6.68,6.26,4.622,3.665,5.763,7.374,7.029,5.037,6.578,7.741,6.838,5.661,6.128,6.027,6.778,5.486,5.116,6.99,5.775,6.673,3.586,5.809,7.015,9.607,6.198,7.094,6.179,5.762,5.041,6.519,6.23,7.362,6.109,5.023,5.035,3.622,6.642,6.401,8.064,6.623,3.927,5.932,6.903,8.198,8.533,4.482,8.772,6.773,6.951,7.796,5.374,6.111,4.921,5.317,5.39,4.947,6.491,5.667,4.971,6.948,6.314,4.432,6.67,2.538,6.934,4.788,7.835,6.95,8.197,7.073,7.485,5.551,5.115,7.299,5.573,6.367,5.61,4.318,7.589,4.103,4.508,3.57,5.48,5.755,6.74,6.442,4.988,3.835,6.738,2.165,7.326,3.661,5.792,4.975,5.372,5.476,3.722,6.578,6.952,7.813,4.43,5.095,3.805,5.397,5.272,3.618,5.245,4.497,3.954,2.969,7.022,4.623,7.259,7.313,5.452,6.583,4.3,2.731,4.77,3.333,3.402,9.448,4.713,5.477,5.457,5.1,6.609,5.406,4.771,7.589,5.583,5.678,7.152,4.491,5.981,4.792,6.798,6.748,2.67,6.099,7.343,4.876,2.693,7.157,9.291,5.256,7.303,5.444,6.234,4.938,7.642,3.391,5.959,6.074,4.682,6.154,6.132,5.668
TRI-055,5.923,5.188,8.492,5.602,2.199,8.101,8.141,5.274,6.441,7.62,8.128,3.66,5.886,3.768,4.393,4.993,4.739,7.615,4.658,9.798,5.371,8.897,6.171,4.767,7.311,11.721,6.435,7.441,6.156,3.793,6.703,5.377,9.788,3.302,5.772,9.444,4.056,4.509,3.46,4.28,5.882,5.555,4.522,8.195,6.524,4.021,7.123,8.825,6.531,7.443,7.291,3.32,6.588,5.189,5.072,5.9,5.465,4.04,4.102,7.029,7.249,5.854,5.066,6.209,7.581,6.539,5.485,5.493,7.404,3.498,7.284,4.798,6.482,4.728,8.141,6.468,6.828,7.61,6.636,6.742,6.133,6.747,7.214,7.318,7.526,7.549,5.822,5.07,4.559,4.832,4.825,3.587,4.542,3.43,1.035,5.654,4.963,5.272,5.479,5.749,7.025,7.166,6.096,6.585,6.862,6.412,3.301,2.632,5.501,7.77,5.015,5.797,8.113,4.633,8.526,5.47,5.229,4.575,5.896,3.486,5.539,2.129,5.65,4.867,7.324,7.448,5.212,5.725,6.091,7.404,5.049,3.46,1.82,6.223,4.454,4.809,8.152,6.272,5.232,3.438,4.935,7.751,8.687,5.656,3.122,4.734,7.189,6.173,7.307,6.852,5.791,7.837,7.943,7.212,7.937,5.832,2.695,7.104,2.798,8.397,6.407,7.473,7.646,1.888,5.0,6.573,5.655,5.475,1.21,7.347,3.225,5.248,6.855,7.469,6.573,6.739,4.923,2.293,5.739,3.417,6.525,5.37,3.793,6.071,5.471,6.985,4.047,4.522,5.718,4.876,4.528,6.722,5.849,5.735,3.987,7.588,5.486,5.393,6.965,7.729,6.802,7.475,4.065,4.629,4.757,4.694,7.706,7.03,6.189,3.864,4.314,5.213,6.385,7.73,4.546,3.33,4.307,7.205,5.181,4.968,6.42,5.868,8.218,8.553,5.063,5.875,6.653,3.53,4.972,5.059,9.583,4.684,5.877,3.9,6.518,3.958,3.889,6.784,7.863,5.626,4.1,6.18,8.828,9.215,5.871,3.268,5.232,4.539,7.942,5.058,5.764,3.812,6.051,7.323,8.628,6.706,8.721,5.53,6.461,8.089,7.367,5.461,5.039,6.201,5.973,3.154,5.069,3.5,5.767,5.938,7.72,3.761,5.692,8.65,6.543,5.71,7.423,5.687,6.132,6.362,5.829,7.257,2.724,7.082,5.376,8.527,5.093,5.088,6.975,7.044,7.246,5.89,6.834,8.822,6.792,6.966,6.048,4.954,4.519,3.475
TRI-056,7.093,8.537,4.126,6.538,4.14,6.465,7.062,7.174,7.07,7.738,6.087,7.718,6.622,7.53,5.654,7.584,4.469,8.314,6.103,5.09,7.167,3.69,5.094,5.111,6.752,5.294,7.514,3.352,4.745,5.401,6.778,7.629,6.978,7.17,5.931,8.071,9.724,6.948,7.949,9.248,7.001,9.636,7.044,3.986,4.168,4.567,4.254,7.983,7.003,5.165,3.789,7.202,3.077,6.921,7.912,4.671,5.909,4.645,4.187,5.286,5.504,4.177,3.059,6.071,6.95,4.58,5.052,6.81,6.294,5.919,6.715,7.378,6.31,5.403,6.244,4.354,5.876,6.282,8.805,7.009,5.623,8.009,4.632,4.366,6.648,3.739,6.826,5.823,9.394,5.13,6.148,8.884,7.51,6.134,4.09,8.287,5.988,4.182,8.363,5.093,5.882,4.792,8.29,7.692,5.23,9.464,8.268,5.873,6.913,3.262,3.708,6.931,5.658,4.752,6.218,6.61,7.278,5.959,8.065,4.952,4.903,6.785,6.911,7.196,7.731,3.453,8.644,6.578,9.27,6.593,7.6,4.51,8.875,4.867,4.062,6.188,6.105,8.177,10.042,6.158,3.373,5.97,7.272,6.285,5.019,3.048,2.746,5.401,3.809,5.698,3.215,5.589,4.704,6.072,7.695,4.342,6.143,5.126,7.933,6.163,5.282,4.643,4.847,8.764,5.887,6.888,6.25,9.259,8.221,4.402,4.986,5.779,5.016,5.743,6.585,3.916,7.883,4.577,5.884,7.612,5.454,7.009,6.74,6.176,4.385,9.462,5.811,6.219,4.506,5.288,8.246,5.638,6.41,3.227,8.701,4.962,7.316,3.886,6.68,5.027,10.043,5.598,8.152,3.063,5.717,3.167,5.337,3.559,5.736,5.524,9.828,7.977,5.597,6.755,7.33,5.507,5.265,4.698,7.579,4.172,4.206,3.167,6.844,6.638,8.937,4.543,6.701,7.532,7.175,7.174,8.721,4.338,6.754,2.839,6.354,4.165,5.557,5.802,6.423,2.288,2.598,7.138,8.324,6.663,10.202,4.561,6.308,5.55,5.146,4.337,3.661,6.093,7.904,6.841,5.371,5.306,5.686,5.383,3.999,7.852,9.337,6.342,3.904,4.133,7.074,7.222,3.596,3.873,3.78,5.067,5.677,7.11,6.203,6.147,4.474,5.785,3.791,5.189,5.832,8.977,5.38,9.444,5.484,7.106,7.097,5.806,7.979,8.002,7.258,5.492,9.545,3.889,5.813,8.696,6.604,6.666,7.676,2.274,9.477,5.591
TRI-057,6.902,4.071,6.424,6.139,4.918,5.255,2.724,2.302,6.438,8.578,6.259,5.903,7.483,5.83,6.572,7.949,6.22,6.325,6.538,5.777,5.205,4.575,7.228,6.17,3.582,9.024,7.95,7.583,5.194,7.993,4.994,7.198,8.763,6.348,8.74,6.998,6.586,3.828,9.639,9.214,4.119,4.911,7.069,5.591,5.906,7.835,3.219,9.268,4.737,6.953,8.877,8.114,4.927,6.771,6.314,3.632,7.201,6.209,3.61,3.471,5.587,6.053,3.29,3.641,4.792,6.21,6.656,7.958,7.613,8.513,6.747,7.48,5.43,5.839,7.652,5.147,6.627,8.098,3.801,4.736,5.569,5.906,6.666,6.499,5.827,2.515,3.793,7.989,7.701,5.4,6.851,4.857,4.163,5.713,5.93,4.905,6.187,7.174,5.024,3.588,7.247,7.917,4.781,5.331,2.203,7.185,6.205,5.789,5.294,3.552,3.47,4.254,2.876,3.338,7.075,9.786,8.312,5.1,8.46,8.421,4.176,6.392,4.561,4.307,4.432,9.777,5.403,5.223,3.434,6.679,4.587,4.526,7.608,4.774,6.801,6.712,6.681,4.792,3.215,7.147,6.703,6.452,7.805,5.55,6.071,7.861,4.391,3.879,7.011,6.915,5.865,9.53,6.024,5.194,4.085,6.309,7.177,5.817,5.764,8.782,6.766,5.625,4.447,4.512,6.695,5.251,3.345,7.571,4.663,3.951,8.037,5.183,7.038,7.504,4.007,5.909,9.201,8.626,5.17,6.53,5.378,2.261,4.287,6.339,5.959,6.523,7.959,3.755,6.796,6.362,6.296,5.599,3.149,5.293,5.591,3.473,4.338,5.626,6.436,3.612,4.404,3.708,6.739,5.68,4.208,5.245,8.517,4.192,5.47,6.83,4.282,1.991,7.04,2.999,6.571,5.028,3.417,4.696,7.224,5.05,5.123,5.927,7.544,4.246,6.144,4.232,6.078,6.251,5.672,6.116,3.749,5.931,5.958,7.795,6.725,5.913,6.986,3.956,5.797,6.369,4.876,7.688,4.03,6.362,9.079,5.943,7.659,5.908,4.211,8.47,5.887,7.582,5.443,5.956,6.346,6.112,6.523,7.963,6.219,4.086,3.282,6.404,9.184,3.994,7.598,6.325,6.997,7.455,5.461,4.004,4.701,7.267,3.009,5.301,6.337,3.949,5.031,4.801,7.599,5.399,6.417,1.269,7.977,7.12,8.685,4.751,3.657,2.432,5.873,3.214,5.924,8.088,6.682,8.401,5.416,8.777,3.864,6.373,6.855,6.948
TRI-058,5.539,4.952,9.065,6.77,6.188,6.314,5.539,5.456,5.526,6.079,5.279,6.403,5.441,4.098,6.209,3.945,8.231,7.546,8.029,5.23,7.941,4.025,8.187,4.155,7.353,6.973,5.598,6.614,2.502,7.172,9.209,8.368,5.705,6.39,5.142,6.51,8.576,4.843,5.608,7.384,4.756,3.607,6.304,8.253,4.44,6.778,5.027,6.49,5.994,5.606,5.676,7.059,4.262,4.624,7.428,6.809,5.351,6.227,6.424,8.468,5.573,6.892,3.533,6.845,3.364,7.37,7.641,7.131,8.148,5.395,8.412,8.208,1.86,7.2,6.747,5.06,4.129,5.959,6.146,4.902,5.002,5.872,6.763,6.381,4.838,7.283,4.036,6.538,7.218,7.297,5.617,8.241,5.132,7.054,4.331,7.195,2.066,7.705,7.002,9.002,8.889,5.574,4.317,5.731,6.25,6.329,5.689,5.497,6.553,8.879,8.646,9.066,8.997,4.478,5.642,1.804,7.034,3.712,4.89,7.662,7.973,5.872,7.033,8.533,6.261,8.383,5.179,2.871,6.447,9.406,5.586,4.615,6.73,5.636,6.133,6.881,6.157,5.298,4.879,5.454,5.637,7.762,2.84,6.994,7.176,7.581,5.663,2.086,6.079,4.898,6.026,6.16,3.676,6.397,8.153,4.256,5.373,6.267,2.655,3.873,6.192,8.078,7.701,7.543,7.148,5.85,4.594,4.846,8.031,6.555,4.768,6.615,5.127,7.346,6.325,6.815,3.995,4.659,4.332,4.897,5.721,3.545,5.769,6.088,4.108,6.447,5.559,4.299,6.156,10.101,4.062,4.562,8.065,8.08,7.939,3.986,6.072,6.843,3.656,6.991,7.646,5.484,6.912,7.364,10.104,5.778,4.129,3.577,3.577,5.644,7.577,4.561,5.378,5.935,4.136,5.674,9.177,6.819,7.832,4.47,8.54,8.16,10.243,7.77,7.367,4.44,6.661,6.542,6.509,6.022,4.879,4.287,8.42,6.015,8.718,7.664,6.869,2.94,5.84,6.287,3.702,7.47,3.149,3.486,8.253,3.656,8.32,4.047,2.068,4.443,4.151,6.607,11.017,5.181,4.274,5.102,5.996,4.17,3.249,2.136,5.533,3.113,5.954,7.596,4.406,8.662,4.565,7.199,6.473,3.139,6.29,4.948,9.781,3.757,7.713,9.066,6.781,6.959,7.717,7.351,5.647,5.802,5.854,8.193,7.932,7.537,5.56,5.686,7.144,7.484,4.072,4.028,6.906,6.994,6.135,5.476,7.504,5.565,6.409,7.085
TRI-059,2.185,5.746,4.991,6.42,4.794,5.984,6.443,5.704,7.249,4.716,6.925,8.423,9.122,6.563,4.218,5.145,5.478,7.776,8.262,4.681,7.887,3.991,3.885,5.469,6.75,5.585,3.927,6.367,6.213,10.358,4.168,7.564,5.901,5.182,7.804,8.443,7.987,6.203,6.815,5.805,5.863,3.723,8.615,4.696,7.075,6.241,6.529,7.393,8.449,5.802,4.918,4.801,4.606,7.427,5.014,5.322,6.395,4.234,3.357,4.933,5.68,8.022,6.536,7.279,6.931,6.707,6.844,5.622,7.528,5.114,2.525,6.497,4.23,6.852,5.589,5.605,8.343,4.894,5.901,5.267,3.922,6.955,7.109,7.331,7.508,6.17,3.929,6.83,6.536,8.063,4.862,5.939,5.879,7.732,4.02,5.742,8.013,6.076,5.579,5.159,5.741,8.47,3.089,5.689,3.737,7.032,6.817,3.447,2.332,7.223,4.705,5.282,5.684,4.385,5.591,5.507,5.004,5.588,6.547,4.335,8.921,7.182,5.904,6.441,3.545,5.194,5.34,6.99,5.356,6.364,2.295,7.685,6.187,6.401,5.107,8.332,4.844,5.122,6.653,3.951,5.364,3.899,4.921,6.275,7.632,1.93,4.672,5.0,7.04,7.592,6.727,5.942,3.519,5.791,8.253,7.378,5.359,6.173,7.129,5.395,5.839,2.471,1.758,5.269,3.006,7.204,8.028,7.47,9.409,4.907,7.012,7.923,4.076,5.733,7.13,2.404,5.16,4.814,10.148,5.804,6.098,3.535,6.42,2.979,6.949,4.889,5.055,6.127,8.144,6.36,5.283,4.986,4.317,6.478,3.568,6.932,4.265,4.7,5.732,7.226,7.315,5.144,9.085,7.851,5.418,5.423,8.209,7.144,7.676,7.108,4.676,7.568,6.033,4.965,6.238,8.15,4.948,5.205,7.496,7.73,4.443,4.777,7.284,6.471,5.175,8.077,6.588,5.619,5.422,7.896,5.283,1.81,4.435,6.809,5.792,5.145,5.215,5.649,7.776,5.153,7.709,5.003,6.809,8.104,7.34,8.04,3.648,7.344,7.664,4.94,5.76,8.213,8.143,8.22,6.672,6.37,6.1,6.205,6.16,7.344,8.295,4.555,5.065,5.189,4.07,6.742,6.226,7.439,8.835,2.808,6.842,6.711,5.352,3.313,1.449,6.392,9.616,5.759,6.832,7.517,7.531,8.681,5.84,7.767,4.281,1.588,6.646,6.088,8.053,5.544,4.558,5.927,6.192,6.741,8.857,6.053,6.931,2.334,6.639,7.848
TRI-060,6.461,6.099,3.244,4.277,4.959,7.32,4.369,6.082,6.486,6.012,6.224,4.434,5.743,5.407,7.327,3.332,7.166,5.692,3.495,6.283,6.083,2.719,6.484,3.297,6.017,5.534,6.266,8.207,5.881,7.089,5.598,3.97,6.081,6.215,2.344,4.797,4.51,9.088,6.094,5.699,5.071,6.564,5.727,6.684,7.183,9.081,7.942,6.394,5.866,6.499,6.139,4.989,4.645,7.422,7.118,5.016,9.609,9.037,4.542,6.43,4.368,9.899,7.327,6.885,2.864,8.901,3.35,7.997,7.256,4.934,2.681,8.284,8.084,7.079,6.299,4.261,9.474,4.082,4.166,5.928,6.036,4.657,7.078,7.431,7.652,8.205,8.801,3.431,4.315,6.714,6.663,6.986,10.185,4.901,4.96,6.442,6.027,3.373,11.877,5.209,8.585,5.059,6.093,6.179,7.537,6.594,7.579,5.854,5.736,5.998,6.857,10.49,7.156,6.82,2.406,6.06,8.287,4.86,5.167,2.39,4.539,5.882,9.196,5.365,3.506,5.368,6.011,3.969,11.178,4.718,4.928,6.049,6.2,6.571,6.111,4.639,6.744,6.582,7.261,5.597,5.278,3.239,5.627,5.081,3.073,8.119,6.455,5.609,7.637,4.956,5.382,9.002,5.426,6.128,2.815,4.866,6.026,8.652,6.99,5.487,4.244,5.024,8.486,8.882,6.594,4.391,7.763,6.33,7.559,4.241,6.84,4.518,5.596,5.9,7.434,6.137,5.183,4.909,6.241,1.585,7.994,8.326,5.851,4.618,5.465,4.775,5.952,6.523,8.223,5.57,5.288,4.685,7.658,8.191,5.437,7.3,2.428,7.563,6.373,5.337,6.46,5.544,1.679,5.977,4.623,8.356,8.249,6.825,5.964,6.177,7.232,7.62,3.283,6.747,4.494,3.117,4.503,6.926,6.252,6.265,5.533,7.1,5.158,6.779,4.687,8.553,6.509,5.78,1.577,6.978,4.559,4.354,4.75,6.024,5.11,5.864,5.635,7.841,7.439,7.396,8.553,6.915,6.985,5.316,7.258,4.48,2.761,7.921,0.519,2.08,5.814,6.567,5.53,5.068,8.791,6.655,5.917,7.015,5.839,3.933,3.278,5.884,6.631,4.55,7.507,7.115,6.122,8.089,4.407,8.558,7.074,5.563,7.311,4.888,6.121,8.575,4.793,7.682,3.996,3.862,5.318,2.101,8.855,7.351,4.033,3.667,5.371,7.09,3.454,7.515,6.028,6.064,6.422,4.478,3.636,5.722,5.557,2.986,6.692,8.904
TRI-061,3.489,4.442,5.711,8.878,4.521,7.275,5.307,5.673,5.125,6.473,5.336,8.439,9.747,6.164,7.876,6.246,5.485,7.836,6.661,7.881,10.256,4.877,9.015,5.451,6.417,9.518,4.752,4.687,3.165,6.547,5.603,5.531,4.984,7.471,4.521,7.316,6.631,6.979,4.066,8.079,2.038,5.358,4.83,6.869,6.636,3.457,1.531,8.451,7.2,4.518,5.876,3.108,8.655,7.615,4.586,6.382,6.548,4.075,7.41,4.583,4.595,5.591,5.86,6.931,8.841,2.386,5.559,7.767,8.01,6.878,5.157,6.746,5.073,3.552,8.288,4.712,3.906,8.006,11.357,5.021,4.776,6.854,7.408,8.295,6.433,7.375,4.119,9.022,6.468,6.507,7.561,7.849,5.142,4.16,4.859,4.368,8.738,6.699,5.224,5.609,7.916,5.472,5.305,5.665,8.402,5.451,5.137,10.068,4.668,4.933,6.446,3.72,6.775,5.046,4.1,3.808,2.978,5.452,6.237,8.684,5.718,5.044,6.478,5.799,5.517,7.637,7.766,5.173,8.021,2.045,7.951,4.095,1.496,6.704,4.503,6.859,5.414,6.112,4.755,5.767,3.589,3.412,7.456,2.989,4.151,5.733,7.61,7.141,7.422,5.788,6.391,4.503,5.208,5.989,4.613,8.053,4.93,5.453,6.184,5.855,8.111,8.633,5.232,6.684,6.799,4.862,8.674,7.513,5.68,5.888,8.798,3.433,6.107,3.681,7.881,5.373,3.691,4.95,7.776,6.835,5.32,6.486,7.153,5.394,6.688,3.992,4.055,5.182,6.713,9.274,5.463,4.458,8.64,5.851,6.794,4.264,7.481,5.639,5.054,3.887,5.209,7.698,4.612,6.97,7.921,7.319,6.5,7.275,6.155,4.692,5.986,8.73,4.948,3.997,8.289,2.994,3.566,5.356,5.612,8.222,8.446,3.562,7.95,5.62,6.879,5.632,4.215,6.502,6.397,9.713,5.301,6.638,6.125,7.501,8.095,8.897,2.786,2.788,7.616,6.396,6.692,7.602,4.059,3.219,8.77,4.342,1.66,6.506,6.531,3.553,6.838,6.807,7.814,6.945,6.816,5.14,4.858,9.89,6.612,4.622,2.562,5.001,3.907,3.809,4.905,6.688,6.057,4.743,7.832,7.481,5.433,6.883,6.981,6.15,8.228,7.342,5.285,7.895,7.84,5.056,4.942,7.149,6.356,6.178,8.943,8.511,4.434,6.389,9.469,6.973,6.821,4.824,5.031,6.511,5.702,6.924,2.435,5.281,8.815,9.889
TRI-062,7.018,4.914,6.553,7.623,5.737,6.625,6.322,3.166,5.472,6.452,5.897,7.735,8.963,7.573,5.636,4.081,9.358,6.625,8.793,4.779,6.369,6.539,6.096,6.33,5.987,4.093,7.854,6.655,7.604,5.954,6.056,6.436,3.811,7.081,6.781,8.504,5.823,6.53,7.032,5.152,5.946,5.426,9.699,4.722,6.437,4.441,1.897,4.537,4.519,7.684,7.695,8.867,5.595,5.75,7.829,10.162,6.869,7.246,5.634,6.726,5.759,5.418,2.395,7.218,5.24,1.088,6.221,9.167,6.351,3.325,6.168,2.789,6.556,5.106,5.113,8.533,7.14,9.223,6.31,6.371,7.098,5.762,3.802,5.792,5.683,4.037,4.67,6.439,6.248,3.96,2.062,6.828,6.939,3.055,6.263,4.519,6.558,8.069,9.798,3.128,9.471,5.193,4.249,8.538,10.469,6.675,5.659,4.051,4.998,7.308,4.17,5.723,7.103,6.125,5.725,8.144,5.781,5.759,3.015,5.52,3.054,5.253,8.368,6.052,4.665,7.401,7.189,3.514,1.866,7.136,7.455,8.2,8.089,5.045,5.949,4.068,6.541,6.557,6.163,3.602,6.805,7.716,5.459,5.648,5.075,6.686,5.279,3.209,5.861,3.315,6.631,6.21,7.403,6.083,8.579,9.637,8.843,7.563,7.265,7.372,7.318,6.152,1.246,6.776,5.126,4.497,8.082,5.66,7.039,4.516,2.736,6.706,9.167,8.195,7.701,7.048,4.846,3.465,5.073,7.166,1.865,5.224,7.206,4.777,6.188,7.544,6.661,7.151,8.927,7.077,8.345,7.098,6.492,5.053,6.751,4.647,5.721,9.882,8.228,3.546,7.766,2.707,3.951,7.754,5.448,9.826,5.101,2.385,7.519,6.307,2.602,5.063,4.208,3.508,6.178,4.961,6.656,4.619,7.096,5.024,7.353,3.226,6.024,5.368,7.582,5.462,5.982,7.264,7.154,6.818,7.091,6.934,6.632,4.704,6.803,9.658,8.187,6.762,5.522,9.4,9.062,5.078,6.646,7.443,4.424,5.693,11.116,4.677,2.499,7.967,5.762,1.726,5.404,6.862,7.171,6.877,4.791,4.951,7.092,3.927,7.466,6.367,8.383,7.789,6.461,3.794,5.936,5.345,7.308,7.305,7.66,7.075,4.657,6.2,7.325,4.794,7.905,6.756,7.244,4.277,8.899,7.921,4.084,6.885,3.686,4.661,7.016,4.631,6.639,3.716,6.173,7.261,3.226,2.991,5.748,4.798,6.758,6.351,5.153,5.901
TRI-063,1.854,6.705,8.341,4.223,8.579,5.914,3.895,5.435,6.748,6.318,8.119,3.431,6.128,4.834,10.246,6.715,7.934,6.678,3.123,9.29,5.602,5.55,5.341,5.38,7.633,7.2,5.275,3.046,6.736,7.086,6.857,6.569,7.998,3.366,4.531,7.309,5.02,4.266,2.495,9.645,3.759,6.912,6.007,8.028,6.759,3.795,6.67,6.966,6.083,4.818,6.412,3.288,7.64,7.646,7.006,6.778,5.997,10.067,7.334,5.431,7.708,6.202,4.749,7.145,4.533,5.189,5.037,8.836,4.971,5.714,5.287,6.127,6.785,7.683,8.427,5.573,6.957,3.888,5.924,6.24,6.104,10.728,8.302,8.476,6.271,3.78,5.394,3.692,3.396,4.051,5.656,4.552,6.215,5.231,6.269,1.284,8.509,8.178,4.923,4.125,2.071,7.236,5.253,5.224,6.321,5.353,4.334,3.761,2.124,5.557,7.944,6.497,7.183,7.321,7.13,6.892,4.912,3.384,9.452,8.367,5.111,8.151,3.781,5.751,7.554,8.807,6.463,3.381,8.924,4.131,4.949,3.509,8.45,7.276,4.499,6.783,4.475,3.975,10.627,5.164,7.916,5.695,5.342,4.938,7.85,5.395,8.093,5.383,9.337,3.922,6.153,7.002,5.869,4.249,5.232,7.077,5.559,7.84,5.077,4.171,3.374,4.39,6.922,6.215,6.433,8.898,6.118,6.837,3.84,7.76,5.612,9.356,6.617,6.491,6.395,8.819,4.591,8.234,5.005,4.733,6.054,5.582,3.171,5.872,6.045,6.39,6.605,6.853,6.526,5.106,4.044,8.698,6.059,7.899,4.746,5.036,6.982,7.605,5.796,7.677,7.092,7.049,2.889,5.871,5.997,2.548,5.6,6.549,7.239,5.979,8.656,5.783,8.809,4.037,6.527,5.496,5.766,4.918,2.952,8.008,5.116,8.199,5.372,5.023,4.23,3.993,4.989,6.036,8.459,8.4,4.927,11.52,4.584,4.291,4.371,6.995,7.173,6.341,3.132,6.066,8.542,9.548,6.352,5.524,5.596,5.721,10.913,9.34,5.944,6.487,7.644,8.347,6.626,6.566,2.927,6.572,5.083,5.749,3.483,5.801,4.582,7.054,6.302,8.313,4.746,4.306,7.428,3.757,8.465,2.115,6.251,5.764,5.523,7.032,4.643,3.375,4.494,4.119,7.193,5.113,5.551,2.465,8.871,5.018,6.182,5.321,5.127,5.133,6.827,5.723,8.035,3.581,6.644,7.047,4.548,5.725,6.684,4.79,7.743,5.593
TRI-064,5.032,4.268,3.42,10.197,4.975,5.052,3.745,4.889,6.12,9.793,7.392,7.226,5.146,8.863,4.118,6.306,5.426,7.416,2.631,8.447,6.717,7.333,3.589,7.006,7.861,7.203,6.199,5.364,9.855,6.084,7.244,6.125,5.077,6.389,8.327,4.89,6.923,6.877,5.054,3.512,5.278,7.325,7.029,6.513,4.233,4.983,6.574,5.064,6.983,5.603,3.15,0,5.676,4.517,6.382,8.021,3.046,9.044,4.398,7.37,6.788,1.732,4.843,4.182,9.94,6.757,6.007,6.638,4.819,5.679,7.532,5.35,5.562,4.147,6.915,1.23,5.266,5.977,6.706,3.114,5.408,5.969,5.614,4.363,7.513,9.399,6.485,7.063,4.571,7.107,5.579,5.398,5.191,8.775,3.621,7.533,4.44,5.793,3.119,3.718,5.942,5.248,5.525,7.174,5.349,3.306,4.508,5.846,10.39,3.576,7.104,6.665,6.096,2.086,5.377,6.002,8.276,5.388,7.536,7.823,6.327,8.512,1.69,9.701,7.012,7.152,8.078,7.89,6.803,7.761,6.195,2.82,8.978,6.927,5.305,7.296,3.513,5.802,5.541,4.201,7.716,6.731,7.473,6.669,2.231,7.478,6.133,4.583,4.743,7.65,6.786,4.936,7.197,4.78,5.933,3.914,5.681,9.721,4.323,4.159,1.588,6.346,5.649,4.245,7.295,5.666,7.256,7.897,4.214,3.565,7.404,6.657,5.097,3.995,3.151,5.123,8.373,4.213,5.604,5.815,6.962,5.123,5.397,6.6,4.201,5.913,7.865,6.096,7.023,6.212,5.502,5.356,5.003,3.335,6.334,5.566,7.759,8.65,5.253,7.705,6.588,5.925,6.721,7.319,5.279,6.512,11.246,4.655,7.976,5.246,4.288,6.06,5.969,7.307,3.687,3.665,7.9,4.935,7.235,5.738,5.646,5.443,5.376,6.1,4.397,3.563,7.037,7.157,3.032,6.336,4.076,6.299,6.305,5.525,3.523,8.438,6.523,5.9,5.618,4.101,8.2,6.265,3.596,5.738,6.065,10.075,5.818,6.328,6.534,5.624,7.697,4.942,6.034,6.645,7.686,7.616,7.435,4.302,3.809,3.941,3.748,5.549,4.498,5.208,8.171,8.512,5.368,7.229,8.025,7.236,7.071,7.386,8.109,10.188,5.112,5.573,5.845,7.126,4.861,5.742,4.656,4.804,5.055,9.581,5.875,4.708,5.209,7.961,6.519,4.79,7.69,7.269,6.368,10.768,9.092,7.025,5.827,5.709,7.463,9.133
TRI-065,7.033,4.887,7.148,4.87,6.438,3.172,7.09,5.657,3.891,5.779,5.247,6.681,7.374,6.18,5.719,3.721,4.161,4.723,7.419,4.186,3.374,5.546,8.603,2.72,5.722,5.831,8.638,4.182,3.811,5.53,4.341,4.081,5.045,8.13,6.661,4.481,3.737,8.102,9.005,2.895,6.146,6.87,5.928,5.989,5.052,11.59,6.518,7.408,5.596,4.285,6.741,9.243,6.986,3.033,9.151,4.372,9.493,6.39,5.214,6.339,4.713,3.731,4.84,6.465,6.657,4.213,6.011,3.56,6.816,7.736,7.728,5.42,5.026,5.737,5.395,5.164,4.164,3.235,6.119,8.127,5.703,3.939,4.425,5.175,8.563,9.368,7.896,7.228,6.362,7.098,4.523,8.459,3.552,5.979,8.658,3.478,4.463,9.1,5.366,8.408,6.256,6.401,5.998,6.619,6.647,4.983,4.195,6.702,5.235,4.541,7.052,7.807,6.733,4.838,5.53,7.147,8.292,4.126,5.052,3.989,4.868,11.055,8.794,7.77,2.377,7.438,2.397,2.816,2.888,6.445,5.246,6.734,5.582,4.139,5.141,5.017,9.178,3.816,5.898,1.902,3.898,5.393,8.241,7.481,5.689,5.898,3.826,8.009,8.031,5.6,3.835,6.824,7.031,4.923,6.485,6.864,5.386,5.373,3.341,6.674,7.673,4.912,8.038,8.427,7.588,5.636,6.902,3.592,2.431,5.515,5.643,6.352,6.32,5.905,2.912,6.273,8.179,7.698,4.705,4.158,2.04,5.857,4.775,5.955,3.012,4.902,8.503,1.89,4.447,3.892,6.344,4.433,5.507,5.265,7.082,4.554,4.873,5.785,8.469,5.536,6.146,4.793,8.65,4.761,5.199,6.371,5.209,5.232,5.641,2.987,5.718,7.56,6.742,8.439,7.098,7.944,6.411,6.294,4.613,5.017,4.964,9.739,4.095,5.395,6.0,7.735,5.292,7.311,6.043,5.172,6.915,3.018,7.847,2.636,6.418,4.908,4.296,0.811,6.584,6.213,7.741,6.523,7.119,5.519,5.895,6.982,6.522,7.874,8.153,3.241,5.224,7.178,5.252,6.145,6.799,6.959,6.3,8.457,6.133,2.4,5.82,7.228,6.182,6.824,6.164,5.997,1.786,7.043,5.88,7.185,5.787,6.041,5.204,6.8,4.522,3.486,3.47,5.661,4.937,9.692,7.464,7.094,4.513,8.085,7.365,5.798,7.911,6.054,8.313,6.116,6.535,8.053,3.665,7.849,6.326,5.45,2.967,5.256,5.131,2.768
TRI-066,7.166,8.54,4.953,6.439,3.78,8.706,8.728,6.852,6.614,5.089,6.301,9.497,5.395,7.378,7.736,5.995,5.026,4.79,4.081,7.692,5.042,3.288,6.035,7.726,6.75,7.769,6.773,5.068,5.615,7.16,6.154,5.557,5.822,5.36,5.198,4.933,6.117,4.101,7.416,9.353,4.466,5.073,3.9,5.871,8.217,4.951,3.84,5.803,5.378,5.209,4.991,8.091,2.778,8.235,7.056,5.28,6.633,4.919,8.309,6.958,6.479,7.432,8.238,8.126,8.527,3.329,5.043,7.643,4.711,3.52,4.151,6.461,6.722,3.528,5.046,6.203,4.986,5.502,7.877,6.093,4.37,4.399,7.221,4.79,6.374,6.547,7.492,3.68,5.44,5.975,5.392,6.552,8.068,4.774,7.286,7.244,5.954,8.45,1.976,5.347,3.646,7.935,6.804,5.844,7.419,5.741,7.791,7.263,5.458,5.962,9.297,8.262,7.442,7.697,6.119,3.865,1.38,4.275,2.552,5.446,7.621,4.694,5.014,4.917,8.299,2.9,4.691,9.065,5.263,7.262,7.429,2.776,4.121,6.783,8.516,7.843,7.331,5.074,6.492,8.221,2.649,2.097,5.084,8.185,6.439,7.699,8.071,2.619,6.191,6.198,8.886,6.478,5.945,8.744,5.974,5.791,6.801,6.041,7.666,5.016,5.797,7.296,5.883,5.671,4.521,5.592,1.552,5.983,7.513,6.239,4.779,7.636,4.133,5.919,8.824,6.632,7.095,2.451,2.418,5.324,7.275,7.245,8.124,9.484,2.679,6.019,4.205,6.441,8.752,5.65,6.408,3.967,8.534,5.034,3.133,4.665,6.411,6.649,5.589,7.276,5.321,9.306,6.153,4.333,8.047,6.722,5.579,10.258,5.325,6.671,5.533,7.39,5.137,4.453,4.937,6.127,4.786,8.18,4.826,8.053,5.63,6.774,8.281,5.903,2.154,3.906,2.115,4.399,5.852,6.54,7.385,6.15,5.094,4.725,3.26,6.136,8.282,6.024,6.354,6.167,5.928,6.799,8.84,9.356,5.278,3.759,7.992,3.354,6.261,9.819,7.798,2.555,6.338,7.289,3.392,4.738,5.549,7.13,5.36,7.798,8.283,6.334,5.878,7.545,5.677,6.723,8.152,4.976,5.852,4.073,7.081,5.862,4.42,6.762,7.234,4.048,4.974,6.677,6.668,6.185,3.422,5.096,3.16,7.962,5.189,6.236,4.927,6.766,2.894,5.082,7.203,6.107,4.369,6.651,7.107,4.499,8.069,3.593,5.138,5.46
TRI-067,5.767,4.443,10.389,7.339,6.358,5.777,6.312,8.42,6.225,6.108,7.592,9.028,2.071,6.985,6.822,7.181,7.771,3.543,8.911,6.516,2.192,2.568,7.474,5.843,4.769,3.749,5.641,6.542,5.898,7.845,7.652,7.689,8.975,8.266,4.026,3.394,6.886,6.667,3.119,9.783,7.049,8.545,7.269,2.484,4.359,5.799,5.632,8.119,6.221,5.798,7.98,5.702,6.911,7.395,6.943,8.751,3.908,3.992,6.507,5.568,2.359,6.424,9.251,3.511,2.637,10.373,8.661,6.331,5.055,3.865,5.292,5.25,7.328,6.449,11.577,6.775,6.75,5.648,6.592,3.901,3.926,5.817,8.453,0.974,5.393,5.882,4.074,6.84,5.612,5.681,6.88,8.416,5.702,6.677,3.88,5.922,2.171,6.616,2.034,5.309,3.9,5.373,3.555,7.55,6.123,4.903,9.242,3.037,7.095,4.159,4.086,5.684,4.796,3.732,4.369,7.435,6.756,5.885,9.54,5.704,6.078,7.711,3.698,5.04,7.805,2.371,6.159,7.05,5.125,8.327,5.811,6.79,7.241,4.236,4.263,7.768,2.992,4.402,5.753,4.369,5.936,4.226,5.337,5.169,2.468,7.275,4.349,5.888,5.068,7.708,5.195,5.04,6.817,3.7,4.563,4.56,7.249,3.262,7.288,2.667,4.49,5.598,5.277,4.943,5.063,6.39,7.302,5.314,2.619,2.842,6.07,5.2,7.387,5.69,6.69,4.975,7.28,6.501,7.025,4.388,7.677,4.449,7.192,5.26,7.708,5.542,7.299,5.202,6.377,6.743,6.523,6.606,5.689,5.657,4.175,8.751,6.689,5.832,8.543,3.125,6.355,4.883,4.646,8.29,6.453,4.904,7.161,6.437,6.708,9.087,5.308,7.979,4.35,6.124,5.306,4.583,9.886,5.329,8.444,7.632,4.98,7.539,6.862,6.922,5.693,7.362,4.247,3.665,4.236,5.692,5.334,7.101,7.327,6.198,5.134,8.735,8.755,5.692,6.26,5.557,7.272,8.136,5.853,6.684,9.042,7.929,6.998,2.628,7.881,5.959,5.164,6.603,2.852,1.917,5.866,5.048,6.619,5.977,8.887,6.378,4.25,5.969,4.172,7.095,8.011,8.474,8.468,9.379,5.069,7.032,6.986,4.577,2.097,5.308,3.671,6.901,6.684,8.435,7.659,3.434,3.183,6.515,10.862,7.126,5.253,8.215,6.852,5.343,9.228,3.364,6.779,4.795,5.345,7.084,4.454,9.36,7.481,6.281,5.966,5.17
TRI-068,6.613,6.101,7.52,5.382,9.201,5.941,2.951,6.476,5.346,5.389,8.101,8.327,6.968,4.508,2.636,5.233,6.625,5.705,5.374,10.169,7.034,5.119,6.594,6.531,6.435,8.004,3.741,4.127,4.07,6.395,3.951,5.653,3.968,3.74,5.554,5.443,6.093,1.225,7.884,4.105,5.077,5.834,6.403,4.658,8.707,3.575,6.399,6.716,4.984,7.43,4.33,6.487,3.745,7.501,3.238,4.549,5.464,10.565,6.732,3.448,8.348,6.239,4.733,7.585,8.964,5.73,5.614,6.996,5.913,7.444,7.922,3.277,5.453,3.708,5.473,6.141,4.532,7.046,3.316,5.035,8.655,6.709,5.945,5.306,6.226,5.133,5.133,5.257,5.792,6.48,4.42,9.341,8.812,6.406,3.187,3.976,9.29,5.573,7.395,6.147,4.465,4.591,3.574,7.656,7.54,4.982,2.995,8.718,8.32,6.951,2.158,6.155,6.142,6.425,6.889,9.096,4.716,7.538,7.039,3.88,4.383,9.752,6.509,8.735,3.749,7.062,4.114,6.36,6.998,6.208,6.684,8.86,3.444,7.023,6.307,8.638,4.998,9.086,8.709,7.355,4.507,7.064,5.859,7.306,4.937,5.615,6.017,8.687,4.252,3.491,8.285,7.319,3.68,6.205,6.057,5.579,8.304,4.204,4.888,2.004,4.24,3.828,5.372,6.325,5.194,6.718,7.313,6.342,3.802,5.26,7.157,4.692,6.079,6.58,7.741,4.199,8.4,3.692,3.759,7.625,2.672,6.882,5.829,4.375,4.347,3.421,8.703,6.142,5.461,8.807,6.867,5.519,7.038,4.669,8.548,3.296,6.067,7.516,6.731,6.172,2.37,6.736,4.901,4.34,5.815,6.7,7.641,8.764,6.183,6.561,7.33,6.376,4.286,7.191,5.167,5.902,7.225,4.12,5.814,6.429,5.055,5.507,6.582,6.263,7.178,4.02,4.894,6.12,7.022,6.885,7.359,7.419,6.784,6.364,6.97,8.181,6.415,6.227,10.471,4.339,3.434,5.88,6.506,4.975,7.892,5.356,3.914,2.077,3.913,2.033,8.563,5.387,8.004,7.441,4.472,7.55,6.999,5.165,5.498,3.429,4.522,11.304,6.401,5.825,5.667,5.367,8.067,4.419,4.955,6.395,8.635,6.142,7.444,7.243,4.184,6.515,3.894,5.409,5.886,4.768,6.411,4.877,6.014,3.479,7.626,3.341,5.103,8.379,8.011,3.283,7.903,6.354,5.69,6.765,4.261,3.736,5.956,7.903,7.068,5.078
TRI-069,4.781,6.471,5.97,7.532,7.859,6.871,5.488,4.202,5.351,4.123,7.101,6.988,7.005,3.997,5.59,8.262,5.739,6.148,7.798,7.01,5.173,4.977,6.446,3.156,8.903,5.093,7.402,6.18,2.568,6.771,7.11,7.678,4.717,7.039,7.325,4.441,6.728,7.092,5.223,3.527,6.28,6.03,7.379,6.935,6.047,6.241,7.729,7.132,7.621,5.183,5.302,2.007,6.199,7.381,7.226,7.656,9.395,8.619,7.594,8.219,6.402,6.63,3.897,7.767,3.792,4.858,8.348,4.52,5.887,4.123,4.421,4.491,6.294,4.254,5.244,7.656,4.974,8.087,7.288,5.359,6.879,7.107,8.211,4.62,5.112,5.537,7.089,7.22,3.408,5.454,8.658,6.123,9.104,7.507,3.833,8.213,4.217,7.532,4.412,4.223,5.468,5.667,5.858,3.939,3.201,7.418,4.335,4.206,5.507,5.281,7.975,5.219,6.213,4.297,7.509,4.911,2.837,5.317,6.815,6.24,3.085,5.113,2.723,4.952,5.528,6.095,7.499,1.887,9.527,7.088,3.57,7.824,5.794,5.931,5.716,6.067,7.628,4.031,6.314,4.155,6.68,6.329,5.231,6.924,6.761,6.648,7.824,3.501,8.48,8.5,7.39,1.892,5.14,5.825,6.593,5.572,6.792,6.057,5.479,6.899,6.403,7.009,7.171,6.923,3.623,6.738,6.397,3.41,8.465,3.204,6.688,8.901,6.61,3.852,3.877,7.82,9.328,6.545,4.001,4.565,6.612,5.033,6.793,7.461,6.752,6.714,8.421,5.4,6.398,6.249,6.361,3.479,4.778,6.041,5.292,4.734,1.894,1.136,4.584,7.892,8.423,8.841,5.789,7.644,7.097,6.805,4.03,7.664,7.269,5.7,4.099,5.638,4.532,8.152,4.311,7.181,5.851,6.138,7.039,5.71,5.657,7.026,8.505,6.007,6.871,7.927,5.475,6.305,3.263,5.972,7.764,6.59,6.163,7.171,2.159,6.464,5.24,4.119,4.763,7.129,6.528,4.227,5.55,6.83,4.386,4.91,7.996,4.433,4.364,3.511,5.997,5.878,4.0,9.436,3.29,6.567,7.276,6.986,2.473,4.789,6.518,5.649,7.19,3.982,7.001,6.656,3.962,5.445,6.039,3.076,6.67,7.49,6.117,5.022,5.648,5.21,6.084,5.836,3.799,5.169,6.209,8.002,9.394,6.509,5.034,6.125,4.313,5.658,5.779,3.408,7.222,9.073,6.032,5.95,9.844,5.411,9.434,3.563,7.525,5.697
TRI-070,10.471,5.504,6.788,4.879,5.726,5.275,4.754,3.881,4.765,6.37,3.895,7.308,7.37,6.848,6.61,8.056,2.255,7.468,7.935,5.331,9.055,5.774,6.424,6.568,6.61,7.698,3.852,5.282,6.275,5.741,3.046,3.921,6.485,2.769,6.305,5.385,4.209,5.397,8.653,7.426,8.133,4.872,5.317,8.664,7.769,7.441,5.705,4.743,7.529,9.662,2.74,5.847,3.312,3.546,4.779,4.08,6.19,6.13,10.04,6.345,5.921,5.352,3.93,5.672,6.583,7.438,4.252,7.411,4.751,7.476,7.616,8.802,8.448,9.722,8.78,7.475,2.07,4.753,5.196,6.144,3.782,8.965,9.909,2.66,3.801,7.434,5.045,5.876,6.4,4.148,6.793,4.621,6.371,6.192,4.508,4.207,6.431,6.873,2.09,8.02,4.694,5.188,5.552,6.263,5.409,8.387,5.12,3.001,5.846,7.112,6.674,6.432,4.571,4.582,7.246,7.876,5.426,6.231,4.168,7.768,5.207,6.732,7.078,6.472,11.06,5.711,8.658,7.06,7.622,6.087,8.952,6.035,11.006,5.346,5.417,8.105,8.076,4.895,4.79,4.056,7.243,3.617,8.415,5.794,2.989,5.297,6.824,5.018,6.257,6.537,8.562,5.654,6.356,4.742,7.266,9.714,4.424,8.296,5.541,6.328,3.253,5.236,1.622,3.508,6.538,4.104,7.843,8.29,5.647,5.874,6.292,2.486,6.715,9.7,10.381,3.964,6.528,7.09,5.285,6.078,4.186,6.182,6.974,4.86,5.683,5.059,4.231,6.823,5.378,8.292,4.788,6.319,6.362,9.116,4.869,6.569,3.573,6.963,5.234,4.925,6.955,4.982,5.953,4.1,5.385,6.097,4.058,8.053,6.161,5.64,4.196,6.87,5.744,8.132,6.14,4.743,4.57,5.155,7.522,4.806,6.117,4.847,4.52,6.838,6.276,3.511,3.31,4.472,5.193,6.902,5.489,7.878,4.077,7.332,5.356,5.602,3.205,3.529,4.886,5.564,7.112,8.5,6.304,7.235,8.04,3.795,4.495,2.225,7.602,6.141,9.406,9.58,3.626,6.416,5.209,5.888,6.032,4.135,5.678,5.576,6.97,9.909,4.304,4.287,6.994,5.085,8.532,7.93,6.938,9.014,7.53,3.593,7.582,5.011,4.142,5.52,8.559,5.977,6.326,6.51,5.074,8.172,8.428,8.699,1.893,6.081,4.029,5.246,5.905,8.438,6.593,6.755,4.854,5.487,4.463,6.558,7.406,5.325,7.186,8.095
TRI-071,7.126,7.458,7.182,4.402,2.803,6.266,5.108,7.123,7.406,8.409,9.567,5.176,4.834,5.363,5.911,3.77,7.015,6.004,5.595,6.521,8.331,4.877,4.313,8.58,3.476,6.504,7.281,7.812,5.417,5.144,5.377,4.775,6.071,7.602,5.673,5.411,8.033,6.196,3.945,4.644,6.074,6.096,6.403,7.037,5.099,7.085,7.421,5.405,2.631,7.548,8.195,9.722,4.018,3.718,6.833,7.357,6.801,4.574,7.424,6.899,5.065,7.498,4.955,8.84,6.241,8.195,4.916,4.617,6.755,4.404,6.563,5.548,8.94,5.398,9.612,6.009,4.649,4.318,4.945,4.63,8.161,3.674,6.7,5.878,8.048,6.223,5.245,3.941,7.621,6.023,7.125,7.309,4.445,8.139,3.283,8.003,6.101,7.143,8.326,6.656,7.264,6.244,5.4,4.142,5.846,8.701,6.712,5.029,3.504,7.916,3.275,7.235,1.765,6.753,8.589,3.601,6.136,4.797,10.108,3.701,6.579,6.388,5.797,4.812,3.327,8.929,5.892,2.832,2.358,9.597,5.831,3.039,9.487,4.986,3.344,6.274,2.818,5.572,5.439,3.545,5.797,4.723,5.579,7.539,4.499,4.016,1.984,6.405,5.466,7.545,9.283,8.678,7.14,7.45,4.9,4.641,5.107,4.548,5.628,6.385,7.767,3.441,8.676,9.164,7.007,5.638,4.437,6.437,6.477,8.302,5.526,6.391,9.067,4.223,4.614,1.718,6.037,3.849,6.884,6.59,4.734,8.096,3.273,4.248,7.139,6.837,3.666,2.817,6.442,5.337,2.543,6.476,6.798,5.461,5.887,7.903,6.768,6.007,5.019,3.895,7.157,7.086,7.279,8.068,9.778,6.911,5.571,4.51,6.948,8.643,7.259,4.631,6.483,6.495,5.041,7.473,6.651,5.993,7.542,3.232,6.344,7.747,7.101,5.907,3.394,8.265,6.062,3.783,6.555,7.185,6.805,7.27,6.401,6.667,4.884,6.933,4.727,6.162,6.077,6.337,4.733,7.514,5.202,4.456,5.244,4.173,6.628,3.443,5.636,5.363,3.824,4.914,3.917,4.513,5.283,7.345,7.191,9.137,4.406,4.86,5.665,8.466,7.081,5.008,4.085,6.249,5.359,8.144,7.776,5.772,11.053,7.128,3.681,5.009,5.972,8.422,4.741,9.303,4.319,3.032,3.283,6.377,7.121,5.269,6.713,5.445,5.886,4.547,6.343,5.189,7.443,4.561,6.764,6.603,7.004,4.533,5.927,5.581,5.812,6.189
TRI-072,5.728,5.002,6.465,7.825,5.562,3.695,7.04,5.984,6.15,5.387,9.419,7.624,6.306,6.624,7.646,6.361,7.37,6.069,4.632,5.073,5.494,8.248,6.017,7.605,7.09,6.27,10.105,4.658,7.382,7.567,8.158,4.791,4.688,4.841,6.084,3.015,6.711,7.47,4.127,4.409,4.024,5.22,2.823,6.372,6.125,3.633,4.392,7.13,3.063,5.73,4.963,7.932,5.962,3.381,7.067,5.482,4.332,5.499,6.757,7.912,2.506,6.735,6.326,6.619,5.609,5.581,4.907,4.955,6.948,4.966,5.231,6.795,4.199,8.849,4.554,6.326,2.872,5.749,4.824,10.206,9.2,3.302,5.384,9.139,6.097,4.624,6.156,5.592,4.957,5.713,6.761,7.127,5.658,7.493,2.876,7.352,5.227,8.098,2.866,5.382,5.948,8.994,6.94,5.505,8.716,3.867,5.524,7.332,4.26,8.642,3.561,4.334,5.324,5.202,5.267,7.584,4.91,6.217,4.662,8.314,4.947,5.498,4.535,8.656,8.276,6.75,7.828,6.068,6.495,8.279,7.475,6.701,5.898,5.167,4.939,8.973,7.032,4.378,6.293,6.543,6.831,3.833,7.642,5.555,5.973,7.61,2.128,6.689,5.508,5.321,6.607,8.347,5.43,4.294,7.3,5.937,6.279,2.879,6.096,5.151,5.912,5.723,3.324,5.583,7.526,6.188,6.018,5.687,3.153,6.377,3.642,7.211,4.2,3.307,6.538,8.186,4.084,6.757,7.687,8.5,3.641,9.502,5.662,7.634,5.272,2.904,4.993,7.033,2.94,6.824,4.822,8.075,7.277,7.386,7.591,5.514,6.584,3.997,7.389,5.85,6.604,6.222,7.623,6.13,5.268,9.537,4.992,6.834,7.845,5.955,5.184,7.126,7.342,7.624,4.199,4.127,7.854,6.444,7.046,6.761,6.068,5.909,7.346,8.607,7.505,7.265,1.92,5.106,9.791,5.759,6.508,5.617,7.318,3.258,7.405,6.228,4.97,7.792,1.297,6.368,3.297,7.806,3.928,6.607,8.555,7.539,6.083,6.476,6.749,6.276,7.901,4.35,2.413,6.031,5.3,5.394,3.895,5.054,5.94,3.627,4.611,6.167,4.467,9.989,4.866,3.674,2.469,5.671,5.456,6.564,4.926,6.203,6.941,7.607,5.133,6.154,4.644,4.716,4.206,8.317,5.884,3.421,4.301,7.517,2.913,4.661,2.785,7.184,7.869,4.923,1.998,5.789,4.846,3.664,4.307,7.422,4.333,5.031,5.975,7.061
TRI-073,5.299,5.965,0,8.505,8.174,3.981,8.576,9.199,6.169,2.265,5.176,6.488,4.826,5.356,7.671,7.015,4.484,6.122,6.505,4.452,6.391,5.725,6.686,6.843,3.756,4.829,7.341,6.742,6.43,4.545,6.202,6.711,5.301,6.978,6.974,6.205,4.432,6.727,6.497,4.916,4.424,7.566,3.958,7.343,5.532,5.907,6.628,8.469,7.158,4.864,4.234,6.602,4.369,5.599,4.243,6.801,6.657,4.995,3.885,5.654,9.415,7.359,4.46,6.11,7.114,5.505,4.428,6.958,6.739,8.403,4.859,5.535,6.87,5.321,5.251,5.569,5.572,5.996,10.469,6.8,4.006,7.299,1.94,9.848,6.044,6.969,7.867,3.554,8.626,9.134,9.291,5.68,6.233,7.366,5.332,6.778,3.891,4.742,2.222,6.613,6.996,4.521,5.642,7.06,7.861,10.219,6.447,9.223,4.148,4.756,9.034,6.882,3.716,5.647,7.919,4.957,7.288,4.577,8.45,3.771,2.233,5.489,6.697,7.84,4.4,4.345,6.862,7.898,4.821,5.68,5.929,8.554,2.604,9.223,5.037,8.651,3.416,3.602,6.872,5.736,6.334,8.321,3.846,9.548,3.057,7.256,4.215,2.542,9.619,4.255,4.743,2.926,6.561,5.282,7.916,5.997,7.904,4.967,5.364,3.791,7.882,6.56,4.722,7.121,6.022,5.107,5.915,6.676,4.078,3.996,5.097,8.97,5.83,4.859,7.791,8.341,3.402,4.007,5.377,4.27,6.237,5.933,7.567,6.394,8.044,5.214,6.124,6.883,7.264,4.707,4.718,7.728,2.251,3.79,8.076,5.432,4.982,6.229,1.753,5.558,5.356,0.496,8.322,4.361,6.984,5.146,6.254,2.219,5.771,5.098,5.926,5.961,7.217,6.306,6.319,8.866,5.847,7.042,7.794,6.068,5.341,8.311,4.235,7.815,3.142,5.261,6.236,6.104,6.67,4.705,4.041,10.074,6.562,6.421,5.227,7.147,7.251,4.883,6.313,5.388,9.81,7.078,6.041,5.518,4.898,6.893,8.635,8.713,4.605,5.962,6.582,4.566,6.203,10.263,5.373,4.878,4.191,6.081,5.464,6.036,6.66,7.983,8.515,7.914,5.868,6.148,5.771,4.19,6.698,6.809,7.577,8.408,6.618,5.112,4.729,6.687,7.0,6.28,6.353,4.613,5.546,6.096,5.959,5.981,4.809,8.715,2.945,2.573,8.487,5.912,4.114,9.06,5.692,8.196,5.969,8.526,4.533,5.281,6.526,5.942
TRI-074,5.426,7.902,6.864,5.046,7.023,10.933,7.371,3.674,4.995,6.942,4.744,4.8,4.738,5.559,9.34,2.271,8.432,6.038,5.145,5.642,5.767,4.919,4.753,6.295,5.215,6.114,5.318,6.292,5.443,4.687,4.712,6.926,4.311,6.635,8.442,3.474,7.499,5.175,5.432,5.847,6.952,9.503,5.943,7.342,5.091,5.584,3.752,5.955,9.184,2.891,5.959,6.245,5.656,6.631,5.91,5.131,0,5.384,3.881,5.961,4.405,6.531,4.303,4.963,8.915,7.091,8.133,6.15,4.599,6.915,11.16,6.491,7.016,6.128,2.939,8.024,5.985,6.344,3.945,5.992,5.72,6.452,8.407,7.318,6.618,8.093,6.901,6.997,7.524,3.671,3.863,8.551,4.905,5.538,6.992,8.822,3.935,6.899,4.496,6.556,2.955,5.838,4.707,0.662,4.845,6.574,4.944,7.004,7.437,5.589,5.375,8.39,6.668,7.377,5.95,5.052,5.911,8.119,4.816,4.434,6.925,5.531,5.767,5.237,5.29,6.294,4.443,6.872,3.488,7.846,6.709,10.191,6.612,6.91,6.531,9.387,7.179,6.334,7.245,9.019,3.739,4.799,7.195,9.074,4.212,5.803,6.593,3.408,7.323,4.094,5.703,7.085,8.274,5.326,8.81,8.917,6.43,6.478,6.948,6.866,5.926,4.089,6.924,8.986,5.437,4.437,6.91,6.788,6.611,7.926,1.79,4.552,6.59,9.134,4.967,3.587,8.729,5.051,4.634,4.375,5.529,8.107,5.069,7.23,4.988,6.917,6.121,4.125,5.664,5.827,2.658,3.442,7.074,2.615,7.937,4.828,4.418,5.162,8.309,7.595,5.847,5.147,9.384,4.457,8.097,8.057,6.011,7.693,4.809,4.769,6.271,7.022,5.632,5.342,7.586,7.128,6.068,7.333,5.652,6.858,6.969,4.803,3.956,5.397,7.835,5.175,7.77,7.091,6.694,6.768,7.868,5.406,5.755,5.428,4.503,7.437,3.088,5.245,3.328,6.554,4.715,2.572,5.671,6.155,2.884,5.512,6.121,7.037,9.128,7.061,4.591,8.428,5.452,7.601,7.39,5.123,3.569,5.522,5.835,6.676,5.756,4.881,4.481,8.861,6.588,6.763,5.698,8.133,7.978,8.254,7.696,5.084,10.084,7.068,4.131,4.693,5.155,4.738,3.832,5.111,5.259,4.8,5.465,7.781,4.277,4.862,5.614,8.619,6.001,5.851,6.314,7.132,4.269,4.165,7.014,8.634,7.976,5.654,5.782,5.089
TRI-075,9.248,4.915,5.368,6.292,5.525,4.447,7.832,3.838,1.468,4.321,7.2,5.235,6.978,5.104,5.078,6.389,5.499,7.0,5.995,6.019,4.615,5.28,8.623,4.457,7.806,5.49,6.424,5.395,3.319,8.767,4.625,6.364,8.079,5.545,8.939,9.774,6.883,8.487,6.937,7.078,6.137,6.706,6.522,7.302,6.439,5.299,2.1,4.833,6.968,9.284,9.705,6.568,7.79,6.361,8.357,5.043,6.332,4.827,6.755,5.472,6.511,2.631,6.196,7.209,8.51,6.089,4.636,5.098,3.969,3.256,5.32,6.323,5.149,6.09,6.102,5.366,5.364,7.516,4.237,4.635,7.874,4.556,5.563,6.647,5.323,6.488,5.275,6.201,8.574,9.228,5.401,6.495,7.06,5.573,5.555,5.752,6.362,4.225,8.293,8.463,7.94,2.348,7.853,5.784,3.84,6.251,6.226,6.543,8.531,5.9,6.898,5.581,4.57,5.6,5.714,5.678,6.838,5.089,7.26,7.969,5.411,4.541,6.191,5.417,6.352,6.8,2.233,5.646,3.189,4.993,7.051,2.57,5.441,5.337,5.672,5.862,9.746,6.212,7.791,7.977,5.91,7.53,6.288,6.643,3.13,4.987,6.148,5.542,6.897,4.467,7.517,6.733,9.416,8.62,8.118,9.17,3.744,7.565,5.553,6.407,4.367,4.082,8.658,5.86,6.946,5.599,4.288,5.12,4.414,4.619,5.776,6.494,2.681,4.725,5.338,4.541,5.113,8.277,6.735,8.79,7.755,4.588,4.992,6.303,6.195,3.83,4.828,4.729,1.51,4.006,5.204,4.732,8.215,7.558,2.61,1.661,7.371,4.463,5.749,7.507,6.168,7.209,8.788,5.019,5.412,6.612,5.821,7.363,4.758,8.709,7.775,6.042,1.011,7.499,4.562,5.186,1.802,7.663,4.535,7.845,9.606,5.616,6.054,7.197,2.828,8.605,6.609,6.052,8.161,6.618,6.947,7.215,6.234,5.885,4.784,5.375,5.141,6.811,6.959,6.993,9.163,3.107,6.123,6.721,7.795,7.627,2.216,8.917,6.771,4.554,6.327,7.027,5.655,6.141,7.29,5.919,1.918,3.34,6.19,4.85,3.225,7.048,4.891,5.801,7.706,7.499,4.297,7.974,6.053,6.707,3.96,4.797,6.021,7.693,5.225,6.997,4.413,5.228,5.732,7.893,5.723,5.361,5.594,3.45,5.962,3.752,4.787,5.931,6.552,7.289,3.606,5.34,7.142,2.47,5.997,5.422,7.181,9.437,7.719,5.777
TRI-076,5.821,3.527,2.089,4.48,6.158,8.864,7.693,8.55,8.025,5.807,6.381,5.429,5.847,3.92,6.399,5.495,2.286,6.227,4.728,5.679,3.872,3.872,4.589,3.531,3.054,6.017,2.778,10.137,6.396,7.849,9.788,5.814,2.684,4.959,7.715,6.751,6.835,5.376,5.622,4.722,6.987,2.277,7.249,7.648,5.803,6.341,7.497,5.935,9.331,3.601,5.973,5.368,6.973,7.152,6.837,5.888,3.553,5.658,6.215,6.563,4.056,6.585,4.521,3.772,4.934,3.942,5.969,4.11,4.807,4.875,6.945,7.913,1.673,5.072,5.181,3.712,3.696,7.042,7.073,5.955,6.911,5.794,7.539,4.782,7.532,5.261,8.827,5.222,4.539,7.389,4.796,5.254,5.504,7.262,4.694,7.14,8.274,10.262,2.562,6.922,8.671,7.428,5.539,6.936,6.391,8.839,2.718,5.975,4.248,6.751,5.667,4.571,6.387,7.279,5.277,6.868,5.07,4.951,8.197,6.424,4.641,4.006,4.933,5.668,6.744,7.367,6.617,4.608,5.391,4.138,6.03,6.683,5.872,6.52,6.073,6.733,2.906,6.791,3.102,7.325,5.157,3.289,5.868,8.667,3.927,7.247,5.385,5.009,5.91,8.21,5.813,7.448,3.021,6.505,6.719,10.249,7.339,3.958,6.824,2.846,7.392,2.515,5.819,7.39,6.026,5.774,3.293,7.538,4.597,6.24,5.421,9.091,7.988,5.611,7.672,8.049,8.336,6.494,4.689,6.278,5.871,9.113,8.794,9.192,3.722,2.609,6.005,2.271,4.483,9.491,9.973,4.809,7.995,5.988,6.334,4.701,4.91,5.09,6.275,1.933,6.865,7.678,4.512,3.45,7.308,5.732,7.06,6.504,6.907,7.805,5.686,8.143,3.061,4.876,7.048,8.589,5.164,6.291,5.283,3.71,5.735,6.403,5.506,5.884,6.896,4.869,5.863,7.146,5.338,6.151,6.343,7.699,4.059,3.104,5.845,9.036,5.274,6.08,5.796,4.699,5.623,4.232,7.149,3.114,5.973,7.347,7.607,2.587,4.104,2.776,4.564,5.604,5.46,6.271,6.5,8.538,5.645,6.723,4.413,5.411,4.962,4.673,5.123,7.449,8.564,4.572,6.704,4.158,4.596,7.263,6.893,6.868,6.575,4.972,4.326,8.552,6.214,6.009,3.618,7.218,5.996,4.452,4.596,7.367,5.417,3.216,9.126,5.188,6.817,2.616,4.608,5.971,4.518,7.442,7.1,9.067,6.806,3.793,6.951,6.879
TRI-077,4.848,6.94,7.146,5.18,2.413,6.169,6.044,3.936,5.31,10.402,7.12,6.38,7.172,8.36,7.306,6.015,7.381,7.351,4.824,9.545,5.063,5.894,6.744,5.108,7.863,8.389,4.237,2.369,7.55,3.616,8.307,8.228,7.056,6.12,6.163,7.575,5.481,7.663,8.847,5.161,4.926,5.089,7.098,3.382,6.216,7.025,8.009,6.216,4.176,5.789,7.201,2.655,8.046,5.951,8.883,5.779,3.325,8.433,6.022,8.512,8.015,9.052,6.16,6.834,9.215,4.895,5.775,3.701,6.609,6.428,6.133,7.128,2.963,5.955,5.388,5.292,3.555,7.326,5.402,6.068,5.034,6.449,8.982,4.884,2.989,7.586,4.605,7.925,4.767,8.101,7.592,2.261,4.199,6.157,7.673,7.488,6.036,4.249,4.726,8.1,7.968,3.709,6.297,7.254,6.108,5.612,6.97,6.074,5.599,3.003,6.372,6.019,4.829,8.22,3.447,6.393,7.371,8.261,5.925,10.403,6.778,7.115,6.069,4.592,6.759,7.645,8.645,9.557,5.29,4.523,4.557,5.633,8.978,7.299,3.328,9.01,7.786,8.352,4.16,3.827,5.291,4.562,6.131,4.396,7.278,1.05,6.644,5.245,4.8,6.606,7.655,5.561,7.645,7.608,5.659,7.482,6.508,4.417,5.059,4.519,5.497,4.608,4.528,4.66,6.522,7.953,6.974,6.157,6.427,5.287,5.082,6.273,6.249,6.433,5.059,4.954,3.264,3.166,6.706,5.268,8.864,4.708,6.655,5.119,4.61,6.261,8.976,6.068,4.772,7.459,7.56,6.024,6.636,6.093,6.896,7.55,7.904,6.193,5.156,5.967,4.896,4.291,6.153,5.709,7.972,4.66,4.601,5.836,4.972,5.379,9.754,7.048,5.564,7.006,5.715,6.3,5.936,4.359,6.804,3.761,6.831,6.071,6.241,5.452,6.187,5.911,6.38,8.969,3.949,6.954,5.109,4.657,4.948,3.236,4.249,5.406,3.887,6.86,5.406,6.278,5.47,6.198,6.836,7.426,4.319,8.556,4.03,5.698,4.51,5.975,7.451,4.092,5.602,8.453,4.494,6.189,6.02,7.229,6.523,5.291,5.208,8.196,7.995,6.826,9.057,5.41,5.45,5.457,7.989,4.308,7.6,5.617,10.117,4.101,6.256,6.732,8.332,5.771,4.675,5.473,6.765,8.392,3.914,6.71,8.299,7.892,5.74,5.447,3.317,6.363,5.57,7.308,6.755,5.698,7.375,7.391,5.672,5.31,3.169,5.448
TRI-078,5.13,3.625,7.286,7.4,4.17,6.057,7.944,6.835,4.053,4.979,6.602,5.731,9.233,10.256,5.063,3.551,7.017,5.339,5.903,3.802,4.084,5.923,9.332,5.77,6.178,4.387,6.301,4.07,7.754,2.29,8.98,5.567,8.599,8.494,4.027,5.694,4.587,5.26,7.478,3.959,4.915,7.135,9.522,6.208,4.32,2.795,4.395,6.838,7.159,4.747,7.497,5.08,6.099,3.382,6.786,7.892,7.831,4.403,4.803,6.2,3.978,9.602,5.801,8.531,6.178,4.995,5.133,6.32,3.932,7.471,8.58,9.693,6.169,6.477,4.9,4.117,7.228,4.978,9.185,3.413,7.43,7.873,6.765,7.605,5.135,5.049,6.779,6.087,5.613,6.346,4.691,5.491,6.277,7.562,5.162,5.666,5.477,6.911,6.561,5.332,4.612,7.141,6.225,6.182,9.8,3.544,7.644,3.369,7.241,8.403,4.565,5.114,9.717,8.254,7.511,6.029,6.865,5.795,5.953,8.971,5.496,3.696,6.288,5.065,5.862,2.652,8.853,6.024,4.989,5.385,8.246,4.008,8.261,8.438,6.504,4.425,5.896,2.801,9.389,4.848,4.016,4.855,2.893,9.338,6.606,6.249,5.912,4.973,6.737,7.536,4.534,5.521,3.368,6.078,3.732,7.865,10.134,7.381,4.106,5.123,6.716,5.399,5.553,7.185,6.502,6.403,5.904,5.582,4.969,5.875,6.308,5.021,4.759,3.036,4.163,5.801,9.486,5.401,5.803,2.584,8.995,4.558,9.732,6.425,4.13,5.293,8.706,5.334,6.13,5.658,5.842,6.509,5.653,7.863,4.343,4.995,8.392,5.223,7.441,9.79,5.189,9.023,6.763,5.293,4.242,8.299,6.631,7.322,6.228,7.781,3.539,5.474,7.873,5.463,4.056,7.952,6.775,5.155,4.544,5.83,5.392,6.956,6.55,4.1,5.611,6.573,7.741,4.959,3.494,4.416,7.982,9.261,5.372,3.452,5.821,7.338,5.379,5.087,4.6,4.44,6.001,3.14,4.781,7.603,8.639,3.94,3.443,9.698,7.69,6.505,8.662,3.539,5.579,2.643,6.363,5.652,5.576,6.84,5.147,7.791,8.889,6.66,9.745,5.947,5.057,6.69,8.218,5.94,5.565,6.929,5.479,2.932,6.583,5.889,7.381,7.263,3.085,7.375,6.847,7.346,7.028,6.713,4.254,5.867,3.554,2.741,7.471,5.52,3.307,5.584,5.266,5.645,7.381,9.122,5.288,4.106,9.946,5.785,6.77,4.71
TRI-079,6.579,4.905,4.08,10.994,2.23,5.039,5.85,6.909,6.789,8.001,6.598,7.338,6.153,6.817,9.087,3.416,7.003,5.712,8.203,4.672,5.55,9.105,7.361,5.202,5.51,5.813,7.147,5.642,7.086,9.334,5.828,7.13,6.396,4.215,4.994,7.359,4.075,7.737,3.198,4.363,6.947,7.979,5.161,8.427,5.745,3.925,3.326,8.46,5.334,6.614,6.348,5.74,4.261,6.186,4.147,6.95,4.27,6.443,3.981,5.671,7.466,5.458,8.812,6.18,6.321,8.536,5.336,5.405,4.975,3.566,3.347,6.09,4.21,5.972,8.648,9.586,7.061,7.085,5.755,7.153,5.276,2.739,2.389,6.749,3.961,7.595,5.711,4.627,6.745,7.244,6.969,3.86,8.101,6.058,8.184,5.046,4.566,6.792,6.657,8.939,6.454,2.067,6.364,5.643,6.59,4.158,8.179,5.683,6.003,6.899,3.228,4.311,5.738,4.813,6.907,8.134,6.877,7.344,7.025,5.188,6.141,5.044,3.968,7.957,5.143,7.176,3.044,6.71,6.086,6.706,6.287,7.357,2.701,5.742,8.073,6.163,9.652,6.318,6.076,3.366,6.613,5.695,6.846,0.016,2.374,4.432,7.187,8.504,4.668,6.651,7.164,6.992,8.683,6.435,6.934,7.669,7.824,2.008,6.171,7.274,4.967,4.027,5.887,3.71,9.349,5.021,5.444,6.031,2.678,6.576,6.03,6.346,5.341,6.272,6.328,5.104,4.162,8.661,7.66,5.104,2.28,6.521,6.5,3.049,5.231,5.94,6.286,5.265,4.787,6.24,5.154,5.839,1.078,4.633,7.434,4.782,7.429,4.675,4.999,6.745,5.001,6.398,5.342,7.669,7.501,4.668,8.713,6.666,9.448,2.137,3.388,6.468,5.47,4.616,4.228,7.576,5.918,5.831,6.247,8.284,5.462,6.124,8.882,4.796,8.036,7.081,9.018,8.24,6.709,8.135,6.308,6.035,1.734,5.476,4.512,5.906,3.682,4.882,5.607,6.388,5.894,8.292,5.373,7.1,4.49,6.777,7.001,5.484,3.697,7.671,6.202,7.362,4.992,7.189,7.291,7.526,5.704,5.297,4.909,6.815,3.844,5.442,6.214,6.345,6.017,7.599,4.837,9.199,8.555,5.832,6.098,6.951,6.762,2.913,3.903,5.234,4.095,6.288,5.526,4.099,8.744,8.246,7.483,5.741,8.104,4.749,6.005,7.63,5.022,7.41,4.574,7.748,8.37,4.453,7.784,4.014,5.29,7.43,5.555,6.515
TRI-080,6.66,3.809,5.515,6.892,7.097,8.724,7.53,3.394,6.765,9.06,9.668,9.769,4.179,6.891,6.757,7.939,6.89,7.478,6.117,8.802,5.432,5.821,4.992,3.876,6.247,6.664,5.337,3.447,3.18,4.653,7.749,5.852,5.626,1.009,6.329,5.11,6.87,4.653,5.525,7.735,6.208,6.021,7.094,10.992,5.493,6.188,7.153,5.903,4.306,8.434,5.546,5.464,6.521,5.898,7.487,8.959,3.911,7.395,5.619,6.451,6.539,5.079,5.554,6.238,5.703,3.383,5.263,9.247,5.763,5.83,4.524,6.358,2.773,8.405,5.728,6.638,8.358,6.102,7.284,4.017,8.225,8.717,4.057,6.084,4.388,6.401,7.532,9.056,5.817,6.09,4.42,5.775,8.083,5.657,8.612,7.435,5.957,5.003,3.772,5.088,6.137,6.493,5.371,4.176,7.881,5.78,6.066,1.927,7.525,5.804,5.619,5.151,5.083,5.588,5.831,2.456,5.298,4.647,7.366,9.811,5.823,7.49,5.595,4.529,6.113,2.217,6.725,7.191,3.891,6.001,7.194,3.898,9.54,8.558,7.18,6.867,6.229,6.406,7.335,5.737,5.285,6.986,4.165,5.574,7.164,4.426,7.217,5.381,7.747,5.861,4.06,3.944,4.791,6.549,5.653,4.763,4.714,2.892,3.924,3.529,8.749,5.188,3.065,6.56,3.601,3.283,5.442,1.793,7.264,5.33,6.549,9.904,9.01,7.988,5.117,5.888,4.436,4.224,3.58,3.337,4.099,6.587,6.604,4.056,7.416,4.872,4.679,6.853,4.34,5.392,4.801,5.189,7.296,5.852,11.4,5.584,7.1,11.092,3.953,9.334,6.67,5.771,6.57,6.674,7.713,7.454,6.665,4.783,6.583,2.372,9.646,8.317,8.5,7.346,7.7,4.463,5.237,7.596,7.267,6.825,10.037,6.367,7.347,5.831,8.444,8.229,3.499,6.972,10.206,7.8,9.354,8.095,9.029,5.523,6.154,5.204,5.821,9.06,5.622,4.138,8.215,7.446,6.622,5.836,6.705,3.303,5.635,4.823,6.641,6.565,4.992,6.602,5.963,5.517,6.731,5.166,5.784,8.109,6.381,5.673,4.326,4.068,6.993,7.153,8.893,3.794,5.235,9.087,5.655,7.266,4.84,8.978,3.54,7.471,5.066,6.017,8.901,3.823,4.597,7.339,8.275,6.079,7.597,4.357,3.227,6.638,7.322,6.429,6.212,5.656,6.318,5.195,8.212,9.802,6.946,6.759,3.986,8.41,8.749,6.78
TRI-081,8.851,6.537,7.144,4.257,4.929,6.308,4.966,2.736,4.617,7.89,10.553,5.303,5.071,4.271,7.734,6.124,7.159,2.095,4.884,6.489,5.545,5.716,9.169,5.626,7.09,8.969,7.51,2.741,6.344,5.89,5.398,6.936,6.426,5.904,4.893,6.221,7.853,5.182,6.792,4.746,6.253,3.455,7.893,5.154,6.041,6.51,6.113,5.686,6.542,8.587,3.702,6.316,6.009,5.122,5.169,6.378,4.253,8.259,5.841,6.902,2.331,6.362,6.235,7.457,4.895,7.305,4.288,6.135,5.557,4.586,6.775,6.192,10.304,4.209,3.029,5.73,4.716,8.319,6.303,6.875,7.982,7.281,6.917,9.08,6.563,6.847,4.837,6.15,5.354,7.829,6.881,6.423,7.426,5.021,6.029,7.577,9.704,3.814,4.512,5.911,5.232,5.637,7.704,8.093,6.761,3.978,6.285,5.061,7.179,4.508,6.829,3.429,3.732,7.055,7.498,6.71,4.091,2.326,5.423,7.705,8.577,4.019,4.553,6.213,4.777,4.993,1.992,10.284,5.348,2.734,4.014,7.983,6.416,5.185,5.131,7.28,7.873,4.463,7.717,9.465,8.888,6.549,6.543,7.084,5.359,5.771,6.424,5.994,7.026,7.304,3.767,7.85,6.983,6.23,5.516,2.503,5.658,4.826,7.694,6.118,4.082,5.801,7.69,3.614,8.568,4.802,6.088,7.63,7.588,5.283,6.747,7.599,6.665,6.361,8.035,8.285,5.489,5.387,9.797,6.765,8.293,0.93,4.112,6.065,2.024,6.91,7.227,6.337,6.187,8.449,4.538,5.03,6.773,7.505,5.956,5.181,5.166,8.576,6.101,4.811,6.665,7.274,8.118,6.005,9.588,6.918,5.877,7.926,6.335,7.679,5.988,3.795,2.801,6.862,8.279,6.392,6.645,6.72,7.43,4.458,8.326,8.129,5.228,5.256,6.178,7.317,9.6,5.404,5.7,8.823,5.822,3.536,5.59,7.925,7.139,6.285,7.77,5.242,5.545,6.768,5.347,12.028,4.201,5.518,3.787,6.012,5.487,7.124,5.679,6.771,6.168,6.488,6.736,5.851,6.673,3.414,6.024,5.159,7.508,5.326,3.845,8.781,3.265,8.344,4.472,6.105,6.423,5.236,6.467,5.944,7.189,4.415,7.663,5.871,3.073,5.422,5.453,6.303,5.016,5.236,5.909,6.128,6.721,6.06,5.989,2.863,5.711,7.245,8.892,6.403,7.543,5.887,5.219,4.384,10.324,8.411,7.983,4.604,1.003,8.269
TRI-082,4.549,5.676,5.706,7.677,6.974,6.301,5.307,8.396,5.098,6.622,7.619,4.215,4.512,8.019,7.168,5.672,7.199,5.462,7.951,6.5,8.085,4.727,6.971,5.744,7.627,6.105,5.163,6.495,4.723,6.407,5.066,5.079,6.494,7.483,5.202,6.348,6.969,6.196,4.897,3.235,8.236,9.724,7.747,2.187,4.242,7.923,7.091,6.926,6.247,4.292,5.615,6.73,6.007,4.802,7.707,7.77,5.136,7.263,6.499,7.212,5.949,5.645,7.293,6.967,3.791,2.159,1.877,7.169,6.383,5.403,7.419,5.611,7.089,5.349,6.59,5.509,2.611,5.568,5.338,6.113,7.803,3.856,4.46,7.258,8.937,2.147,3.158,4.471,4.179,3.466,4.006,5.131,8.664,7.821,6.05,6.287,4.327,7.45,6.316,7.889,3.473,8.396,5.799,5.516,5.059,5.876,5.756,4.178,1.469,6.001,4.493,6.325,2.248,6.471,3.914,5.28,9.513,3.767,9.324,1.964,7.337,5.961,2.732,5.875,8.472,4.759,6.595,7.254,3.462,5.164,5.982,5.932,7.12,4.126,6.99,5.484,5.963,6.224,6.42,5.21,6.002,7.085,7.125,5.993,7.672,6.766,4.21,5.739,3.736,7.835,4.659,6.815,6.942,4.521,6.449,2.409,6.175,2.12,6.723,4.549,8.858,1.226,8.252,4.137,6.487,8.159,3.26,4.569,7.215,7.375,5.398,4.246,6.518,5.316,6.971,6.442,6.712,5.013,5.075,4.749,9.347,6.512,7.017,5.438,6.057,5.777,8.728,5.808,4.536,6.876,7.675,4.512,6.07,5.706,6.868,7.954,4.063,5.653,8.026,7.287,6.063,6.045,5.535,4.016,7.172,5.197,5.14,6.626,7.477,8.295,5.674,7.239,7.357,6.984,8.293,1.573,8.125,7.504,5.535,9.914,8.84,4.465,7.296,4.86,5.399,4.793,6.483,6.801,5.716,4.142,3.122,5.438,8.366,6.464,8.996,7.778,8.466,5.043,5.141,5.55,5.294,5.897,5.754,6.19,6.397,5.409,8.383,2.535,5.536,8.028,4.353,6.113,4.758,6.751,6.078,4.998,7.807,7.938,5.747,10.027,5.628,6.216,8.45,5.086,6.65,4.41,3.813,5.251,5.53,6.034,5.127,8.905,5.911,5.752,6.886,5.015,6.529,5.155,4.203,7.836,3.878,3.862,7.481,5.44,6.775,7.616,9.436,10.748,5.897,4.302,5.32,6.83,9.212,6.834,5.667,7.901,6.925,7.427,5.009,5.656
TRI-083,8.37,5.404,6.532,5.038,5.233,5.23,5.53,9.742,4.766,5.884,4.266,7.271,6.687,6.26,5.467,5.357,6.114,4.511,6.622,7.98,6.654,5.782,7.519,4.706,8.617,7.072,6.104,6.235,8.188,6.908,6.251,5.124,8.464,6.733,8.698,6.463,7.044,5.442,7.204,7.437,5.348,1.02,6.768,7.639,7.968,5.401,6.512,7.923,8.725,4.66,5.035,7.527,7.072,3.952,4.765,6.197,8.541,4.016,8.693,3.41,6.441,5.195,6.987,8.011,5.235,6.992,8.717,7.04,7.306,8.321,5.127,5.537,4.572,7.324,2.971,4.345,5.573,4.926,8.191,3.014,3.255,5.348,5.235,6.312,5.28,5.675,6.484,7.737,8.926,6.102,2.601,4.763,6.311,6.166,1.402,4.825,5.566,4.537,5.076,7.858,5.599,3.593,1.65,5.752,3.044,6.65,5.212,4.186,9.062,7.982,5.089,6.834,6.238,4.856,1.934,6.87,4.672,6.025,8.666,6.029,3.508,5.802,4.093,5.189,6.065,5.76,6.401,6.618,6.404,6.813,8.696,8.898,4.31,5.998,6.327,7.327,4.053,8.947,5.709,1.65,4.583,5.902,7.424,6.387,9.121,5.778,6.663,6.607,3.904,5.822,8.113,4.757,6.66,5.85,8.513,7.372,3.491,5.381,5.311,5.41,3.579,7.617,6.606,6.908,6.64,8.009,7.928,8.935,7.024,6.015,7.576,3.293,6.583,5.402,7.797,5.548,7.823,7.097,4.05,5.616,6.83,3.247,5.369,3.436,5.355,8.603,7.09,6.641,3.992,5.509,8.382,6.03,4.028,7.461,7.846,3.862,4.922,3.966,6.376,7.103,4.927,5.159,7.483,6.989,3.58,5.995,7.22,7.124,7.16,4.504,3.367,4.049,4.773,6.177,5.338,3.369,7.399,8.481,10.102,6.497,4.518,6.922,6.998,6.041,5.366,4.038,5.391,7.882,6.143,6.196,5.796,6.081,8.271,6.095,3.911,9.947,6.786,8.396,5.889,4.58,6.133,7.801,4.781,6.272,6.835,7.269,7.621,3.481,5.764,9.347,6.752,6.665,4.755,5.354,5.766,7.65,7.329,8.396,7.955,6.456,4.339,10.651,7.298,8.165,5.116,6.288,4.237,6.679,7.462,4.824,6.648,3.678,3.534,8.263,5.827,7.337,5.004,6.356,3.996,4.182,6.549,7.387,5.929,9.267,7.635,4.903,9.592,4.807,3.326,4.739,5.69,5.682,5.285,4.487,3.941,5.011,5.625,4.684,5.351,5.773
TRI-084,6.91,5.467,6.151,2.952,5.452,8.644,6.686,4.426,5.831,6.783,7.663,5.408,6.071,8.849,8.175,4.179,3.532,3.731,7.69,9.164,4.247,7.473,4.186,8.068,4.764,7.139,5.199,5.163,8.001,7.747,6.43,2.663,4.861,6.121,4.346,6.643,5.508,3.512,8.018,7.337,4.966,7.867,5.416,4.74,5.906,5.948,9.793,3.914,5.532,6.545,6.475,6.412,7.02,8.59,4.794,5.407,4.592,6.449,6.265,7.855,8.289,4.409,9.216,4.349,4.246,7.995,6.405,2.96,8.609,7.469,8.52,6.3,7.473,6.218,7.043,6.241,8.301,1.216,5.39,4.634,6.145,6.785,7.529,6.363,4.127,6.464,7.759,2.63,6.598,5.953,5.239,5.31,6.588,7.095,5.036,8.396,9.551,7.236,6.582,7.109,6.353,6.4,7.775,5.313,7.695,6.322,2.214,8.161,5.794,2.631,5.471,7.786,7.469,10.711,6.497,7.326,6.476,7.904,7.918,4.539,6.326,5.115,8.858,8.04,2.533,5.162,5.963,2.753,9.484,6.201,6.952,6.908,6.813,7.604,5.616,5.123,9.276,3.872,8.528,5.337,6.054,6.461,6.095,6.496,8.539,5.169,6.247,6.526,6.422,5.177,7.631,7.891,6.964,4.998,4.426,3.439,6.405,6.788,5.665,6.584,2.285,9.643,4.898,7.213,7.108,6.465,7.581,4.284,4.754,5.355,2.848,4.974,3.746,7.571,7.855,5.449,7.933,9.672,4.259,7.589,4.268,6.073,9.456,7.393,8.501,3.987,4.393,6.994,10.325,5.189,3.847,4.724,3.784,5.642,7.436,3.766,8.157,6.714,4.475,7.373,4.148,6.547,5.149,2.172,10.301,6.796,4.616,3.026,6.406,4.642,8.658,2.734,5.054,5.22,9.257,4.632,5.36,5.212,7.435,6.862,6.937,5.209,3.793,6.557,7.63,8.442,7.72,4.139,6.998,5.393,3.947,3.481,4.529,6.319,6.699,6.875,5.273,7.681,9.972,6.252,5.763,3.186,5.957,7.713,9.778,6.931,2.438,6.763,6.211,4.864,4.948,6.225,5.682,11.21,6.607,8.661,7.27,4.533,7.086,5.521,5.136,9.549,6.056,8.778,3.848,6.258,6.672,5.173,6.393,8.074,4.831,7.436,4.429,3.721,7.121,8.14,7.296,4.747,6.506,4.385,7.738,4.256,4.112,7.629,3.466,3.431,4.999,5.682,6.748,6.931,5.115,7.01,7.125,5.531,10.421,5.325,5.508,6.967,5.024,7.794
TRI-085,7.317,2.966,3.886,4.179,6.74,4.254,7.645,9.009,6.215,6.042,4.477,6.512,6.568,6.525,9.757,6.672,5.73,7.937,5.338,9.157,1.232,6.961,8.588,6.045,6.067,8.795,5.088,7.069,8.125,8.431,8.179,4.637,5.323,3.317,6.193,4.497,6.973,7.211,5.338,9.357,5.051,5.377,4.483,5.513,5.109,4.355,6.463,5.055,7.7,6.204,7.987,6.542,4.928,4.096,7.922,6.597,5.409,4.915,4.285,7.657,8.778,6.063,7.931,10.191,6.941,4.124,8.433,4.193,5.838,3.053,2.56,4.82,7.601,7.561,4.907,7.045,3.384,7.612,7.578,6.105,7.025,5.458,6.941,7.084,4.22,4.643,7.354,6.799,5.787,6.842,4.253,3.817,4.172,2.962,6.185,4.226,2.461,7.27,7.654,4.585,5.539,7.222,7.622,5.757,6.28,9.015,2.856,5.512,4.662,3.853,6.91,6.891,5.161,1.784,3.693,7.006,7.029,4.612,5.456,6.513,9.63,6.915,5.05,6.709,8.164,7.332,3.082,3.33,5.993,5.117,4.78,6.194,8.093,6.948,6.295,6.795,3.564,3.969,2.707,9.712,3.329,6.075,3.955,10.021,6.41,5.524,5.991,2.437,5.919,9.042,5.284,4.877,3.783,3.098,6.94,4.45,7.444,4.897,6.75,8.012,7.519,5.924,8.837,6.54,4.822,7.109,4.023,4.481,8.111,6.748,6.497,3.77,3.239,5.701,6.143,5.598,7.402,5.815,5.252,4.389,6.738,5.798,4.649,6.657,5.1,5.998,5.676,4.411,3.996,2.55,7.542,5.994,5.254,5.791,6.152,8.391,5.791,7.683,5.294,8.006,3.355,8.166,3.17,3.851,8.592,6.503,4.365,5.658,8.796,5.944,5.703,8.393,5.755,5.874,5.105,2.988,4.909,5.789,7.129,6.475,5.689,5.909,5.131,3.066,5.482,4.978,8.935,5.697,6.355,4.374,6.269,5.857,4.335,5.071,2.744,6.809,8.232,5.757,4.582,5.592,4.159,4.797,6.151,7.953,5.845,7.361,5.085,6.254,6.916,7.167,3.254,5.191,9.44,4.456,1.639,5.005,8.574,5.586,6.396,6.196,6.44,7.574,4.486,8.463,9.135,8.647,3.957,5.147,7.025,5.453,7.122,3.797,3.654,6.969,5.857,4.273,6.171,7.22,9.304,8.845,3.414,3.744,4.397,4.914,5.125,7.26,7.323,3.54,7.722,5.959,6.669,8.635,5.785,6.246,4.699,5.066,4.429,6.059,6.669,6.644
TRI-086,4.607,7.684,3.835,6.099,3.56,5.632,4.668,5.576,3.659,5.533,5.975,7.318,3.271,8.308,5.319,6.903,4.943,3.659,5.116,6.019,4.136,10.19,6.789,8.609,5.136,9.301,6.786,7.002,8.558,6.351,7.083,4.05,6.115,2.931,5.182,6.145,7.581,6.387,6.49,5.789,6.251,0.905,9.098,7.383,7.221,2.443,7.207,4.656,5.093,5.025,6.667,7.225,5.956,5.758,5.99,4.851,5.742,5.985,7.725,5.277,7.656,5.11,5.942,5.666,7.521,2.442,5.372,2.141,7.845,8.329,7.522,5.117,5.097,5.739,6.401,7.567,4.724,5.207,6.879,6.656,5.641,5.144,6.234,5.595,6.965,7.221,9.282,3.899,3.702,7.702,5.4,9.701,6.214,6.176,7.256,8.2,4.191,5.87,5.284,5.197,6.278,7.045,6.746,3.823,5.022,6.81,7.338,3.597,4.048,8.38,5.882,5.732,6.113,7.382,8.007,6.051,4.871,4.66,6.721,5.995,6.248,7.373,4.432,4.603,7.198,4.01,7.132,4.59,6.213,5.9,7.859,6.804,5.44,7.69,6.615,7.609,4.075,6.751,5.632,5.178,8.517,7.457,7.441,6.041,6.269,5.262,8.345,7.963,5.158,4.773,7.293,5.256,3.33,5.78,7.746,7.346,5.583,5.715,5.308,8.319,7.865,4.219,4.191,2.873,9.932,5.505,5.453,3.081,3.667,4.459,8.593,5.38,6.676,5.562,6.186,8.624,3.943,6.354,7.036,6.348,5.613,4.793,9.231,11.039,6.486,6.212,7.983,5.131,4.741,5.928,7.945,4.286,6.618,4.778,7.348,7.963,5.049,7.406,5.793,4.528,7.683,3.026,8.981,4.104,7.925,6.284,5.439,9.926,5.147,10.004,4.046,6.971,5.57,5.32,7.233,6.1,5.245,5.571,3.279,2.494,5.949,3.189,9.289,7.459,5.342,5.948,3.106,6.325,2.714,5.546,9.019,6.266,5.79,7.169,3.981,6.192,3.907,5.186,6.205,6.592,6.756,5.683,5.816,4.648,6.36,7.416,5.995,9.279,5.93,8.07,8.735,8.138,5.704,5.016,5.008,8.251,7.825,8.006,6.074,7.274,6.547,6.429,5.943,6.005,4.296,7.539,6.761,5.101,4.463,7.09,5.631,6.766,6.528,6.416,8.357,4.203,3.532,6.002,5.573,7.293,1.847,5.988,6.496,7.412,6.377,5.612,6.85,9.288,6.585,8.786,6.918,4.716,3.782,6.729,6.7,5.928,4.944,8.113,5.594,6.349
TRI-087,7.244,6.584,7.103,7.701,5.493,6.628,8.56,5.746,6.452,8.567,4.714,3.635,3.885,5.594,5.764,10.768,2.772,5.059,8.227,7.557,6.208,5.392,3.401,7.749,6.797,5.89,4.094,6.175,6.789,6.878,6.93,4.973,4.203,5.719,5.336,5.038,5.879,5.75,3.378,7.861,6.371,5.99,7.934,7.032,4.141,6.641,5.076,6.427,6.984,5.697,5.218,6.508,3.397,8.163,8.419,4.169,6.373,6.458,9.033,8.225,3.744,8.725,6.703,8.268,6.735,9.105,4.402,5.811,4.45,6.21,8.249,7.918,3.237,8.999,3.43,4.51,7.538,6.658,5.545,9.081,5.608,5.14,7.108,6.805,6.192,7.664,5.795,8.225,5.1,6.125,5.584,8.943,5.476,4.779,3.646,7.48,5.037,6.494,4.998,6.083,5.045,5.973,3.131,4.896,7.378,4.049,5.614,6.716,5.247,6.964,6.003,6.392,5.009,5.11,5.424,6.147,5.2,2.675,3.974,4.903,4.459,3.78,5.559,8.027,6.465,4.39,9.084,4.328,5.326,7.921,8.518,5.77,7.007,5.773,4.057,6.841,7.607,3.724,7.75,7.751,6.896,9.07,7.378,8.543,5.791,6.486,6.339,6.111,5.958,6.115,2.893,10.474,4.414,10.112,6.391,5.993,7.12,6.966,9.221,4.062,4.092,2.83,7.579,5.448,3.752,6.244,6.093,4.029,5.379,6.179,6.976,5.355,7.723,5.747,6.086,7.185,4.913,4.221,6.13,6.877,4.972,8.221,9.284,3.183,6.523,5.715,3.698,4.469,6.713,6.055,6.648,5.602,2.884,7.757,7.497,5.768,6.305,5.776,5.605,8.118,7.706,6.247,7.338,6.145,4.173,6.956,4.317,6.839,7.154,6.275,7.688,6.536,5.004,5.575,5.372,6.664,5.404,6.731,3.12,6.641,3.832,8.84,7.094,8.549,6.46,5.505,8.752,7.39,3.637,5.724,8.393,5.966,7.253,5.777,6.731,5.791,6.241,7.963,11.242,4.981,5.647,2.988,5.965,6.065,5.231,4.399,4.649,6.814,7.986,4.669,7.022,8.782,8.066,5.429,8.483,2.556,6.459,7.518,6.459,7.107,1.817,7.337,7.373,6.304,4.969,3.621,7.168,4.564,4.63,5.199,2.508,4.342,5.642,3.834,6.438,8.399,7.856,3.053,8.304,7.071,8.112,2.753,5.114,3.306,6.312,5.489,6.097,7.639,5.52,4.066,9.521,5.082,2.178,8.552,4.14,5.481,5.48,5.461,6.205,7.547
TRI-088,4.837,6.246,4.898,7.901,4.003,7.898,6.559,7.141,4.35,6.374,5.553,6.252,8.7,5.833,7.121,3.619,5.708,7.448,6.845,7.532,4.318,6.179,5.47,3.183,7.291,7.153,9.735,7.832,6.405,4.803,4.763,7.899,5.333,7.539,8.502,2.192,5.288,6.606,8.234,5.681,6.773,6.593,7.146,8.97,5.182,6.811,7.13,6.461,5.879,9.558,8.945,5.677,8.904,7.256,6.384,5.982,4.495,6.877,8.325,8.556,6.385,6.053,7.136,3.866,6.05,6.435,7.48,5.828,6.5,9.433,6.974,3.814,7.438,4.969,7.865,3.785,4.495,2.431,6.604,5.431,8.275,4.21,5.56,4.939,5.682,7.371,6.038,7.855,3.443,2.435,5.762,3.435,7.987,6.478,4.279,7.275,2.878,7.572,5.964,6.676,5.995,6.46,7.616,4.843,5.902,8.861,4.844,3.153,5.142,3.741,4.355,6.103,4.061,7.748,6.553,5.245,6.534,3.845,4.623,5.184,5.911,3.068,7.438,8.526,4.63,2.742,7.406,3.869,7.561,7.41,6.594,3.148,6.789,5.498,5.135,6.471,5.404,1.902,7.467,6.264,8.246,5.745,9.124,5.975,7.163,4.449,6.679,5.8,7.695,6.578,5.43,7.481,6.603,4.827,9.122,4.326,8.752,6.807,4.702,3.842,8.569,3.141,3.416,9.315,7.706,2.772,7.554,3.089,2.803,6.807,4.468,7.315,8.091,5.076,7.943,7.049,4.777,6.212,7.17,6.781,7.177,8.319,5.167,4.735,6.044,6.324,7.589,5.195,7.043,3.519,7.142,4.528,7.146,5.447,9.398,2.124,2.924,6.21,3.896,6.285,4.71,3.626,6.803,6.946,11.32,4.824,5.34,2.54,4.346,4.927,5.585,6.411,8.398,8.158,6.158,6.771,3.904,6.364,4.811,7.77,4.52,6.807,7.41,6.946,3.561,5.869,6.143,7.055,6.139,4.7,6.717,5.492,8.525,6.426,8.045,6.84,5.052,3.966,7.749,3.798,5.358,6.004,4.435,7.693,5.768,6.027,5.134,5.667,6.384,1.624,5.83,6.38,5.921,4.383,0.907,4.777,3.556,4.517,5.714,6.746,7.442,4.96,3.54,6.477,7.492,5.573,6.429,3.061,6.105,6.671,5.02,6.21,5.004,2.92,7.299,5.743,6.483,5.018,5.092,5.555,5.084,4.963,6.766,7.77,5.957,7.345,5.224,4.033,5.238,6.295,7.461,6.671,8.328,4.013,7.876,7.826,6.576,6.065,5.261,3.135
TRI-089,4.642,4.197,2.994,6.677,4.939,5.928,6.816,2.733,8.543,3.911,8.397,5.795,5.664,4.583,4.003,6.108,6.501,6.798,6.702,7.907,4.267,5.564,8.469,5.145,5.449,2.864,7.166,7.047,5.338,5.479,7.865,6.872,7.225,7.344,6.737,5.166,7.105,2.851,4.746,7.564,7.202,7.583,4.954,4.356,5.16,5.117,3.9,4.524,4.067,4.059,6.926,8.061,6.438,9.494,3.275,6.432,6.147,3.296,4.12,4.548,6.807,4.48,5.271,3.447,4.826,1.912,8.124,8.336,7.156,5.83,5.142,6.95,5.727,6.443,4.921,5.147,5.7,4.901,2.114,9.144,6.777,6.977,5.698,4.821,7.745,7.444,7.985,7.653,5.248,5.98,3.172,4.965,6.24,2.214,4.045,5.189,5.391,4.994,6.891,3.639,5.74,9.405,6.629,3.211,8.31,4.09,9.944,5.888,5.985,5.725,6.585,6.28,3.877,6.139,7.021,4.494,4.31,5.485,6.48,5.081,7.689,3.404,5.61,2.039,9.983,9.137,6.383,6.564,4.32,5.227,8.013,7.114,6.022,7.962,8.335,4.897,5.832,8.107,4.888,8.172,6.442,5.766,2.732,8.724,6.767,4.918,6.618,4.277,5.638,6.421,5.487,4.818,6.076,8.046,4.751,8.76,6.971,4.788,5.233,7.445,4.279,5.42,2.239,5.881,9.566,9.801,4.051,9.413,3.043,6.667,6.583,6.374,10.079,5.036,6.553,6.825,4.353,4.967,4.759,5.99,5.958,4.458,3.106,4.395,4.204,9.671,6.957,5.242,5.937,6.292,4.628,6.971,7.867,5.325,1.899,8.737,4.945,7.916,7.579,5.244,5.673,5.271,4.344,6.376,7.334,6.045,2.599,6.319,6.545,5.767,3.052,4.503,4.722,4.14,4.088,4.927,5.1,3.204,7.723,2.23,3.761,5.801,9.915,5.476,6.329,8.844,7.101,5.187,3.409,3.181,3.997,7.675,6.485,7.808,5.2,9.794,5.461,5.952,8.086,7.266,8.181,5.742,8.722,4.92,6.518,5.546,5.744,7.135,8.574,5.363,6.417,6.649,2.729,7.727,7.668,5.074,8.239,8.097,6.787,5.451,2.604,6.561,6.785,1.393,5.481,3.737,6.68,5.188,8.715,6.166,8.817,3.868,8.285,5.09,8.661,6.414,4.011,2.598,5.465,6.471,5.612,10.334,5.84,5.609,7.161,6.898,5.885,5.425,6.376,6.046,5.445,1.387,2.962,5.557,7.77,9.267,4.506,4.341,4.356,3.618
TRI-090,5.171,5.082,2.467,5.192,5.812,7.385,5.721,2.645,7.506,6.268,6.398,5.731,7.748,6.521,2.26,4.74,4.856,6.708,6.529,6.768,4.564,5.486,4.096,7.881,4.467,9.603,5.796,6.394,4.852,6.045,7.913,4.128,4.385,7.053,5.823,5.412,5.09,3.089,7.036,4.75,5.378,5.967,4.062,5.363,11.795,6.913,5.567,5.966,6.307,4.938,4.822,5.549,5.081,5.53,7.286,5.161,4.425,4.981,7.769,5.389,3.026,8.014,7.725,7.04,5.36,7.627,7.981,7.408,2.926,4.675,5.738,7.132,3.528,1.832,7.374,6.894,5.859,7.788,7.36,7.971,6.515,5.051,4.616,8.664,8.687,6.916,5.416,8.444,6.704,5.656,8.644,4.43,3.041,6.613,3.952,6.099,3.918,5.748,6.502,5.221,6.2,6.33,5.96,4.679,6.004,5.464,7.102,3.577,6.268,5.467,8.208,9.45,4.294,8.512,4.741,8.0,4.349,3.501,8.053,4.055,5.183,6.366,4.267,7.263,6.891,4.468,5.141,6.848,5.633,6.743,7.636,5.619,7.609,4.971,5.021,8.647,5.648,8.613,8.602,6.342,5.724,8.181,6.689,5.48,3.635,7.644,8.422,6.212,8.271,6.151,7.901,6.957,7.541,5.767,8.376,5.874,5.038,6.283,6.615,6.125,3.455,4.25,6.037,4.965,4.912,5.595,5.71,4.389,7.235,4.914,8.89,6.784,6.493,7.696,-2.4,7.722,5.659,9.332,7.122,5.821,7.17,5.492,9.225,5.597,7.955,4.933,7.214,5.018,8.247,6.651,5.9,8.201,8.348,8.551,7.731,5.614,4.743,2.257,6.789,7.074,5.376,4.692,4.143,6.495,6.096,6.198,6.997,5.388,8.226,5.04,5.826,7.533,4.975,6.095,4.24,8.428,6.535,6.219,6.289,7.698,8.683,4.641,4.791,5.96,7.248,7.473,5.493,5.888,6.007,4.831,5.557,4.903,2.552,5.947,4.708,7.133,3.741,3.092,6.221,5.977,7.658,6.441,6.755,7.265,4.185,4.068,6.412,5.499,7.14,4.869,6.513,7.337,6.937,8.48,6.539,7.407,4.306,6.112,7.126,7.005,7.507,7.24,4.795,5.538,3.44,4.052,6.709,5.289,4.586,7.385,4.802,3.463,7.602,5.953,7.952,4.797,9.238,5.92,4.178,4.038,5.226,5.229,7.249,8.064,3.549,7.117,5.341,8.723,3.109,6.162,3.55,4.26,4.757,5.728,4.393,6.698,3.572,9.416,6.756,5.177
TRI-091,5.004,5.128,5.167,6.561,6.962,4.579,4.645,5.18,6.626,6.723,10.263,8.735,4.959,4.511,8.159,6.021,7.29,5.523,4.484,6.764,3.524,3.461,5.011,6.316,6.319,7.393,5.386,7.588,8.942,5.114,6.608,8.178,1.856,7.418,7.214,5.933,3.804,4.621,4.265,6.547,4.115,5.506,7.636,3.18,4.847,7.259,5.593,4.531,6.357,6.012,4.884,5.757,6.201,7.464,2.983,6.875,6.35,4.523,7.482,7.364,6.89,7.873,4.764,5.773,4.191,7.633,7.293,6.541,6.96,7.381,5.562,6.311,7.004,4.477,7.959,8.42,2.725,6.341,4.304,6.295,7.425,9.11,3.514,5.623,5.449,2.697,1.889,7.144,6.315,5.264,6.625,7.872,6.712,5.579,5.261,8.063,5.204,7.37,6.72,5.917,7.863,9.003,8.423,6.756,4.884,6.25,9.041,5.778,4.608,5.59,4.858,6.781,7.117,6.503,6.148,7.767,6.017,5.917,6.49,4.078,4.546,7.828,3.498,7.993,5.387,5.049,8.523,5.367,4.164,8.719,3.259,2.502,5.339,6.44,7.234,7.115,7.697,5.207,6.434,3.737,4.084,4.344,6.628,3.659,3.387,8.749,8.07,4.525,6.014,6.789,4.713,6.691,4.34,4.551,4.269,5.972,5.659,8.513,8.25,7.422,6.863,10.511,2.502,6.135,6.979,5.692,7.712,4.988,3.746,5.384,5.198,8.211,6.767,6.153,6.685,3.828,4.925,5.413,8.674,8.15,6.091,5.841,4.504,7.52,5.559,8.541,5.435,4.911,5.574,6.745,6.522,5.601,8.955,5.069,8.156,8.396,6.321,9.588,3.015,5.399,7.78,3.94,3.119,8.449,4.374,5.237,10.264,6.911,5.111,4.739,7.509,5.507,4.482,8.442,8.094,5.623,2.399,5.494,5.698,6.182,5.335,7.832,7.235,5.928,6.894,6.457,6.449,7.851,7.126,7.36,6.226,4.675,4.995,7.236,2.131,6.736,6.091,8.813,4.337,5.254,5.832,6.124,7.66,4.533,8.07,2.702,7.607,6.542,4.9,5.859,3.157,3.087,6.498,6.375,5.205,6.062,7.945,8.178,6.304,5.018,7.17,8.164,5.832,7.013,4.309,5.04,7.465,6.218,4.434,8.18,4.572,7.479,5.141,7.636,9.32,5.665,4.973,9.279,6.199,3.204,5.055,7.752,7.571,9.316,6.737,7.459,5.901,6.484,5.227,7.838,4.661,2.752,5.55,8.311,6.433,6.17,5.583,8.078,5.804,5.383
TRI-092,6.113,5.037,4.332,4.136,7.029,4.176,5.469,7.551,6.525,6.579,6.077,4.727,6.272,6.77,7.423,7.22,7.829,8.075,3.227,5.952,7.099,7.664,4.993,8.536,4.372,5.408,7.627,5.151,3.445,4.251,8.353,8.174,3.534,5.92,3.445,4.124,5.489,6.164,6.249,4.598,6.539,7.604,5.002,3.052,5.202,4.72,5.718,6.436,4.675,7.236,6.057,5.787,7.397,7.705,7.77,5.874,5.182,5.655,7.821,5.398,8.172,7.072,7.268,6.665,5.109,8.555,2.529,2.578,3.953,6.89,7.26,8.379,5.15,5.407,4.71,8.181,4.82,7.331,8.021,8.688,5.929,5.717,3.487,6.329,4.952,6.922,8.003,8.792,3.876,7.279,8.121,7.743,3.04,5.574,6.853,7.946,7.575,7.024,5.798,7.093,5.035,5.32,7.562,6.468,4.091,8.513,4.976,5.921,9.156,4.848,6.836,5.076,7.632,6.316,7.073,4.285,6.997,4.276,5.577,3.774,4.864,3.232,6.715,5.614,8.054,5.835,7.312,5.619,7.779,3.631,7.348,4.48,7.535,5.442,6.027,5.889,6.847,8.237,7.003,7.047,4.712,5.201,7.142,4.797,7.647,7.487,4.441,5.506,7.272,4.361,7.052,5.097,6.626,3.98,5.677,6.199,2.695,6.497,4.723,6.956,7.224,8.294,5.959,6.288,4.75,7.612,6.745,6.852,2.399,6.259,6.587,7.153,7.327,4.537,6.818,2.223,5.65,4.85,5.838,5.875,6.943,6.769,1.055,6.878,4.985,7.741,10.438,5.833,5.618,5.52,5.019,6.884,4.262,5.765,4.701,7.982,5.455,7.738,5.388,5.969,5.383,9.616,5.637,7.197,6.678,4.344,3.511,6.987,5.682,5.948,3.339,6.809,6.878,6.846,7.752,5.601,5.085,6.351,3.923,5.467,4.323,2.679,5.117,5.414,6.288,6.413,9.884,6.825,6.641,9.529,4.764,7.126,4.9,7.287,8.846,5.718,4.952,6.492,4.903,7.041,5.464,8.172,7.008,7.893,6.922,4.86,6.713,4.962,5.836,4.698,8.635,6.012,6.015,4.125,4.815,5.73,5.229,7.355,5.995,3.769,4.999,7.211,5.532,4.731,5.087,8.47,6.251,6.538,3.446,3.841,7.487,6.022,3.552,6.207,4.871,6.528,6.165,10.674,3.524,6.215,5.576,7.361,3.547,5.745,5.545,6.472,4.369,3.352,8.366,3.292,4.071,3.323,3.99,5.889,7.352,5.711,6.42,5.026,4.708,8.745
TRI-093,5.443,5.538,5.282,2.445,5.373,3.045,6.434,3.768,5.368,4.577,6.602,3.482,5.011,5.962,4.727,5.06,5.868,5.425,5.425,6.914,8.679,6.966,4.303,7.232,4.684,7.209,5.769,6.399,5.791,5.025,4.463,4.807,8.264,8.39,8.015,6.944,5.427,7.356,4.038,7.561,4.388,9.117,5.887,4.693,6.545,5.253,6.945,6.954,7.735,7.267,4.167,3.908,10.793,3.501,8.316,6.328,3.092,6.373,4.929,3.953,3.915,8.195,5.021,5.001,6.535,5.076,7.285,2.037,5.232,5.633,4.664,7.069,4.221,6.357,4.0,4.664,5.329,6.673,6.035,5.164,6.674,4.989,3.007,5.183,4.942,5.116,5.315,8.099,6.428,2.832,6.77,5.668,7.002,7.659,6.459,9.3,3.061,6.74,4.081,8.649,4.068,4.691,5.822,6.48,5.631,6.892,5.487,5.884,4.885,7.319,4.25,3.134,6.136,7.287,6.189,8.326,1.027,8.084,4.54,5.344,7.365,5.565,4.792,5.523,7.33,3.457,7.461,5.658,3.309,7.458,7.02,8.062,4.909,6.491,8.125,2.477,9.715,5.817,6.107,6.745,5.653,2.609,8.063,4.119,6.607,5.487,4.491,6.387,8.413,6.04,4.531,6.138,7.314,6.511,6.134,4.468,4.843,9.757,6.272,4.385,6.109,8.64,6.662,5.809,7.525,1.924,4.667,4.275,3.586,5.265,7.595,2.356,9.253,7.55,5.443,4.206,4.211,4.883,8.695,5.426,3.668,4.486,3.801,3.236,4.061,6.576,8.26,6.156,4.045,7.059,4.791,3.803,8.264,2.912,3.446,6.649,4.875,7.791,6.275,6.445,8.794,6.768,6.536,6.755,8.947,4.808,8.997,7.91,5.339,8.562,5.194,6.219,4.513,8.784,3.025,10.501,5.763,8.242,10.192,5.661,4.962,4.644,3.854,7.814,8.483,5.179,5.693,5.155,7.781,7.683,4.924,4.751,6.211,7.653,6.426,6.764,3.594,5.815,5.197,5.108,5.68,8.995,4.586,7.54,5.485,7.637,4.618,6.069,3.557,4.235,5.261,2.953,7.675,7.942,5.564,10.096,7.627,5.452,4.641,5.462,9.558,4.721,6.109,4.192,5.227,4.61,5.911,7.572,9.3,6.359,2.61,7.73,5.673,6.857,5.825,6.145,5.291,5.263,5.921,6.387,4.959,6.722,4.471,7.977,7.296,5.88,5.86,5.487,5.042,5.1,6.047,4.464,5.349,7.002,6.638,3.737,8.13,7.883,6.504,8.297
TRI-094,7.418,3.923,9.071,7.135,8.429,5.515,5.425,6.485,4.801,8.111,6.905,4.089,7.589,6.158,7.828,5.523,5.767,6.375,7.441,7.175,4.134,2.844,5.292,7.593,3.502,6.288,2.113,8.072,6.382,3.996,5.315,2.842,2.984,6.592,8.46,6.47,7.634,5.596,4.777,7.399,5.702,6.953,3.547,6.787,2.927,5.226,6.105,7.402,3.875,6.651,6.101,6.768,9.038,8.194,5.357,7.09,3.392,4.854,3.438,6.69,5.649,6.366,5.175,7.639,5.27,4.852,9.939,4.349,6.008,4.708,5.689,6.325,3.121,6.039,6.978,7.959,5.261,8.066,3.229,5.122,8.849,5.614,5.213,6.099,6.433,3.925,6.786,5.799,8.406,4.257,5.59,3.085,5.965,3.081,5.507,5.741,7.125,7.541,4.797,3.879,8.629,6.918,4.75,7.385,6.651,6.419,5.231,3.545,5.334,7.663,4.716,4.858,6.333,4.351,4.088,7.825,5.435,6.885,11.5,5.219,5.329,6.887,4.917,4.807,6.317,6.546,6.007,6.069,8.274,5.39,5.777,5.667,6.378,5.372,6.25,6.238,8.512,4.072,8.296,7.625,4.249,5.752,8.407,9.428,4.462,3.532,6.049,3.974,8.216,2.829,6.757,7.92,6.088,3.275,6.588,5.932,6.019,6.297,4.58,7.86,6.705,5.149,2.569,3.824,8.125,8.126,5.951,4.102,6.199,2.066,7.773,4.454,8.479,5.387,10.33,8.322,8.636,3.888,5.504,6.682,6.404,6.582,4.692,4.667,9.084,7.489,8.032,2.995,9.669,6.008,7.012,5.426,6.804,6.582,4.789,6.104,8.32,5.659,6.042,4.745,4.637,6.269,7.087,6.071,6.521,7.913,5.418,4.958,7.272,5.446,3.431,9.121,7.796,7.248,6.413,6.383,6.977,8.548,9.061,6.889,10.391,8.621,8.363,7.469,8.005,5.275,8.154,4.551,5.957,6.912,4.767,8.258,4.671,5.117,5.72,6.428,6.267,8.181,6.053,4.399,2.971,4.952,9.258,2.647,4.348,6.467,4.846,4.67,5.04,5.828,5.111,4.264,6.301,7.32,7.03,8.009,5.088,6.718,4.117,7.93,4.29,8.535,4.826,5.875,3.699,6.09,5.148,7.508,5.107,5.352,7.135,5.66,6.563,7.415,5.603,2.927,7.39,6.311,7.096,3.135,9.89,7.83,4.792,6.813,5.348,4.7,6.486,4.06,3.8,6.644,4.994,7.152,7.101,5.863,9.359,4.033,6.442,4.072,6.228,7.846
TRI-095,7.56,6.081,7.246,4.671,5.219,4.859,4.031,4.492,6.034,6.63,4.339,8.009,4.596,7.822,3.946,8.921,9.002,6.443,3.135,6.324,7.946,6.535,7.063,5.744,5.426,4.551,8.292,5.471,6.086,3.681,6.505,5.146,3.083,7.08,5.81,4.359,4.926,2.919,5.233,6.818,7.366,6.053,7.526,6.96,4.246,8.355,4.979,7.016,3.869,4.178,5.461,8.463,6.395,6.235,6.663,6.235,4.745,4.105,3.802,5.48,5.962,8.115,7.144,5.509,4.817,9.154,4.233,6.983,2.992,4.767,5.932,6.09,5.669,7.888,8.001,3.868,2.918,4.147,7.797,3.895,7.09,10.615,4.64,3.74,7.712,4.2,6.246,10.11,6.282,5.819,3.863,7.38,4.802,5.686,5.811,5.382,6.384,8.941,2.987,6.982,6.196,6.513,5.711,9.69,2.576,5.455,5.292,2.772,3.564,4.952,5.15,5.141,4.115,6.311,7.213,8.098,7.058,8.126,6.761,4.485,6.191,3.932,8.269,6.231,5.23,7.618,5.966,3.57,3.843,3.438,7.652,5.78,3.551,5.262,6.532,8.754,4.369,7.557,1.934,5.043,4.695,5.135,6.611,3.813,3.687,8.34,6.775,5.802,6.485,5.261,3.007,2.609,6.673,4.934,7.347,7.247,7.427,8.929,4.274,4.271,8.25,6.499,3.881,4.12,7.317,6.071,5.537,4.536,5.059,6.571,4.052,7.715,4.667,7.063,5.857,7.512,7.03,5.262,3.425,5.667,5.225,6.722,6.573,4.454,5.601,4.635,6.847,8.154,2.766,6.178,5.545,5.749,7.799,9.045,6.371,6.268,7.989,6.476,4.968,6.307,4.593,7.472,4.795,3.896,5.468,4.45,5.689,6.072,6.19,4.927,6.954,6.048,7.694,6.381,7.796,3.736,7.046,6.113,6.221,6.715,5.541,6.097,5.846,5.221,5.917,6.668,5.23,5.307,5.513,6.559,4.913,6.327,5.372,6.536,6.824,4.208,6.347,8.191,6.098,9.857,5.877,6.171,7.682,6.225,6.649,7.363,4.877,5.899,6.19,6.27,5.812,12.246,6.677,4.301,5.367,6.046,7.242,4.519,4.094,7.857,5.305,4.44,7.419,4.237,7.887,5.796,4.796,4.242,3.443,7.428,4.617,5.824,5.923,3.931,7.041,4.141,4.452,8.655,8.466,5.756,9.317,5.121,8.084,6.439,5.977,5.599,7.826,5.582,8.658,8.521,5.317,5.534,7.886,3.972,7.162,8.972,5.514,7.852,6.876,4.545
TRI-096,8.368,7.309,6.299,4.76,5.645,8.785,5.341,6.15,3.584,5.773,5.934,5.824,7.451,9.357,3.89,6.55,6.847,5.463,7.301,4.288,8.267,6.986,7.125,6.04,9.143,5.312,9.143,5.32,2.663,7.116,5.35,4.816,5.975,7.064,3.389,3.232,5.786,9.151,6.778,4.219,7.684,5.566,4.775,5.205,7.255,5.083,6.615,6.712,6.882,7.905,8.105,4.021,8.065,9.429,2.992,6.321,7.259,4.03,4.21,5.345,7.426,6.289,5.261,5.921,6.274,4.474,6.103,7.838,6.453,3.822,4.164,7.831,7.258,6.642,4.386,3.659,7.153,7.578,4.661,5.699,5.984,3.646,5.876,5.608,7.672,7.764,8.329,5.826,5.766,6.359,5.758,6.01,7.971,7.434,5.901,8.366,4.307,5.072,6.138,6.214,8.713,7.11,2.632,7.746,8.729,6.881,6.423,7.9,5.002,6.395,5.237,6.751,4.385,7.593,5.314,4.613,7.866,5.85,6.485,7.408,4.851,5.84,6.716,8.544,8.875,5.688,5.899,6.399,7.532,7.456,8.042,7.923,8.616,6.532,4.976,4.086,6.928,4.935,4.301,6.294,5.849,6.969,4.889,4.545,5.632,5.089,5.859,5.887,6.824,5.442,5.019,5.497,7.772,7.531,7.961,6.348,5.346,5.648,5.777,3.604,6.601,2.419,5.147,8.413,3.743,4.999,7.553,4.129,5.161,4.413,2.43,2.705,5.465,5.205,0.325,7.16,5.732,7.976,5.956,7.029,4.269,9.125,5.369,5.002,7.847,6.188,4.295,3.451,3.293,4.893,6.738,5.876,2.824,6.61,11.295,4.264,6.649,7.086,8.824,4.977,8.17,8.519,5.914,6.889,8.07,9.529,8.511,5.387,7.687,4.417,7.723,6.148,6.849,3.302,8.158,5.27,3.067,3.419,2.161,2.512,2.867,4.212,6.706,8.642,4.165,3.932,7.736,5.809,3.436,3.362,5.047,6.725,4.659,6.921,7.908,1.746,3.475,7.264,8.099,8.437,7.268,8.779,3.811,8.177,9.332,2.925,7.477,6.415,5.856,4.883,6.036,5.397,9.63,5.992,5.194,5.753,6.835,7.319,8.859,6.162,4.369,6.989,8.312,9.1,5.816,6.631,3.403,5.379,5.704,3.62,2.889,3.777,6.782,7.886,2.556,5.23,3.967,7.463,6.608,5.901,7.286,5.774,4.505,2.932,2.75,3.867,10.021,5.017,4.785,4.059,6.689,7.08,6.932,6.237,5.117,8.736,3.594,6.983,4.511,6.672
TRI-097,6.051,5.784,7.485,5.885,5.197,5.422,7.386,4.072,6.074,5.097,7.677,7.126,4.19,3.648,9.086,4.813,6.366,7.159,4.566,6.292,6.03,2.708,5.968,8.83,7.663,4.56,5.519,5.176,3.575,6.634,4.836,4.409,3.197,5.922,8.023,6.07,5.244,6.053,8.606,6.202,5.975,5.026,5.056,5.216,5.314,6.675,4.137,7.226,7.72,6.485,4.151,5.563,6.73,5.433,8.765,3.998,3.047,5.771,5.07,7.624,7.644,6.549,7.166,5.396,6.893,5.886,5.163,6.485,5.412,8.575,5.889,5.969,9.637,5.391,7.699,5.07,7.256,7.822,3.342,7.44,4.934,4.767,2.071,5.147,4.855,5.548,5.361,4.747,7.719,4.022,6.191,4.494,6.022,4.904,4.681,5.867,7.285,8.721,6.479,5.145,3.89,3.93,4.718,6.136,8.915,6.798,5.404,4.359,5.951,5.083,6.852,8.573,6.208,4.404,6.063,6.418,4.912,7.302,5.918,6.45,4.796,6.029,5.66,4.747,6.79,7.998,4.074,3.429,7.62,6.372,7.141,5.346,6.618,5.616,8.045,6.007,8.818,9.367,5.422,10.175,5.288,4.806,10.701,4.518,6.525,6.005,6.365,3.386,4.756,4.315,4.601,4.535,4.492,8.403,9.357,6.226,8.042,7.122,5.213,6.743,4.427,8.35,6.467,4.06,11.987,4.998,8.313,6.396,7.836,4.83,3.516,3.334,3.889,7.408,6.362,5.064,9.4,9.082,7.781,6.771,4.984,6.068,7.963,7.887,3.686,5.644,3.391,4.702,6.798,5.649,7.193,5.376,3.987,6.913,3.035,3.374,3.601,5.012,7.783,7.179,7.085,6.95,9.591,8.638,4.836,5.794,6.506,4.036,5.179,6.547,3.685,7.088,4.487,5.2,4.726,5.527,5.769,5.782,7.239,9.562,6.543,5.835,3.792,4.27,5.347,6.06,6.836,6.239,6.277,6.525,7.069,8.471,3.782,3.477,8.0,5.422,6.089,6.791,5.307,5.528,5.283,5.176,6.53,7.646,4.803,5.215,5.37,5.046,7.6,7.542,6.972,7.805,4.773,5.211,3.829,4.265,7.533,3.389,5.601,7.095,4.318,9.396,6.193,10.868,7.999,7.294,10.094,5.41,4.996,6.255,7.618,5.563,7.967,7.196,5.406,4.916,7.688,5.265,5.664,6.566,2.536,3.821,6.501,6.988,8.626,7.202,7.138,6.138,4.199,4.839,4.453,7.615,7.481,1.484,6.565,6.739,6.694,5.515,7.815,4.868
TRI-098,6.456,6.154,4.439,5.021,6.235,8.631,5.101,6.45,3.7,5.021,5.183,8.87,6.992,7.439,7.811,7.988,5.628,5.409,7.326,8.337,4.314,1.719,4.313,4.931,5.742,5.547,7.47,10.236,5.244,6.232,7.676,5.087,4.716,6.107,9.925,5.116,5.539,3.128,5.706,4.546,6.136,7.307,5.069,2.063,7.387,6.116,7.046,8.081,7.56,4.21,4.371,7.542,7.398,7.854,2.921,6.868,6.666,7.031,7.875,4.664,5.354,6.696,4.938,6.139,5.22,6.637,5.968,4.353,7.277,3.187,6.558,7.026,8.616,8.436,7.785,7.435,6.486,2.215,4.991,5.412,5.926,6.291,8.778,4.961,5.855,4.371,6.915,7.144,3.367,4.199,5.374,5.351,5.769,6.308,7.132,5.949,5.786,5.423,6.996,6.781,5.55,6.474,6.608,4.887,7.45,4.383,6.827,6.247,10.233,6.971,5.331,5.516,6.339,5.652,6.811,3.273,6.535,3.642,6.819,8.084,2.566,8.52,7.296,11.104,2.175,8.735,5.652,5.311,3.692,7.751,5.382,7.126,2.378,6.393,6.038,7.161,5.687,4.964,6.502,8.073,6.125,5.143,3.996,7.341,8.28,5.27,4.027,5.067,5.939,7.986,7.662,5.028,6.432,7.036,6.533,7.374,3.92,6.938,8.429,5.054,9.329,5.889,4.498,6.278,8.674,5.023,7.021,4.633,6.967,6.544,4.072,8.719,5.224,8.171,6.107,4.264,6.35,4.227,7.654,6.34,6.596,5.537,8.404,1.93,7.211,7.046,4.705,7.101,4.675,5.802,5.719,9.203,7.052,7.52,6.38,4.557,5.958,5.746,6.861,6.368,4.405,6.049,4.696,5.546,6.106,7.151,5.533,5.129,7.198,6.606,6.1,3.63,4.111,6.197,5.182,4.329,4.35,5.733,6.074,5.633,4.769,6.61,8.47,6.253,7.633,3.371,4.512,2.692,7.061,6.034,6.143,4.463,4.637,4.032,6.1,6.224,6.832,6.403,7.677,1.195,9.504,6.035,4.875,5.723,8.045,7.737,8.224,6.18,8.49,9.657,6.757,3.221,2.64,6.651,8.369,3.578,5.32,3.158,7.275,5.191,4.695,8.755,6.024,8.769,8.03,5.607,3.051,2.476,5.444,5.545,3.996,7.235,8.193,8.018,3.984,6.812,6.233,4.723,5.626,6.32,6.915,4.632,7.069,5.353,5.145,8.195,5.914,6.07,6.603,7.976,9.636,3.158,6.355,3.394,4.267,6.907,5.021,6.997,5.975,2.312
TRI-099,4.336,7.048,5.629,8.198,5.776,7.747,7.583,6.579,4.596,8.583,7.947,6.913,9.075,7.262,5.041,5.742,7.814,4.234,9.272,8.531,3.398,10.425,5.841,6.186,5.763,6.811,3.572,2.093,6.62,8.579,3.85,4.84,7.15,6.219,4.382,6.261,8.318,5.598,9.077,4.812,5.854,4.648,5.421,5.601,5.573,9.511,9.328,6.023,7.823,4.812,5.768,7.813,9.152,3.557,3.587,5.444,5.943,9.036,4.503,6.221,5.161,7.17,5.485,5.521,8.01,8.016,5.868,3.729,4.286,4.498,5.783,8.053,10.678,5.817,7.907,4.591,2.329,6.481,6.127,6.617,3.451,6.435,4.31,6.441,7.829,4.282,4.781,5.97,6.499,3.561,7.885,4.426,6.119,6.778,8.536,5.888,4.744,5.875,2.407,5.554,6.283,6.611,5.498,7.679,6.613,5.042,6.601,6.363,7.534,6.085,6.069,6.706,5.721,6.948,4.371,8.007,4.795,5.073,7.261,6.93,6.349,5.316,5.51,6.7,3.201,3.86,6.2,5.064,9.0,5.298,4.999,5.347,4.88,5.053,4.338,5.042,4.272,6.066,6.833,5.877,10.71,5.383,5.106,7.426,6.623,5.742,6.331,7.199,5.357,7.154,2.596,5.114,8.493,3.195,8.902,9.955,4.22,5.526,2.276,6.947,4.992,8.086,6.006,6.175,5.633,6.345,6.896,4.369,6.347,9.501,3.544,8.823,8.559,6.028,6.855,2.71,5.471,5.104,5.494,4.146,3.012,7.79,5.324,3.173,5.067,3.975,7.85,6.717,4.261,7.57,2.291,5.16,4.194,5.423,3.339,9.38,6.64,7.274,4.889,6.165,6.052,5.888,3.77,3.904,5.027,6.808,6.189,5.94,4.703,5.556,3.763,3.337,6.212,7.881,7.159,5.378,5.451,4.927,8.822,5.656,3.077,6.823,4.914,7.402,8.729,6.177,7.035,8.681,6.973,7.622,6.506,8.031,3.189,3.448,4.072,6.679,5.145,7.414,5.98,3.983,4.977,5.001,6.192,5.415,6.883,6.88,4.936,7.723,5.879,5.097,8.954,4.543,6.081,3.301,5.232,7.675,8.983,5.781,6.725,2.347,7.374,2.402,2.236,8.097,3.842,8.108,6.599,6.394,5.901,6.724,6.791,2.101,4.971,4.395,4.207,6.21,6.084,9.663,7.71,5.204,5.983,5.882,6.669,6.259,5.881,4.963,5.219,6.072,3.753,6.826,6.151,5.528,5.406,6.846,5.035,4.837,6.711,4.154,5.85,7.508
TRI-100,2.831,5.365,8.31,5.277,3.35,6.137,5.939,3.889,7.082,8.81,4.351,5.639,8.31,5.835,4.939,7.312,8.346,8.766,5.066,5.281,6.875,7.178,7.405,4.726,5.193,5.638,5.214,6.308,6.437,5.687,9.055,3.123,5.086,4.733,5.992,4.998,6.527,7.485,10.054,6.154,3.59,2.706,3.43,5.938,7.482,7.565,5.616,6.793,9.133,7.558,4.75,6.214,6.651,6.424,6.873,8.697,3.856,5.419,6.4,6.77,5.558,8.046,6.337,7.243,5.859,5.88,4.494,4.999,4.323,8.02,4.686,3.005,7.131,6.631,6.885,5.354,9.158,6.889,5.467,5.075,7.938,5.071,6.451,5.745,5.459,6.34,7.224,8.79,4.795,6.224,3.987,7.967,5.935,3.635,2.205,7.682,6.984,6.699,6.625,7.227,9.222,9.023,6.655,7.604,2.317,7.527,8.364,4.788,6.984,8.928,5.577,4.98,6.046,4.542,3.725,8.739,6.853,8.024,7.541,6.893,5.084,3.751,6.273,6.465,7.156,8.671,7.376,4.799,5.833,5.106,6.814,8.172,4.407,3.589,3.948,7.783,5.97,4.481,8.995,6.43,6.601,4.34,4.862,6.771,2.442,4.665,6.208,7.788,9.153,2.897,5.105,7.094,5.018,5.595,7.271,4.254,7.573,5.233,1.351,7.557,3.858,3.905,7.743,5.962,3.317,4.637,7.497,3.06,7.897,7.138,3.63,6.216,5.994,7.968,6.325,6.799,5.877,5.317,5.958,5.272,4.995,4.158,4.414,7.787,5.956,5.097,8.111,1.857,7.203,4.023,6.561,6.178,5.077,5.049,5.954,5.584,8.629,5.235,5.166,4.884,7.089,7.946,6.277,5.568,8.09,6.311,7.615,7.833,6.995,5.996,7.665,5.771,4.307,3.945,6.415,5.376,6.059,6.877,5.013,6.796,2.89,6.259,7.323,9.178,7.669,5.867,5.143,4.712,5.664,4.47,7.113,7.572,7.901,7.125,3.772,9.072,7.433,5.594,6.555,7.096,5.619,8.154,4.836,8.511,5.719,2.458,10.774,7.505,8.347,7.161,8.589,5.518,6.208,5.622,8.989,8.766,6.328,3.638,7.732,4.388,8.013,7.048,7.307,8.478,9.363,7.988,6.662,5.948,6.484,8.386,5.709,6.803,6.291,6.632,5.159,7.494,4.826,3.985,4.301,6.568,6.696,7.995,8.616,6.206,6.701,8.592,7.113,7.455,7.541,4.654,8.999,5.622,5.461,4.587,7.219,3.675,8.211,2.547,6.567,6.429
TRI-101,6.038,3.763,4.922,5.267,8.376,7.163,6.928,5.191,6.793,7.031,4.923,4.845,5.83,4.813,9.029,9.219,5.237,6.1,2.011,4.893,7.06,4.967,8.67,3.128,3.896,9.609,3.995,4.005,5.754,3.707,6.496,6.046,5.623,8.302,5.169,4.26,8.664,8.788,10.073,4.391,6.207,3.528,7.07,2.384,4.195,7.293,2.134,2.452,8.307,4.521,6.218,5.094,3.778,8.142,4.773,4.506,4.995,4.922,6.746,6.987,6.497,4.391,7.686,7.176,7.128,6.388,9.352,7.097,4.551,6.568,7.944,5.127,5.919,7.04,3.926,4.304,4.509,7.529,6.167,5.093,7.495,4.953,8.053,4.977,6.052,5.085,8.481,4.623,5.421,4.651,4.128,7.898,7.157,6.563,5.488,4.743,2.277,4.974,7.691,5.783,8.631,8.075,4.842,8.063,9.018,6.339,7.334,6.625,5.467,6.509,6.857,7.471,5.395,2.485,8.043,8.344,10.421,4.943,6.527,2.064,4.104,5.345,5.11,6.198,7.871,0.826,6.486,7.951,4.252,5.578,5.671,4.635,7.845,5.517,6.416,2.507,6.204,5.906,4.736,8.456,6.312,6.89,9.813,4.114,6.324,7.652,7.552,6.473,5.145,7.086,8.986,6.483,4.904,6.57,8.053,5.933,8.806,5.568,5.268,6.738,4.745,4.373,6.558,10.146,5.256,5.036,7.538,4.97,3.92,6.527,5.932,3.732,7.671,4.763,6.117,6.494,7.998,4.218,3.002,5.549,5.0,6.593,5.954,4.551,7.26,5.417,9.628,4.985,4.388,4.445,6.679,5.232,8.803,6.639,8.154,5.721,7.983,4.353,5.367,7.105,7.389,3.207,5.384,2.869,6.642,3.883,4.253,3.635,6.628,7.593,7.266,4.813,2.802,6.365,7.186,7.889,9.622,6.131,7.583,7.154,10.593,9.22,4.181,4.02,5.582,5.964,3.541,8.113,4.425,5.519,3.585,5.825,8.077,4.729,8.081,4.329,4.905,7.594,3.238,5.173,4.601,6.703,7.933,4.473,4.986,8.401,7.142,6.076,4.988,7.956,4.123,5.35,8.411,3.976,7.791,5.723,8.351,5.247,6.838,3.7,5.893,2.726,7.484,8.17,5.833,8.135,6.942,6.828,4.945,2.636,4.684,4.871,6.592,7.12,4.277,7.658,5.054,6.553,5.487,7.545,6.969,7.045,3.754,7.504,5.251,4.812,7.151,4.124,3.656,7.575,5.906,4.598,4.126,2.92,3.107,6.722,5.916,7.693,5.332,4.744
TRI-102,5.248,5.621,8.946,6.271,2.826,5.121,6.415,3.935,4.627,5.383,9.283,5.142,5.297,7.809,3.464,4.274,3.681,6.442,6.017,6.462,7.773,5.263,10.733,5.053,3.876,10.593,5.271,5.576,6.319,4.646,5.89,6.727,7.164,3.635,5.627,4.343,7.056,8.502,9.348,7.037,7.871,5.405,2.22,7.247,5.035,8.068,4.386,7.083,8.227,6.551,5.141,7.433,6.716,4.027,8.139,5.778,8.353,5.637,4.428,4.624,8.418,6.75,5.384,3.313,5.266,9.144,5.312,6.837,7.448,6.607,5.953,6.308,7.119,8.76,3.856,8.795,6.848,4.374,5.179,5.679,5.589,9.078,3.732,2.853,3.369,3.633,5.124,5.639,6.474,4.184,6.279,5.219,4.109,7.057,5.062,8.977,7.007,5.074,7.198,4.799,5.252,8.182,5.824,4.228,6.495,3.397,4.862,4.137,7.859,6.811,9.367,6.067,7.183,5.784,4.694,8.55,7.138,9.216,7.45,6.129,4.335,7.408,5.232,8.057,7.859,6.483,3.349,8.103,6.597,4.667,7.157,4.889,3.912,8.369,7.213,5.222,6.989,5.742,4.683,6.305,5.153,7.136,7.04,5.549,5.398,6.209,5.554,5.077,3.324,8.118,7.496,6.443,3.928,7.706,8.803,4.768,7.332,5.513,8.59,6.771,6.981,5.635,4.921,5.09,4.617,5.308,6.539,7.003,5.921,8.598,2.289,5.03,6.556,6.98,6.057,6.65,7.455,7.634,6.091,4.75,9.184,5.529,6.535,8.092,3.504,8.835,4.553,7.858,8.814,6.752,6.532,5.271,4.737,4.534,5.169,6.506,5.848,6.924,8.995,7.305,3.593,3.808,6.625,4.992,5.696,4.83,8.1,6.577,8.108,3.342,5.936,8.048,5.051,6.128,9.208,5.087,5.824,7.027,3.991,6.893,5.328,6.837,6.436,7.882,4.842,5.853,7.018,5.524,6.887,6.922,6.133,8.02,3.726,9.83,5.689,4.264,6.228,3.924,6.985,4.835,7.818,3.628,5.647,4.342,5.064,5.677,4.787,4.837,5.848,6.597,7.055,5.957,6.151,4.425,5.359,5.847,3.456,4.092,3.888,9.807,6.369,7.174,7.161,4.283,5.425,6.557,4.819,5.11,7.269,6.868,8.009,5.383,5.2,5.95,4.617,5.956,5.256,9.414,6.706,5.007,6.676,3.421,3.479,5.804,5.302,7.145,2.8,9.01,2.797,5.769,6.423,7.164,3.704,4.817,3.569,2.887,7.219,4.237,4.758,4.195
TRI-103,7.289,4.115,5.846,5.428,9.011,4.543,5.79,7.497,3.953,4.636,8.271,4.359,4.996,6.349,7.925,4.818,4.433,4.632,9.351,7.561,9.166,4.625,5.016,7.983,3.763,5.428,1.149,3.823,9.119,8.895,3.815,5.616,8.646,6.418,12.004,8.372,5.917,5.984,7.573,5.049,3.803,8.394,0.914,2.977,2.994,5.183,8.262,7.432,5.082,6.593,7.62,6.482,4.565,4.728,6.431,3.247,7.41,6.66,4.077,8.687,4.892,6.139,7.807,4.948,6.739,5.725,6.532,4.311,5.481,6.775,4.327,7.188,2.52,6.691,6.693,3.752,6.227,6.281,2.836,2.842,5.516,4.501,8.395,2.293,7.131,6.269,7.016,7.407,9.139,5.22,5.501,7.171,7.519,3.601,7.334,8.26,5.431,7.61,6.548,9.837,5.987,8.846,9.791,3.548,6.262,3.975,8.664,7.206,10.994,7.183,3.211,5.195,6.493,4.201,7.387,5.961,5.137,5.982,4.368,7.097,4.802,7.922,4.36,8.711,6.377,5.313,7.405,8.197,5.43,2.452,3.705,5.597,4.936,8.244,5.698,8.111,5.171,6.847,8.809,6.435,6.13,9.084,4.347,7.73,7.057,7.556,8.027,6.003,5.042,6.001,6.415,4.26,3.691,6.174,3.876,5.316,8.956,5.03,6.651,4.167,4.141,5.87,3.883,7.079,7.319,6.355,8.22,6.151,2.985,6.627,6.443,6.672,7.773,7.308,7.765,4.505,5.729,5.667,6.609,5.429,9.478,5.868,8.154,4.656,4.648,6.228,8.478,7.751,5.857,5.581,6.262,8.453,3.513,6.048,6.238,6.179,4.178,8.365,5.717,5.835,3.243,4.87,5.659,7.472,5.871,7.719,4.807,2.471,9.021,6.518,7.1,4.808,6.531,5.696,6.693,6.65,7.944,7.517,4.951,11.172,3.931,6.956,4.386,6.754,7.821,5.515,5.152,9.418,4.609,8.62,3.55,4.95,6.992,6.494,7.395,4.263,8.094,6.831,5.566,6.78,4.09,6.255,6.825,8.436,7.063,8.883,4.055,7.811,5.837,5.938,5.477,3.642,5.82,7.532,7.795,4.153,4.021,7.531,1.834,6.765,5.698,3.7,4.37,4.866,6.249,6.992,7.371,4.141,2.564,2.668,7.718,7.809,6.817,6.566,6.401,5.974,7.921,10.972,6.442,6.191,5.763,6.272,3.398,5.47,8.355,7.425,3.919,8.261,6.134,4.442,8.572,4.333,4.32,5.743,8.944,5.238,6.875,6.598,7.219,4.758
TRI-104,4.588,4.82,5.722,5.481,5.295,6.006,6.724,5.382,5.117,6.594,5.613,5.757,1.808,6.962,5.864,4.134,6.07,5.494,5.943,3.873,5.874,2.154,5.54,9.39,7.903,4.749,5.907,5.812,4.793,6.294,7.58,7.723,5.66,7.099,4.889,5.877,3.902,4.999,7.28,5.644,7.554,7.434,1.956,4.713,4.378,5.637,4.611,4.559,4.624,5.764,7.323,6.341,5.148,7.383,6.44,2.08,7.391,3.549,6.644,5.53,7.087,5.941,5.065,5.761,6.311,3.218,8.676,5.987,7.331,5.353,5.532,8.024,4.972,7.154,6.57,6.777,6.258,3.248,7.956,6.927,1.704,6.811,2.086,7.63,2.967,3.902,7.691,6.71,4.363,8.937,6.927,4.511,4.348,6.372,3.438,7.802,5.51,6.564,5.413,6.47,6.591,6.482,3.947,8.302,8.502,7.799,7.788,5.198,5.899,4.156,5.982,4.073,5.001,3.118,4.246,6.838,6.61,5.567,5.545,8.516,7.551,4.616,8.524,3.847,6.391,7.726,2.569,7.5,7.104,4.524,7.046,3.815,2.796,7.727,6.466,6.158,7.327,5.289,7.036,7.398,7.786,7.488,4.388,7.323,4.0,3.992,3.437,5.141,7.443,4.96,4.683,4.032,5.0,3.94,5.281,8.078,6.792,4.54,8.79,7.189,8.007,5.244,6.203,6.322,7.267,4.497,4.85,3.93,4.523,8.136,3.561,4.443,6.37,3.971,6.372,3.421,2.859,4.477,6.151,7.515,5.52,8.348,7.001,7.291,7.237,5.439,6.704,6.046,5.403,10.172,6.196,4.287,6.515,6.166,6.698,6.817,11.334,4.874,6.923,4.621,6.628,3.639,9.467,5.691,9.135,7.51,5.819,4.374,6.099,8.663,6.672,7.882,6.997,7.976,6.528,3.603,7.187,7.808,8.052,6.334,4.497,5.994,5.644,4.284,4.419,4.971,5.663,6.873,6.169,6.474,6.116,4.394,9.791,5.049,4.771,8.174,5.684,9.553,5.837,3.991,6.302,7.433,6.395,3.818,6.921,5.344,5.484,6.993,6.754,5.481,6.669,7.696,5.674,9.936,6.295,6.821,4.633,7.794,8.165,8.423,6.951,7.361,5.976,4.189,4.681,5.663,4.503,3.891,7.266,5.045,2.96,6.251,7.057,7.019,10.204,5.895,5.412,5.403,7.075,6.353,4.443,5.986,6.017,3.397,6.365,6.433,3.063,6.524,6.581,5.341,0.198,7.861,3.916,8.485,4.254,4.146,7.236,4.047,4.556,6.89
TRI-105,5.547,3.773,4.116,5.886,9.226,3.334,7.267,3.298,4.353,6.194,5.099,3.587,6.689,7.549,5.477,6.375,5.236,4.836,3.437,4.721,7.06,8.344,11.035,6.823,5.265,3.915,7.41,4.285,3.047,7.826,5.047,6.144,4.755,4.612,8.446,5.888,5.636,5.664,5.618,5.651,3.042,6.885,4.522,6.968,5.311,3.458,5.924,6.886,7.049,8.562,7.969,6.169,3.959,5.121,4.412,7.961,8.286,4.806,6.412,2.086,7.064,6.593,5.279,7.378,5.613,6.072,5.433,5.657,4.561,4.556,5.305,5.504,3.666,5.805,4.406,6.819,5.826,5.175,1.39,4.461,8.051,8.023,7.424,4.428,5.1,5.294,5.774,4.657,6.354,9.51,4.477,5.89,7.827,8.475,6.998,7.333,3.976,8.201,6.469,6.653,6.372,5.471,6.859,6.746,4.786,8.503,6.974,12.045,5.198,4.909,5.314,5.005,8.222,6.531,6.558,4.092,4.901,8.535,7.324,8.624,6.828,6.658,7.18,3.884,5.374,7.728,6.835,4.033,5.254,6.27,8.88,4.644,4.739,6.783,7.145,3.165,4.306,7.515,5.858,2.982,8.392,6.693,7.504,7.0,3.283,3.391,5.675,4.747,7.396,8.098,4.456,6.211,7.187,3.321,7.485,7.373,9.101,6.536,7.389,8.335,8.198,5.147,10.127,5.385,5.741,4.825,9.307,5.668,3.24,8.225,8.359,5.7,5.696,5.842,3.655,3.205,6.151,5.547,5.088,6.292,4.064,8.159,5.075,5.419,8.473,8.508,5.617,2.811,5.179,7.954,6.685,7.816,9.513,6.725,6.762,4.774,5.53,8.11,7.781,4.162,5.268,6.708,6.176,7.172,6.056,7.767,2.428,7.278,7.249,7.953,7.413,4.593,4.717,4.093,5.355,6.747,9.623,8.277,3.666,5.472,5.789,5.792,5.602,4.618,2.976,5.47,6.384,6.856,2.838,5.568,7.447,4.576,6.041,6.194,4.706,7.289,4.085,3.326,6.601,8.469,4.225,7.722,5.407,3.586,2.52,7.136,4.235,7.881,5.426,7.741,8.477,6.37,9.103,6.066,7.363,5.165,5.926,5.147,6.02,4.868,6.15,7.088,6.116,7.743,5.915,3.93,6.486,8.365,4.373,3.641,7.631,4.214,4.328,5.932,4.208,4.805,9.269,6.391,4.527,7.543,6.541,5.665,5.586,6.596,6.353,8.8,7.227,5.181,6.134,4.019,8.125,10.084,7.605,6.631,4.827,6.191,5.228,5.975,6.378,9.476
TRI-106,3.225,8.653,3.144,7.811,4.553,9.06,6.334,6.887,6.332,6.528,6.815,4.136,5.381,5.047,6.996,6.815,3.815,5.445,8.225,7.612,7.588,3.946,4.505,5.876,5.14,3.437,3.115,5.787,6.495,7.997,2.423,7.277,3.398,3.355,2.877,4.938,7.224,5.654,5.513,6.77,4.067,5.135,6.968,7.289,7.604,4.25,6.259,6.778,5.338,4.315,6.33,6.899,4.305,6.499,4.676,5.397,4.609,7.304,4.408,6.783,6.555,3.749,5.423,3.66,5.616,6.611,4.361,7.071,2.027,6.783,6.393,6.076,5.625,2.954,4.277,5.764,7.402,5.955,4.141,4.224,4.95,8.286,7.132,6.786,1.971,5.19,9.228,5.75,6.509,4.219,6.378,4.097,7.231,7.552,5.369,5.16,7.76,4.795,5.298,5.467,7.702,5.865,8.515,5.76,6.083,8.171,8.808,5.693,5.704,6.122,7.545,4.067,6.579,6.669,7.567,7.642,8.455,4.939,7.285,4.7,4.637,6.086,9.217,7.902,6.592,6.981,6.219,6.416,4.087,6.487,6.5,5.247,4.079,5.399,7.01,8.667,4.042,3.889,6.64,8.845,9.412,5.916,4.485,8.611,6.545,5.962,4.47,8.67,7.588,6.051,6.103,5.191,8.523,7.65,8.917,6.626,4.896,8.688,7.617,5.916,7.161,3.421,8.411,7.284,4.897,7.941,7.034,2.513,6.375,6.975,6.74,6.123,5.45,6.535,5.509,6.449,7.204,6.432,5.254,8.57,5.569,1.786,4.336,4.187,6.015,7.012,6.754,7.104,7.657,5.152,6.547,6.897,6.672,7.076,6.632,1.903,4.496,6.057,5.793,5.323,5.375,4.278,6.599,7.216,7.373,4.963,7.723,6.184,4.431,6.123,9.355,4.743,6.085,5.97,2.242,7.146,6.197,6.58,3.196,6.075,3.466,7.417,6.24,2.804,6.477,5.579,6.329,5.915,5.771,9.485,5.408,6.465,5.651,6.173,3.421,8.609,7.173,6.734,7.433,6.649,5.555,6.822,8.259,7.654,5.622,4.996,5.995,5.395,6.052,8.029,7.1,6.612,5.328,4.468,7.727,3.825,5.623,8.844,4.225,9.499,7.272,5.931,4.586,6.652,4.177,4.809,7.294,7.662,6.613,8.144,5.844,6.979,5.18,4.957,6.909,8.113,5.827,3.29,6.984,5.724,4.804,7.798,9.808,6.563,4.265,5.303,9.595,9.227,8.636,7.227,5.967,7.259,4.948,6.745,5.941,9.054,7.894,5.119,5.859,2.211
TRI-107,8.832,6.432,8.325,8.576,8.653,5.232,5.756,5.26,5.73,7.496,5.897,3.012,5.895,5.744,2.655,6.961,5.313,5.892,4.696,5.172,6.636,6.12,5.73,7.544,6.537,5.921,8.495,4.375,5.324,5.536,6.431,8.632,5.559,4.835,8.548,8.404,6.847,7.308,5.339,6.865,8.461,0.603,2.385,6.226,5.831,7.303,7.208,6.767,2.869,6.124,5.117,8.01,9.281,8.143,5.271,5.297,3.759,7.347,6.951,9.907,8.252,5.76,8.109,3.531,0.951,6.796,5.918,6.547,4.747,5.206,5.479,9.018,4.666,4.578,5.192,7.425,5.178,8.037,6.155,7.107,6.826,6.261,3.327,7.186,5.926,6.617,6.01,2.612,5.081,7.576,4.897,8.944,6.096,5.482,3.304,6.152,7.752,4.842,9.244,6.232,4.884,9.367,5.058,8.767,5.901,7.902,5.023,7.412,7.236,2.263,5.11,6.433,3.999,7.395,5.355,4.362,6.558,4.804,8.026,7.197,4.942,6.06,7.543,4.532,4.487,5.405,7.78,5.738,7.417,7.788,7.322,6.238,6.746,7.511,6.374,5.034,6.948,6.797,7.276,2.746,4.899,6.914,6.351,5.22,6.259,6.848,7.195,4.471,6.57,6.814,4.463,4.837,5.195,3.841,6.961,7.401,7.875,7.299,2.281,5.881,5.417,5.625,6.513,5.358,5.214,4.65,8.294,5.61,3.236,4.775,9.321,6.833,6.008,4.52,9.886,7.581,7.078,7.763,6.64,8.313,7.117,5.458,4.818,5.653,4.848,5.981,5.421,7.082,7.351,2.777,5.9,8.379,3.64,7.067,2.513,5.122,9.858,8.951,8.118,7.29,5.085,5.311,7.606,3.857,6.367,6.435,6.653,3.451,8.008,6.635,7.086,5.019,6.834,3.082,6.397,5.847,6.255,6.044,6.95,7.274,6.816,2.936,9.132,8.327,6.041,5.908,7.826,0.906,4.897,7.086,6.628,6.58,3.54,6.452,7.707,9.684,6.103,6.469,8.861,3.995,7.609,6.497,5.912,4.932,6.069,5.707,10.565,4.922,8.891,6.17,6.613,4.227,5.138,1.377,4.583,5.544,3.613,5.749,8.019,4.974,4.67,3.802,8.15,4.007,4.256,4.487,9.248,7.718,4.193,6.119,7.487,2.186,6.74,5.713,2.977,8.619,0.721,6.87,8.165,6.517,6.22,8.007,7.654,7.334,2.857,6.671,5.93,7.152,5.44,7.078,6.696,8.221,5.74,2.495,6.74,3.676,6.995,7.524,1.733,8.055
TRI-108,5.386,7.529,4.458,9.653,6.287,7.362,5.29,4.489,4.908,8.245,6.017,7.217,7.166,5.982,1.272,9.071,6.934,2.966,4.989,4.371,9.335,2.474,4.948,4.711,6.76,7.87,5.607,7.269,3.329,7.589,6.147,8.364,7.568,6.751,2.561,6.597,7.939,7.041,4.939,7.426,4.278,4.611,2.075,5.88,6.071,6.708,4.65,3.309,5.917,5.544,9.685,7.771,6.696,7.446,8.205,4.628,8.236,7.075,6.489,3.37,9.119,4.618,5.567,6.175,5.401,3.901,5.703,2.492,6.606,4.892,6.316,5.794,4.516,7.743,4.003,3.715,5.52,4.613,8.596,6.366,6.041,8.586,6.858,5.13,5.75,7.339,5.138,7.698,6.471,7.089,9.244,6.139,3.473,6.072,2.879,5.924,3.075,4.523,6.368,5.67,5.948,4.855,6.237,6.668,6.721,5.337,8.746,8.109,8.602,2.961,6.444,7.421,4.999,6.489,7.177,5.069,7.619,6.3,7.379,7.199,7.301,6.392,8.35,8.242,3.706,3.3,6.322,6.09,4.401,4.865,4.174,6.747,5.541,6.333,6.904,6.705,6.882,3.278,7.625,8.695,6.333,4.457,9.847,6.625,6.342,8.308,5.36,6.55,5.809,8.144,6.765,6.072,5.609,7.434,8.249,5.149,7.268,2.519,9.086,4.427,5.975,6.921,5.914,6.044,7.61,4.046,5.425,6.117,10.157,7.489,4.899,7.492,4.932,6.285,7.434,4.995,6.194,10.954,8.609,5.68,6.882,5.023,3.7,5.397,5.811,6.072,4.928,5.227,5.758,6.842,7.259,6.816,4.307,6.226,7.525,5.699,2.549,6.589,5.502,6.271,6.483,6.361,7.108,4.863,7.21,8.334,2.969,4.452,3.901,5.673,6.502,6.111,4.028,4.937,7.896,4.037,6.305,6.821,5.824,1.623,5.999,3.993,6.084,6.658,6.763,5.831,6.424,0.301,2.712,7.429,4.907,7.113,5.686,5.25,3.619,7.941,5.918,6.999,4.384,4.359,5.345,6.924,4.536,7.825,5.575,6.82,5.67,4.332,5.524,7.518,8.087,4.969,8.728,6.627,5.252,7.343,7.485,5.73,7.808,4.146,6.46,8.267,2.6,10.177,4.783,5.52,6.24,7.348,7.741,5.234,3.252,5.058,8.201,6.75,7.334,7.696,7.378,7.207,6.022,3.583,6.647,5.512,5.152,6.124,9.879,6.119,5.74,7.189,5.878,8.488,6.819,7.393,6.255,7.694,6.469,8.27,4.793,5.036,9.528,5.569
TRI-109,4.746,7.862,8.255,3.565,6.706,5.71,5.362,9.273,6.728,5.492,5.921,4.509,5.832,5.333,5.838,5.902,6.464,7.319,4.929,9.31,4.15,10.827,6.596,6.537,7.627,10.58,6.791,4.507,7.403,4.499,8.298,7.582,10.664,6.351,4.406,4.819,7.736,8.006,6.849,7.362,8.385,6.894,5.285,6.443,8.124,6.51,8.962,3.069,5.364,6.259,4.593,6.653,2.702,5.973,7.939,4.714,5.954,5.34,7.847,7.423,6.713,2.048,6.494,3.322,3.848,7.325,6.527,6.597,3.141,5.924,9.577,5.539,6.378,10.494,6.249,6.313,7.029,5.297,8.373,5.644,5.704,6.071,4.313,4.67,5.661,7.424,2.727,3.662,5.294,5.796,4.456,7.627,1.318,8.319,8.016,5.206,7.557,8.744,7.231,8.009,4.685,7.883,6.365,7.553,4.385,7.003,4.267,10.596,7.092,7.13,6.922,7.261,6.248,8.186,2.195,6.721,4.152,5.852,6.553,4.692,4.099,5.187,7.045,4.096,4.503,7.841,3.607,7.748,7.321,6.875,6.912,4.96,7.842,6.015,4.487,3.865,5.356,8.534,7.332,7.375,3.637,8.155,5.904,5.178,4.965,5.359,6.6,7.06,6.429,7.177,2.682,2.065,4.386,6.237,8.685,6.492,7.252,6.559,6.607,9.132,3.637,7.37,3.509,3.796,5.123,2.742,1.76,5.217,5.266,4.923,2.863,6.454,6.451,1.054,9.755,7.25,3.745,7.69,5.342,6.91,6.164,3.75,4.988,5.467,5.842,6.644,5.332,9.19,6.716,8.825,6.192,6.991,6.298,6.873,3.727,5.716,3.99,4.571,6.958,5.178,3.652,8.223,2.673,4.91,5.866,8.481,7.477,7.384,4.977,8.294,7.509,9.49,3.891,2.212,7.616,7.775,9.313,5.6,8.506,8.471,4.212,6.754,5.31,7.27,6.51,3.896,8.821,5.232,6.318,4.885,2.144,6.134,7.886,6.53,7.201,5.977,5.091,4.463,3.857,6.985,6.298,7.18,3.643,4.826,3.454,6.031,6.701,7.618,5.314,10.085,5.588,6.075,2.391,6.033,2.027,7.597,6.189,3.041,5.056,4.709,7.023,7.729,4.461,4.633,4.409,7.464,6.635,7.863,6.109,9.594,2.927,7.596,5.046,6.619,4.261,6.169,4.341,5.697,6.575,5.477,5.169,5.584,5.042,6.647,2.985,4.522,7.235,5.436,2.908,7.316,9.176,6.004,5.571,3.158,5.333,5.416,6.462,8.026,8.727,4.078
TRI-110,6.679,6.309,3.096,8.554,6.381,6.981,5.315,5.167,6.886,7.74,8.691,10.713,7.428,5.248,6.976,5.661,4.592,8.147,9.254,8.282,5.737,6.073,5.429,5.383,7.092,6.083,5.717,7.093,8.495,5.319,6.756,4.068,7.289,5.595,7.106,6.641,10.329,6.906,8.12,6.296,6.773,2.942,5.946,5.981,4.145,6.1,4.797,4.958,2.321,6.587,2.546,2.99,8.481,2.667,5.002,9.733,4.982,2.409,3.683,2.296,6.479,5.345,5.212,6.217,9.496,8.13,9.716,6.983,2.593,7.519,6.197,3.869,4.289,5.536,5.866,7.615,5.225,7.824,5.809,3.537,6.32,5.969,4.924,6.432,5.202,5.024,4.995,4.523,5.355,5.435,5.7,5.237,5.085,7.237,6.467,4.608,4.089,5.754,8.339,5.083,4.939,3.719,3.895,4.652,3.111,6.949,5.754,4.002,6.509,4.286,5.194,7.179,7.26,3.867,6.911,2.921,5.813,3.914,4.936,6.876,5.023,6.963,3.718,5.301,6.964,5.497,5.616,4.285,3.095,9.047,3.948,8.554,6.042,8.545,6.91,5.053,4.426,6.669,5.848,6.124,7.546,6.205,5.847,7.799,6.3,4.529,3.406,5.681,5.322,6.042,4.725,7.083,5.001,4.951,8.19,7.09,5.122,7.922,4.909,5.089,5.471,5.973,5.849,6.023,6.911,6.478,5.883,8.221,7.801,3.156,5.491,4.609,5.724,5.67,5.993,8.478,8.2,7.676,6.782,8.846,6.385,5.104,3.54,4.576,8.22,6.826,6.102,7.121,7.273,3.816,7.433,5.853,5.034,7.031,5.233,8.036,7.179,7.968,5.166,3.559,10.238,7.5,8.888,3.843,6.787,4.826,6.415,6.997,6.014,4.948,9.042,5.945,5.38,6.586,3.94,6.983,4.397,5.798,6.346,4.818,4.571,4.945,6.146,4.252,7.624,4.372,7.463,4.457,7.06,6.128,4.875,6.032,2.363,5.485,3.54,6.659,5.712,5.402,7.107,4.752,6.135,4.756,8.157,5.09,5.42,7.802,5.059,3.899,8.079,5.672,7.93,9.133,5.585,5.291,4.184,4.292,6.271,4.569,2.716,6.747,5.135,6.129,5.819,3.835,4.012,2.862,7.073,5.161,4.573,6.115,5.024,5.627,3.198,4.502,5.925,7.703,5.593,3.58,6.077,6.656,8.645,3.782,9.136,8.028,8.226,7.454,8.164,7.243,5.864,6.777,7.805,8.036,1.693,7.514,5.876,7.202,6.887,3.512,4.368,6.166
TRI-111,6.423,6.719,6.713,3.678,3.976,5.894,5.705,5.759,5.822,4.477,4.917,5.644,6.24,3.962,7.716,7.349,4.414,5.592,4.75,8.13,0.102,6.977,6.204,5.927,5.384,10.028,5.922,5.441,5.808,5.23,4.82,6.548,6.445,6.045,8.581,6.883,4.505,7.557,7.389,7.31,5.026,4.289,5.63,4.536,3.117,6.909,4.704,7.953,6.742,8.077,9.285,5.207,6.184,4.9,7.277,5.155,3.429,6.35,5.822,7.397,5.406,2.839,9.62,4.744,7.929,7.019,3.009,5.113,6.074,7.829,5.86,5.272,4.61,7.118,6.596,4.124,4.168,4.402,6.857,6.716,7.212,5.519,4.448,4.756,5.703,6.75,6.159,8.545,4.178,5.097,7.585,8.168,7.398,9.964,5.753,6.512,6.024,1.925,3.306,4.846,8.542,6.171,8.143,3.782,5.389,6.04,5.746,7.222,7.173,4.036,4.766,9.041,5.18,5.304,8.929,6.119,6.478,4.592,5.422,7.811,5.256,4.037,3.648,5.248,7.832,9.17,1.721,5.03,5.583,3.345,6.938,5.766,5.788,4.692,4.5,5.761,4.3,7.42,7.996,2.014,4.219,6.38,8.026,7.187,7.026,5.963,5.522,5.124,7.16,4.639,5.755,10.019,2.411,5.625,8.422,5.297,5.888,8.572,4.308,8.434,1.709,3.917,6.426,8.242,6.732,7.237,4.644,5.748,3.647,4.267,6.586,9.868,6.151,5.788,7.606,6.201,6.309,6.282,6.718,5.568,4.329,6.811,4.551,8.278,4.875,5.402,6.573,6.205,6.57,6.343,2.497,3.838,5.215,3.342,5.076,6.566,6.158,5.91,4.704,2.846,3.883,3.383,5.239,7.66,4.453,7.222,10.015,5.649,7.705,7.149,4.926,8.414,5.762,2.532,4.605,8.236,3.799,5.077,4.773,6.964,9.749,8.035,6.321,9.343,5.172,4.558,3.076,5.756,5.985,8.406,4.66,5.549,6.462,5.071,4.918,8.113,5.716,6.367,7.749,5.492,8.602,8.611,6.18,5.893,4.001,7.57,6.657,7.397,5.258,5.128,7.235,7.388,7.975,9.395,2.464,6.128,6.808,7.365,6.111,7.134,7.37,7.243,5.558,8.501,6.889,6.334,4.887,3.846,6.247,3.993,7.893,4.171,6.867,5.48,4.988,6.13,3.59,7.609,4.648,7.271,2.635,3.31,4.337,5.744,7.324,5.885,2.852,4.839,5.918,8.53,9.042,7.921,5.616,7.927,8.281,4.965,5.827,2.456,4.881,7.444
TRI-112,6.832,5.75,6.31,4.885,6.062,5.334,5.589,7.893,6.113,7.86,4.611,4.44,6.78,6.061,6.8,3.856,4.14,5.287,6.294,5.399,2.74,6.939,3.065,7.622,6.919,8.349,7.499,8.037,7.658,4.521,9.037,3.397,2.916,3.505,6.94,4.481,6.024,4.943,5.102,5.989,5.583,6.202,5.41,8.453,5.841,4.793,4.58,8.948,6.517,4.888,5.845,5.824,3.352,6.088,6.986,9.201,7.145,7.255,9.169,8.085,6.894,2.534,7.403,8.971,6.09,9.65,5.399,6.96,5.376,4.928,6.202,6.495,5.397,9.082,8.084,4.081,8.387,6.326,8.724,6.437,6.383,5.2,4.494,2.246,6.306,3.679,2.873,6.686,4.416,7.125,5.138,9.082,4.53,8.161,2.862,4.815,8.179,6.19,7.722,6.472,6.806,4.062,3.406,6.281,6.566,6.057,7.282,5.138,5.007,4.798,3.678,7.889,5.19,6.638,5.695,6.06,6.816,5.218,5.27,5.773,4.269,4.136,3.012,8.748,7.576,6.073,5.419,5.645,2.028,5.221,5.455,6.197,6.415,7.293,5.828,6.972,5.944,4.551,6.412,4.097,6.206,6.7,3.884,7.744,6.752,4.882,5.033,8.797,4.51,5.252,8.487,5.93,6.14,7.306,8.392,5.471,6.858,6.66,5.889,6.229,7.408,5.255,2.322,5.632,6.604,7.027,6.196,5.777,6.346,7.559,7.74,3.855,7.348,2.657,5.502,6.989,3.369,3.969,6.76,7.476,4.62,7.205,6.436,5.331,7.702,7.698,5.332,8.88,10.609,7.373,8.423,6.806,5.104,3.091,5.662,7.373,5.802,6.498,2.3,8.105,6.737,7.537,4.23,10.339,5.705,5.804,8.925,6.884,6.079,4.311,5.603,5.274,2.212,6.616,8.348,8.881,5.819,6.677,7.417,3.223,6.051,5.726,7.402,6.275,2.317,6.984,9.262,9.665,7.524,4.273,5.473,6.538,5.613,3.153,5.796,4.523,3.015,4.469,4.802,9.382,2.488,4.71,6.288,5.071,5.379,6.693,4.874,4.703,5.52,2.598,7.708,8.596,7.521,7.236,3.828,3.29,6.615,7.028,7.447,8.959,5.406,9.315,5.336,4.345,7.305,8.069,5.514,7.052,4.918,5.065,7.546,7.837,9.003,6.983,6.67,7.936,10.243,8.272,7.055,7.333,7.155,5.936,3.155,5.325,5.68,5.904,4.842,6.108,5.066,6.311,3.352,8.44,4.642,6.716,7.751,5.722,6.078,2.74,5.045,6.222
TRI-113,5.8,4.419,5.096,6.802,4.348,7.157,6.519,5.238,1.345,6.415,9.648,5.384,5.562,6.767,3.418,5.191,4.986,5.35,3.985,8.384,6.236,7.86,8.477,8.161,7.736,5.773,7.072,5.894,8.188,4.521,7.646,3.746,4.12,8.013,7.513,4.621,5.309,3.859,4.068,6.301,4.609,8.402,4.971,6.134,4.127,6.359,4.4,1.998,4.702,5.786,8.489,6.545,4.289,5.958,4.396,6.176,6.768,4.623,5.729,4.268,5.38,5.942,4.809,6.367,5.653,8.247,4.32,5.368,8.473,7.322,4.969,7.599,3.634,6.327,4.088,6.897,4.404,6.451,4.972,8.282,2.57,6.422,6.59,8.504,4.545,5.119,6.812,5.432,7.62,6.998,3.649,4.283,5.04,6.199,5.424,4.347,6.839,6.435,7.023,6.094,4.928,6.313,8.412,2.22,4.325,3.158,4.668,5.544,7.118,6.947,5.462,6.777,6.378,2.81,6.541,4.633,4.743,7.162,6.649,5.788,3.896,3.81,7.919,6.184,8.858,6.108,5.125,5.42,6.405,6.73,8.916,5.78,6.334,9.682,8.727,8.114,6.356,5.466,4.986,6.2,6.434,7.1,5.519,4.388,6.326,5.055,7.707,5.827,8.45,5.981,5.582,8.19,8.032,7.534,4.231,4.691,6.662,5.548,5.865,2.687,2.014,7.51,2.275,6.804,8.207,7.073,5.624,5.602,7.113,10.688,8.094,6.536,4.178,8.01,6.361,4.308,9.438,6.12,6.632,5.787,5.615,5.06,8.084,6.489,5.21,4.152,3.553,5.822,4.525,9.442,2.71,4.441,7.673,7.901,7.759,5.477,3.344,6.516,7.499,7.453,7.54,6.193,6.676,5.535,8.083,4.79,6.202,2.779,7.123,5.659,4.726,4.522,5.255,8.088,6.118,8.831,4.779,9.963,5.17,5.969,5.866,7.001,7.604,7.168,5.191,7.46,4.633,3.399,6.871,7.399,7.087,6.197,7.3,4.978,7.55,8.904,3.657,6.415,4.659,6.735,6.058,4.197,7.34,3.588,7.312,7.35,7.671,7.31,4.043,6.039,6.886,5.935,4.219,6.277,7.084,4.229,7.204,7.263,9.203,6.072,9.103,8.329,8.154,6.403,4.215,5.805,7.198,5.423,3.831,5.536,7.981,4.381,8.466,7.845,4.782,7.615,8.588,8.7,9.196,4.134,2.793,7.014,5.238,6.524,7.613,8.89,8.482,6.255,7.968,6.655,5.412,6.975,6.119,8.587,8.315,4.05,3.575,4.221,4.53,2.337
TRI-114,7.184,4.613,5.04,5.032,5.323,6.464,7.66,6.697,1.839,5.508,8.217,5.265,8.739,5.09,7.41,6.074,6.939,5.488,3.876,4.122,4.722,8.789,7.064,5.938,4.765,7.242,6.112,8.06,6.446,7.174,6.963,4.139,6.737,3.454,3.776,5.784,6.343,5.773,6.045,6.29,5.26,7.406,8.733,6.946,6.31,5.309,0.273,5.158,5.168,7.946,4.502,8.446,7.991,6.431,6.473,6.017,6.003,3.648,5.618,6.446,4.094,6.691,5.039,8.487,7.528,8.987,6.154,7.082,5.633,7.179,6.292,4.161,9.219,3.142,4.191,5.856,4.534,4.249,7.594,6.584,5.916,4.933,4.245,6.363,7.977,6.37,9.805,6.836,4.991,6.079,6.782,8.937,5.341,8.057,5.706,8.407,5.273,4.174,6.266,6.979,8.134,8.551,7.371,5.401,4.292,5.207,7.05,4.477,5.318,6.622,7.935,6.419,5.141,3.888,7.298,8.324,5.8,4.106,4.043,5.18,5.703,5.202,7.648,5.733,10.845,7.345,4.222,4.741,5.945,5.782,4.448,8.52,7.981,4.148,6.032,5.557,3.014,4.429,6.914,5.519,6.566,6.771,8.022,8.568,4.8,4.79,4.109,5.168,8.281,4.139,5.06,7.554,7.909,5.747,5.567,4.583,5.242,7.086,6.635,5.631,8.222,8.256,7.011,4.895,6.832,5.73,5.748,6.509,5.595,9.447,4.823,6.776,5.455,6.196,6.509,11.007,7.551,5.658,4.896,4.914,5.544,8.584,3.863,3.444,7.522,7.312,6.324,4.159,5.081,5.251,3.614,3.001,5.977,10.245,7.272,6.822,5.408,2.481,5.682,8.481,6.886,5.474,4.698,5.084,5.702,3.845,7.342,4.792,9.062,7.424,6.79,3.513,6.925,7.06,6.417,5.808,7.379,7.325,4.569,6.327,8.564,6.812,8.751,5.555,4.502,5.109,5.146,2.679,4.433,8.501,7.693,7.704,4.918,6.425,7.478,7.781,4.317,6.991,6.532,5.893,4.939,7.262,8.079,6.496,6.148,3.28,6.164,8.573,7.616,6.499,8.915,7.485,5.652,4.453,7.919,4.019,8.558,4.865,6.843,6.876,6.332,7.632,8.994,5.47,6.293,3.759,3.634,6.239,5.534,7.327,9.608,5.705,8.337,2.826,3.283,6.739,7.26,5.109,5.839,4.789,6.561,5.178,6.64,5.47,6.427,7.53,5.289,5.35,7.34,3.614,6.572,5.703,7.314,6.962,4.287,9.506,5.696,6.41,5.616,6.394
TRI-115,5.931,3.689,6.301,5.632,2.709,7.674,4.337,4.199,7.036,10.32,7.333,6.079,4.946,6.259,6.59,2.37,7.148,5.884,9.462,7.183,1.131,4.437,7.671,8.057,6.04,6.036,6.516,5.24,9.337,7.801,6.115,6.676,6.612,9.235,3.876,4.966,4.304,5.074,9.693,7.259,4.644,5.883,5.085,3.742,5.029,6.564,5.042,5.435,7.381,5.159,5.284,6.955,5.904,3.459,7.144,3.263,8.652,8.056,7.616,6.287,7.385,6.649,7.295,6.874,8.182,5.206,5.469,5.974,5.684,4.892,5.86,3.241,8.927,6.801,5.767,7.03,7.156,7.796,5.658,6.946,7.862,8.451,9.383,6.233,7.605,6.339,3.939,8.921,4.166,9.542,6.407,6.045,2.883,6.358,7.995,6.74,4.611,4.88,9.072,4.058,7.0,4.477,3.059,7.121,8.797,8.046,6.012,3.583,3.791,6.376,4.062,7.377,3.684,9.587,7.435,6.461,5.502,11.297,11.346,3.131,6.786,5.397,5.464,6.934,9.968,2.48,8.925,7.465,3.964,7.835,6.939,4.096,6.394,7.712,2.839,6.982,7.513,6.725,0.316,4.062,5.504,7.16,6.476,6.366,5.27,5.535,4.099,8.878,6.814,6.469,4.794,4.636,9.125,4.429,3.928,6.865,4.629,7.825,2.834,4.872,4.866,4.405,6.72,7.673,5.417,4.146,5.242,5.599,6.009,2.541,5.889,4.637,4.924,4.799,5.716,7.704,5.316,4.755,6.243,5.328,3.843,5.703,7.676,9.252,5.808,6.46,5.76,7.771,9.04,5.828,3.936,8.797,7.479,5.116,4.54,8.777,5.417,1.529,1.985,6.113,6.594,5.762,6.77,7.35,4.328,5.941,5.717,5.892,4.468,4.964,5.8,4.84,7.028,4.488,9.491,3.924,8.459,6.054,8.233,5.289,3.517,6.586,3.144,7.688,7.64,8.02,4.986,5.081,4.952,7.026,7.111,5.085,6.455,5.079,6.001,4.628,8.455,4.601,6.591,3.815,8.051,4.628,5.375,5.353,5.643,6.268,7.637,6.356,7.939,8.547,5.281,6.676,5.588,6.285,8.391,7.41,7.451,7.011,5.212,5.714,7.329,5.332,5.162,4.612,7.326,6.037,5.751,7.591,5.894,5.494,5.742,4.22,4.694,7.6,6.839,6.909,7.146,3.653,4.018,3.198,6.065,6.137,6.228,4.811,4.213,6.362,5.734,5.88,6.551,7.969,5.427,7.522,6.363,6.958,6.994,1.105,5.425,4.482,6.549,6.139
TRI-116,9.869,7.667,6.074,2.002,8.787,6.185,7.22,3.036,5.066,2.594,5.19,8.392,4.567,5.771,9.583,8.602,3.809,7.037,7.555,6.75,5.836,5.526,5.358,6.75,1.907,5.025,4.109,7.739,7.415,7.068,1.66,4.541,6.959,5.84,5.579,5.53,6.947,6.681,5.251,5.869,2.998,4.905,7.654,5.585,6.721,7.379,6.724,1.149,4.624,4.825,6.197,7.54,8.22,6.291,3.365,7.369,7.611,5.251,10.323,3.865,6.684,5.366,0.788,9.795,6.41,3.852,7.74,5.869,8.067,6.117,7.521,3.76,6.253,4.076,6.01,3.668,4.108,4.504,6.87,6.345,4.152,3.713,6.815,7.054,6.37,6.944,3.957,6.805,5.671,9.59,8.294,7.038,5.176,3.612,7.241,5.602,5.21,6.339,8.472,6.427,4.708,3.796,6.372,3.886,4.374,7.586,5.32,5.784,4.808,3.92,5.131,2.895,2.817,5.775,5.078,7.379,6.541,5.295,6.625,6.634,8.199,6.117,4.532,5.658,7.919,4.411,5.679,7.153,4.666,5.804,8.327,5.835,7.5,7.258,7.848,5.253,7.973,6.74,4.319,8.289,2.165,6.569,3.671,6.606,2.258,6.497,5.423,8.471,4.434,3.891,5.644,5.497,5.005,7.601,5.21,4.57,7.646,8.208,3.838,6.051,3.448,4.173,4.71,6.828,6.855,4.223,5.702,5.806,4.963,5.091,7.972,6.107,7.57,3.896,2.913,4.041,4.843,3.955,7.674,8.056,2.575,9.233,3.391,6.828,4.148,8.219,5.745,5.119,6.609,6.434,6.579,5.018,5.533,8.385,3.454,3.587,8.222,3.365,3.267,8.634,4.149,8.247,7.553,7.001,3.97,6.632,7.055,5.682,8.359,6.557,5.844,4.171,6.173,5.92,9.216,6.193,2.6,5.833,4.82,5.611,3.705,7.246,4.791,8.851,4.682,5.391,5.918,3.953,9.283,5.399,8.188,4.335,4.341,6.408,5.71,6.829,4.401,5.916,5.187,4.243,1.821,7.017,5.778,4.543,2.937,8.785,5.751,8.537,7.033,4.799,5.169,5.834,6.573,3.474,5.885,4.44,4.146,6.71,8.071,5.921,5.262,3.922,6.713,6.736,7.558,5.649,8.415,5.228,5.108,6.405,5.713,7.245,6.793,6.147,5.786,3.667,7.37,5.313,4.136,6.479,7.297,8.009,4.429,5.864,10.678,8.246,5.768,1.523,8.909,5.883,6.365,3.761,6.007,5.384,7.903,4.842,6.136,6.247,3.286,5.231
TRI-117,7.127,6.356,6.668,9.72,2.888,6.746,7.436,6.92,9.45,7.308,5.725,5.127,7.665,6.592,6.299,5.846,3.904,6.548,5.529,4.683,6.903,7.113,5.8,7.498,1.988,7.665,3.808,5.093,4.307,2.638,6.185,7.07,6.483,5.203,7.573,3.811,7.02,6.649,4.697,4.008,6.937,6.242,6.148,7.741,3.946,3.587,2.078,5.716,7.94,7.844,4.017,4.227,8.021,6.376,6.605,6.954,5.278,7.959,6.506,9.029,5.145,7.422,5.015,4.843,5.677,5.084,6.637,7.377,6.856,4.999,3.944,6.083,4.732,8.082,7.552,6.07,7.605,6.375,6.689,4.257,4.112,3.383,5.604,5.384,7.784,4.384,7.147,6.567,6.35,7.552,4.428,6.861,7.719,8.155,5.196,5.075,6.595,6.34,6.492,3.982,2.261,6.661,1.223,7.833,4.272,5.697,4.205,6.155,6.388,6.647,4.27,6.418,7.573,6.574,6.595,5.883,5.54,6.694,10.724,7.704,3.696,8.699,6.559,9.416,6.311,5.961,3.033,4.932,5.007,4.129,1.279,8.038,7.501,5.319,6.759,7.775,5.478,6.977,5.68,6.31,5.772,5.663,4.516,4.075,3.215,6.694,4.344,4.869,4.37,4.023,5.279,5.24,3.55,3.638,7.075,5.328,8.502,8.731,7.205,6.197,6.472,6.658,4.222,6.246,6.838,6.349,5.973,6.74,7.18,6.976,6.919,8.57,7.739,4.966,6.125,5.425,7.171,4.364,4.313,5.553,5.402,7.315,8.245,5.746,6.716,5.729,4.554,5.306,5.914,4.669,5.152,7.945,7.055,6.701,4.199,5.647,3.573,5.522,8.158,6.684,1.757,4.415,5.354,7.047,7.194,5.975,4.588,4.119,6.133,7.358,6.098,6.978,8.728,6.575,7.333,6.804,5.831,5.105,6.11,6.624,6.146,2.819,8.067,4.505,6.811,5.189,3.454,6.09,6.263,6.197,4.401,5.413,3.604,5.628,9.359,3.813,6.418,6.023,6.378,7.415,8.507,6.729,3.845,3.456,6.819,3.087,4.278,5.607,6.902,7.209,9.153,7.84,7.188,5.736,4.125,2.217,5.119,5.225,8.296,7.109,2.858,6.274,11.433,8.223,6.079,9.342,9.626,6.128,8.698,5.812,6.634,3.322,8.154,8.386,9.556,7.731,5.447,8.711,8.428,5.715,6.048,4.956,7.758,5.026,4.184,5.529,8.298,6.218,6.845,3.452,6.192,7.192,5.771,5.161,4.956,4.052,6.653,5.107,3.746,4.539
TRI-118,1.074,3.913,8.564,7.897,6.837,7.152,7.577,4.736,5.554,7.828,4.875,2.277,2.19,4.489,4.976,5.833,5.779,7.582,4.822,5.177,4.002,5.602,5.718,7.103,2.229,5.867,5.172,6.784,4.813,3.914,3.103,7.168,3.91,5.13,7.589,8.675,3.05,7.67,7.611,8.238,2.597,3.598,4.934,8.597,6.981,4.499,7.105,5.351,6.333,10.188,4.844,5.072,5.805,9.4,7.438,6.587,3.793,5.287,7.554,6.516,10.904,7.231,5.303,6.137,7.552,4.227,7.122,2.412,6.133,5.484,7.691,4.661,5.353,8.998,4.222,6.329,5.561,4.397,5.102,7.842,2.651,8.517,3.061,5.691,8.339,7.845,5.256,7.096,4.931,9.355,9.63,9.119,8.547,7.096,7.308,8.508,5.652,5.306,8.406,6.997,7.246,4.655,8.39,5.568,5.698,5.146,5.564,7.956,7.73,6.765,6.053,9.351,4.61,5.009,7.748,3.525,4.236,6.294,6.517,6.288,3.868,6.401,6.279,3.763,4.509,7.705,5.926,7.379,6.253,7.704,8.744,5.049,3.001,6.877,7.055,6.889,5.323,6.182,3.791,2.311,5.766,4.708,8.057,4.722,9.037,5.354,4.017,6.887,8.558,7.422,2.776,5.85,8.236,6.151,4.357,5.665,6.27,4.524,4.961,6.621,5.75,6.734,5.193,7.571,9.325,8.453,6.701,7.318,4.725,6.474,6.834,5.845,4.569,8.061,7.404,8.459,5.687,8.497,4.598,4.736,5.891,7.477,4.436,7.144,4.232,4.743,8.957,7.516,7.114,9.001,5.128,4.525,5.591,4.875,5.162,3.125,5.365,4.364,4.778,6.543,6.32,7.321,1.736,6.912,4.615,6.722,5.572,7.238,7.438,8.687,4.801,5.056,7.098,3.172,7.386,6.908,4.366,7.368,2.731,5.848,5.415,4.155,4.281,5.312,3.389,7.659,6.093,6.023,7.408,3.427,4.997,7.436,3.27,7.566,6.055,5.78,6.35,7.974,7.136,5.747,8.287,5.749,4.903,5.499,4.508,6.271,3.18,6.14,7.516,4.034,5.224,2.173,6.163,6.363,4.695,8.677,7.499,6.103,7.244,4.18,4.676,5.782,7.553,8.319,1.504,4.414,1.256,5.28,4.6,7.946,7.183,1.89,6.948,6.719,6.499,7.343,6.51,4.969,5.426,6.093,6.24,7.902,5.602,6.452,6.537,7.023,7.493,8.876,7.9,4.942,6.032,7.512,8.079,6.958,4.97,4.251,6.252,5.851,4.264,7.734
TRI-119,5.21,7.794,6.358,7.835,6.928,6.087,7.114,6.633,8.503,3.723,8.858,6.741,5.514,6.838,7.879,5.329,7.547,4.289,4.167,4.671,4.748,8.103,4.324,5.746,6.788,4.812,6.102,8.697,4.534,5.441,7.162,2.036,8.521,8.035,7.945,7.019,3.868,8.017,4.866,2.826,4.033,5.196,5.404,8.595,5.727,4.744,6.531,3.611,7.474,6.798,6.307,6.056,3.698,6.221,7.106,6.413,7.374,7.136,4.394,8.384,4.58,6.444,3.83,8.264,4.963,4.797,5.937,5.236,3.486,7.417,8.254,3.587,8.058,6.77,5.421,7.362,6.375,6.203,6.521,3.98,10.249,7.406,3.584,8.311,6.785,6.56,5.221,4.677,5.489,5.804,5.271,8.755,5.208,6.402,5.948,6.052,3.473,5.827,2.464,8.039,6.031,3.791,5.355,6.596,7.761,8.634,9.336,5.812,6.541,6.26,5.375,7.309,8.38,9.274,6.846,5.454,6.725,7.74,7.406,3.297,6.119,1.791,6.078,3.377,7.718,5.418,5.657,7.319,5.836,5.682,8.972,7.978,9.341,6.74,7.227,5.979,5.4,5.127,5.376,4.947,6.917,5.83,6.721,3.157,4.625,4.919,8.42,7.44,5.439,8.488,7.512,6.688,6.227,4.885,4.899,5.157,4.736,7.913,9.884,4.97,6.086,7.779,8.892,7.97,3.943,4.274,4.16,7.135,7.247,4.395,3.611,4.695,4.661,6.11,6.251,6.196,3.512,4.928,3.983,7.236,5.867,7.359,7.866,8.346,7.779,4.236,6.719,7.581,4.983,7.866,6.463,4.303,5.556,4.265,5.743,6.074,6.009,5.158,8.557,3.974,5.88,4.001,6.383,4.927,4.849,5.968,6.73,5.961,5.354,4.519,5.4,4.21,0,1.943,3.33,5.67,4.537,4.413,5.789,5.25,9.16,4.891,8.62,6.239,6.092,6.394,4.671,2.81,5.135,5.046,3.645,7.261,5.359,6.967,9.233,3.133,8.245,6.301,9.225,4.72,9.289,7.992,6.994,6.77,6.058,3.915,7.72,8.689,6.788,6.701,7.821,3.76,9.024,4.874,5.406,5.679,9.865,5.98,9.563,5.428,5.503,6.579,5.927,2.886,4.816,5.653,7.004,6.735,8.708,6.355,6.449,4.028,8.467,7.166,5.039,9.301,5.14,2.29,4.912,5.284,6.752,6.264,6.337,5.473,1.94,6.081,8.401,5.735,4.91,5.655,4.395,2.848,7.995,5.117,6.961,7.745,8.231,5.963,6.195,6.463
TRI-120,1.891,4.396,6.734,3.558,6.012,7.197,8.991,3.775,9.679,8.041,6.956,6.527,5.757,4.516,4.076,5.225,8.034,6.056,2.975,3.981,3.476,5.795,6.36,5.779,4.445,7.498,6.799,8.704,4.836,2.57,6.851,5.944,4.86,6.744,7.833,2.557,9.436,7.508,7.769,9.417,4.16,2.283,8.242,5.084,7.489,6.067,4.151,6.832,9.493,8.396,6.688,6.688,4.856,7.182,7.406,2.781,5.652,3.918,5.375,9.246,7.475,6.543,4.479,5.338,3.091,5.582,7.063,7.068,4.853,6.333,5.089,7.312,5.862,7.013,3.836,9.319,5.033,8.863,4.291,7.138,8.292,5.772,8.069,6.044,6.339,8.141,8.201,6.675,5.85,4.46,6.328,6.721,7.439,7.386,2.65,2.781,4.122,2.972,4.572,2.332,5.618,5.438,4.772,5.792,7.647,8.484,6.865,4.849,9.901,6.945,7.173,9.611,5.13,3.864,5.678,5.596,4.069,6.615,5.835,5.124,5.853,5.613,6.341,6.566,3.714,6.429,4.599,5.723,7.997,5.54,9.805,2.985,5.239,6.583,6.195,8.019,4.311,4.865,4.87,5.151,3.151,5.283,5.819,5.513,9.062,4.203,5.355,6.498,3.346,7.248,4.65,3.456,6.97,6.88,7.544,6.722,5.224,5.703,5.755,4.954,7.358,1.524,6.465,6.934,5.261,6.046,7.232,7.981,5.016,5.882,7.068,5.715,5.77,6.416,8.393,5.085,7.626,7.816,4.356,3.931,8.066,7.503,3.951,2.046,4.483,9.065,7.832,3.408,6.088,6.216,5.946,7.35,5.901,5.593,3.078,4.225,7.577,5.578,4.885,5.187,7.684,4.712,6.932,7.534,5.797,8.99,5.204,7.409,6.157,4.511,7.353,6.104,5.845,4.299,5.687,6.705,4.255,4.063,5.647,6.113,4.476,6.828,5.671,7.061,6.445,7.381,7.346,6.272,6.707,5.668,8.071,7.254,5.636,9.542,7.458,3.547,7.326,7.839,5.816,6.632,6.007,2.806,7.621,3.826,6.162,3.575,8.423,6.877,3.881,6.034,4.607,8.656,5.286,4.842,5.563,3.978,4.08,4.973,6.801,6.773,4.483,3.903,7.764,5.174,8.13,2.598,7.647,5.559,4.482,6.205,6.195,5.357,4.506,6.032,2.002,3.475,7.964,7.66,7.358,5.082,4.694,0.753,5.815,5.576,5.154,6.133,7.723,6.519,5.678,7.026,7.901,4.321,7.295,6.064,9.381,5.995,2.266,6.242,7.896,6.689
TRI-121,5.871,3.87,4.552,4.993,3.558,9.333,1.967,7.111,7.202,5.95,10.432,3.981,4.303,8.765,5.359,6.869,8.487,5.614,9.339,5.244,5.838,6.887,4.423,5.785,6.205,4.716,4.481,6.164,9.26,2.87,5.719,4.79,5.076,6.816,6.588,8.17,9.5,2.368,5.772,6.329,7.762,6.917,7.89,4.417,4.479,6.507,5.763,5.015,8.41,6.125,4.664,7.105,5.837,3.89,3.95,5.208,7.06,5.529,5.354,5.545,7.074,8.045,5.289,3.906,8.547,4.389,6.402,7.153,7.495,7.205,7.817,6.862,8.721,5.017,5.602,4.785,4.703,5.92,3.663,9.147,7.314,3.099,6.575,4.548,7.09,7.801,7.608,5.508,5.63,5.547,7.027,7.695,6.768,3.829,8.351,6.524,4.153,4.162,4.748,4.435,4.494,5.718,5.149,7.149,5.703,6.212,8.849,7.143,5.967,6.972,6.805,6.474,4.577,4.564,5.253,7.241,5.051,8.567,8.432,7.347,8.744,7.052,9.223,6.424,6.677,3.928,4.299,6.693,4.656,7.597,7.858,5.616,4.299,4.065,4.88,8.862,5.28,8.616,4.116,6.641,6.533,5.551,5.247,5.72,5.002,8.377,4.82,6.849,9.382,7.8,5.956,7.035,3.768,7.526,4.572,4.385,8.135,5.52,9.9,7.472,3.313,3.917,0.956,7.288,4.842,6.391,8.488,5.683,5.679,8.979,5.523,4.95,7.353,6.784,5.48,6.48,4.55,3.656,6.567,8.531,7.559,4.948,7.266,4.942,7.11,8.318,7.349,8.335,5.95,5.758,5.822,4.156,5.59,5.237,7.909,6.567,7.062,8.807,6.908,4.526,3.866,7.608,6.428,3.887,2.864,6.845,5.908,5.771,6.929,3.415,5.924,4.568,2.249,6.472,9.09,4.509,5.812,3.773,3.38,7.315,5.204,7.623,2.306,6.664,4.477,8.528,4.502,6.095,5.383,6.218,4.32,8.703,3.793,4.354,7.851,5.502,6.863,6.723,5.59,4.927,7.636,5.125,6.77,6.295,5.279,6.567,8.555,7.097,5.962,4.549,3.363,6.838,5.087,9.179,6.468,6.722,4.76,5.185,5.919,4.196,4.68,8.383,7.143,7.717,7.001,5.274,6.073,5.03,8.425,5.89,4.708,4.507,5.21,2.245,6.405,4.883,5.92,3.909,7.597,7.199,8.869,8.224,4.455,7.209,7.415,6.674,6.742,6.122,8.332,5.927,6.425,6.265,6.693,5.697,6.093,6.571,10.753,5.484,4.259,6.437
TRI-122,7.972,5.597,3.719,6.969,4.639,5.724,4.583,4.357,7.154,5.111,3.759,3.626,8.681,7.053,6.073,8.472,3.391,7.437,4.233,1.361,5.85,3.173,5.399,5.918,7.535,5.337,5.763,4.487,3.463,4.601,6.074,5.87,4.924,7.553,5.942,7.477,5.787,4.979,4.322,5.862,7.183,7.954,2.016,4.286,6.261,7.572,5.169,7.397,3.944,5.548,7.364,8.242,4.203,5.763,6.604,5.846,3.808,6.577,8.134,4.624,7.728,8.23,6.744,8.951,7.619,5.88,5.74,6.904,4.395,7.189,5.651,5.513,4.548,5.976,7.992,1.2,4.894,7.701,8.509,4.565,4.548,4.823,6.186,6.385,4.957,3.293,7.522,5.853,5.798,4.616,9.4,5.381,3.232,4.657,7.457,4.182,4.528,5.81,4.282,6.133,4.411,8.239,9.791,6.835,2.987,5.551,7.589,4.633,6.636,4.616,5.614,6.439,6.392,4.498,9.361,3.641,6.403,8.661,5.74,5.663,7.19,4.2,7.343,6.539,5.104,6.023,6.511,6.324,6.337,6.47,6.638,5.603,6.502,11.392,6.889,10.03,6.064,5.111,4.654,4.662,4.89,5.222,6.563,4.154,3.903,6.322,7.26,5.633,3.174,7.705,5.329,7.195,5.819,4.708,3.909,6.755,4.555,4.079,4.202,4.299,5.831,4.547,6.398,3.14,5.513,6.475,6.589,6.505,4.584,2.016,5.005,2.901,7.236,9.021,6.606,3.219,6.279,4.077,4.989,8.543,4.072,6.683,3.764,4.687,3.136,5.72,7.053,8.585,6.769,6.129,8.146,7.281,6.597,7.076,7.496,8.097,5.997,8.42,4.887,4.861,6.247,3.408,0,7.651,8.926,5.347,6.0,3.066,6.844,9.424,7.49,5.207,4.392,8.692,9.058,4.475,5.323,6.234,4.819,6.994,4.396,5.787,7.754,7.507,5.206,5.067,6.161,4.73,3.574,7.894,7.036,4.088,6.844,5.83,6.359,6.084,5.315,6.221,5.082,7.438,6.982,7.623,7.958,4.024,4.714,6.047,5.796,7.611,6.935,4.431,5.983,5.766,5.104,5.492,7.885,6.699,6.066,6.101,7.406,5.582,5.857,6.4,3.72,8.221,8.16,4.779,6.194,6.284,3.444,3.331,3.906,5.974,5.01,4.886,5.966,8.199,3.637,9.213,5.632,3.141,9.126,6.147,6.606,5.501,5.63,4.589,6.886,3.551,4.408,4.56,3.917,3.369,5.601,5.622,3.647,5.602,7.816,5.39,4.009,8.389
TRI-123,7.068,6.106,4.942,4.423,6.398,3.899,2.374,3.278,5.745,7.059,5.776,4.231,6.545,4.28,6.335,5.313,6.251,7.447,6.15,6.763,4.429,8.537,6.116,4.346,4.91,4.832,7.993,5.347,2.403,4.681,7.606,6.399,3.356,5.318,6.274,6.238,5.641,3.901,7.301,6.985,3.441,6.821,8.265,4.277,5.815,5.152,5.035,6.229,2.64,5.749,3.374,8.41,9.027,6.528,6.874,7.766,5.961,5.117,8.103,8.077,5.734,8.696,6.63,6.388,4.985,8.141,6.654,7.291,5.04,6.725,8.987,6.805,4.722,4.977,3.435,5.372,4.748,5.689,2.416,6.358,7.323,5.279,11.715,5.868,6.229,5.51,7.008,4.2,6.582,6.406,5.278,7.878,8.231,6.418,4.976,1.445,5.285,6.576,7.112,4.75,4.564,4.511,5.189,9.792,6.223,7.58,6.262,3.297,5.255,4.599,7.266,5.657,7.191,5.14,6.03,8.56,7.476,7.821,8.012,6.649,7.674,7.687,9.241,6.966,8.45,7.268,4.56,2.06,3.987,3.737,4.915,5.078,7.389,6.473,4.306,4.433,4.279,5.127,6.452,5.039,2.5,2.512,7.002,6.081,6.408,6.909,3.699,5.263,7.397,5.796,5.518,4.58,6.355,2.549,4.014,5.239,5.919,6.425,6.939,3.158,7.785,7.089,3.609,3.981,3.141,2.823,8.267,9.751,6.388,5.691,10.308,6.406,4.162,5.573,4.268,5.34,5.88,7.492,7.694,2.835,5.729,2.846,5.656,7.212,5.426,10.016,4.644,8.756,7.19,5.767,5.999,6.101,8.838,2.859,6.415,4.19,6.208,6.894,7.362,7.67,5.291,6.665,2.068,5.476,3.928,7.278,8.724,5.266,9.225,5.31,4.758,5.637,5.034,7.11,7.082,5.674,6.036,6.247,7.846,4.12,4.393,5.422,2.825,6.405,6.81,5.391,5.733,6.687,6.444,6.446,6.82,5.554,2.537,3.403,7.547,5.837,7.418,4.991,7.006,1.144,6.35,5.291,7.553,7.127,7.713,3.778,4.382,7.011,5.042,6.105,6.43,5.773,6.57,5.131,7.581,3.598,3.244,3.908,6.315,7.499,7.319,7.203,5.033,3.833,4.334,5.271,5.173,4.186,7.76,4.433,7.572,7.824,5.673,6.649,8.093,8.763,7.744,5.514,6.705,6.072,5.436,5.641,6.831,5.979,6.035,5.919,2.466,7.212,6.061,5.634,6.074,4.947,3.907,5.418,5.619,4.733,8.209,7.706,6.745,10.44
TRI-124,6.08,4.77,6.845,6.409,8.538,5.858,7.581,6.311,5.997,8.315,5.206,7.45,4.292,6.221,9.85,3.505,6.854,6.977,5.633,6.036,6.985,1.256,8.271,6.527,4.833,6.86,6.807,5.84,7.312,3.786,4.985,6.442,3.538,3.218,2.774,7.024,4.614,7.666,4.296,6.616,4.623,0.628,5.632,4.32,2.038,7.197,5.298,7.17,5.866,6.088,4.981,5.823,4.99,4.824,6.182,6.904,7.437,4.073,6.128,9.664,6.621,7.053,5.935,5.804,6.255,8.566,6.042,5.132,6.466,3.29,7.474,9.527,3.599,2.907,5.135,5.436,6.011,5.962,8.453,8.063,6.43,5.969,5.286,3.759,5.422,3.524,8.612,4.301,0.308,5.512,6.172,3.962,2.562,4.684,5.667,7.838,5.43,5.563,6.458,7.012,5.656,8.358,4.839,3.673,5.414,6.142,8.235,5.657,3.068,5.509,5.703,2.692,6.337,8.372,5.255,7.958,6.877,8.701,6.001,5.69,4.595,7.176,6.214,4.713,6.943,6.106,4.042,4.968,7.112,7.968,5.74,8.012,6.298,6.234,8.902,5.383,6.029,5.974,7.559,9.115,7.643,8.925,6.547,7.7,6.09,5.778,6.773,6.113,5.522,6.654,4.814,7.63,4.321,4.553,6.658,5.694,7.22,7.69,4.21,4.727,6.39,6.317,5.735,7.133,7.446,5.673,4.381,5.396,7.446,5.173,8.449,8.72,6.608,7.245,2.674,6.658,8.436,4.919,4.113,5.395,6.338,6.423,7.76,7.143,7.706,5.529,6.723,5.789,9.477,6.894,7.305,4.582,4.35,6.922,8.704,7.532,7.253,2.427,4.81,7.739,6.447,6.289,4.889,3.772,8.457,5.548,5.246,7.766,5.074,6.695,6.156,7.899,8.969,4.78,7.744,5.891,6.723,6.997,4.867,5.042,6.784,7.989,4.908,7.242,6.35,4.536,6.409,4.373,6.086,2.381,9.79,8.155,6.367,6.113,11.2,6.709,9.479,7.502,6.171,4.511,4.627,1.516,12.329,7.096,7.289,7.36,5.476,5.065,5.206,7.827,3.465,8.159,6.864,3.604,4.34,6.019,7.165,4.924,3.762,3.094,4.991,7.043,6.569,6.772,3.2,8.391,6.734,7.726,4.315,5.715,5.9,6.949,8.099,3.615,7.012,6.047,6.145,3.943,5.076,5.801,5.344,3.1,5.622,5.805,5.613,3.45,4.687,5.516,2.774,5.648,4.581,6.575,5.637,7.422,6.07,8.826,8.671,3.823,8.65,6.642
TRI-125,7.592,6.101,5.329,5.549,5.143,7.356,6.493,1.51,3.709,6.578,6.316,3.795,6.969,5.192,6.406,4.843,6.888,4.929,5.399,5.909,4.061,4.33,7.64,5.44,5.045,3.776,8.663,8.713,7.61,9.411,5.311,7.995,5.535,6.682,4.844,9.221,7.986,4.801,7.671,4.249,4.562,3.892,5.658,8.834,7.477,8.303,6.242,8.438,4.773,8.837,3.572,6.345,6.823,3.868,6.484,4.76,4.073,5.903,5.008,6.261,4.475,9.1,6.606,7.291,8.281,5.831,5.824,6.75,4.362,5.721,3.665,6.783,6.721,7.401,4.361,2.808,7.758,5.201,5.933,6.812,3.972,3.799,5.708,7.307,3.81,9.137,4.968,4.971,6.377,7.191,6.082,4.091,9.253,5.375,4.994,7.866,4.351,4.513,6.924,3.86,6.746,4.659,8.018,5.598,4.859,6.505,6.611,4.842,10.202,6.449,7.658,4.457,2.844,5.764,6.081,4.578,6.396,4.667,8.246,4.736,4.823,5.373,5.882,4.928,5.26,6.017,5.895,2.597,5.653,7.61,4.902,7.35,8.31,5.959,3.583,6.916,7.571,6.306,4.911,3.228,2.285,6.882,3.658,5.827,5.993,4.105,7.572,7.657,6.329,4.158,4.728,6.118,9.524,4.392,4.006,4.287,7.63,4.999,7.101,5.303,4.901,6.585,3.202,3.758,8.901,8.205,5.211,8.095,8.294,6.336,7.311,6.15,6.526,7.286,7.003,5.244,7.137,8.881,8.236,5.835,7.835,8.424,6.643,6.289,5.955,3.04,8.066,5.255,4.135,6.498,2.687,8.138,5.535,4.539,4.067,6.037,5.537,6.695,5.775,5.635,7.177,4.362,7.332,5.077,5.388,3.007,5.464,7.154,7.401,6.896,6.427,4.703,7.192,5.974,4.427,6.049,4.041,4.025,8.563,4.65,6.657,5.3,5.193,5.502,4.709,3.594,7.057,4.424,4.795,4.601,6.829,4.021,4.476,6.605,7.464,6.092,6.527,8.1,3.494,8.728,4.061,5.86,8.0,5.84,4.873,6.076,6.011,8.846,5.343,7.423,7.515,6.088,7.794,7.53,10.421,4.819,5.633,5.208,2.819,10.688,5.227,6.821,7.103,4.242,9.271,4.766,6.341,7.204,6.432,5.472,5.843,6.852,5.705,2.314,3.735,4.44,5.065,5.587,6.469,3.609,7.367,6.979,6.725,6.433,4.465,6.555,6.872,5.977,4.257,6.528,6.328,5.2,5.889,10.234,9.146,8.474,2.911,5.645,5.256,6.483
TRI-126,9.599,3.947,0.506,5.318,3.719,8.079,3.293,6.575,4.369,6.199,6.617,7.858,7.803,8.397,7.764,5.97,7.199,7.053,6.379,4.786,6.03,6.455,6.773,4.296,5.202,5.344,5.529,6.219,5.745,8.314,7.796,6.333,4.524,3.969,3.401,6.118,4.695,6.756,6.865,9.795,3.673,7.491,8.742,3.052,7.17,7.573,6.733,6.609,5.639,4.11,4.842,6.659,5.95,5.626,4.914,7.81,5.739,4.869,7.033,7.727,4.24,5.352,2.415,6.332,6.208,5.437,6.732,7.627,5.582,5.204,7.508,5.483,4.119,7.909,5.857,6.711,4.441,6.896,7.291,3.413,7.433,7.49,8.984,6.148,5.889,6.682,5.94,6.911,6.066,6.72,4.038,8.725,1.573,6.613,5.073,4.556,6.916,6.094,8.444,7.293,6.938,5.754,5.796,3.988,9.896,4.599,4.936,7.0,7.388,6.623,3.938,6.974,7.764,6.542,6.496,4.402,3.909,5.723,6.322,5.406,8.979,2.098,4.654,6.376,3.373,4.957,4.931,4.046,6.428,4.075,6.86,7.55,4.67,7.206,6.819,9.384,2.69,5.891,7.292,5.826,6.057,7.05,4.557,4.077,5.437,6.039,7.309,6.531,5.603,5.378,5.169,6.207,5.876,7.945,8.915,5.666,5.349,7.507,5.603,3.154,6.343,7.104,6.903,6.485,5.438,3.17,8.68,6.874,7.612,3.687,8.967,4.159,10.098,4.752,7.653,6.463,3.087,6.027,5.916,6.13,4.536,6.343,5.402,3.853,7.059,3.991,5.622,6.607,4.152,5.267,9.998,5.293,9.259,4.04,6.33,9.554,5.653,6.375,6.831,4.191,3.654,6.255,5.657,7.728,5.901,8.407,7.457,4.594,5.252,6.222,6.708,7.714,4.329,9.391,5.336,6.603,4.549,8.258,8.284,3.864,7.979,2.096,4.292,7.937,4.746,4.233,6.451,9.174,3.691,5.287,4.897,7.171,6.384,5.526,5.325,4.304,5.028,6.089,8.06,4.398,5.632,9.463,4.526,8.755,5.063,3.346,5.823,10.78,4.379,7.784,5.557,5.665,7.239,3.065,6.67,7.693,4.532,6.341,5.888,6.917,4.683,4.131,8.78,6.456,9.422,4.818,5.473,5.718,5.147,8.663,5.012,7.192,5.14,3.455,4.19,5.035,7.405,4.147,4.452,5.612,6.409,5.602,6.205,2.594,3.184,6.45,5.794,8.3,4.321,6.517,6.55,3.922,3.834,7.599,6.542,6.902,5.09,6.15,8.617,3.934
TRI-127,6.798,3.46,4.999,9.256,4.611,5.334,7.555,6.665,3.429,6.173,5.869,6.6,7.208,3.679,3.798,8.366,4.031,2.143,6.152,6.516,3.191,5.083,5.204,4.505,6.789,2.965,6.273,3.7,6.819,7.765,5.095,6.623,2.516,4.064,3.491,9.1,6.11,3.851,3.852,6.565,5.501,3.596,5.873,5.945,5.737,5.507,5.679,5.843,7.702,1.967,6.495,7.039,6.431,7.631,8.002,4.096,5.384,8.763,7.584,6.627,5.08,4.599,6.557,7.033,7.156,5.087,5.716,5.557,8.353,6.36,5.11,6.509,8.359,7.921,3.935,7.573,7.419,2.98,3.72,5.76,7.815,5.272,7.819,5.196,7.003,6.516,7.836,7.873,7.791,6.516,9.088,3.168,5.991,9.043,5.733,8.126,4.866,5.753,8.563,4.198,7.024,7.209,7.8,5.185,7.706,6.988,2.641,4.277,3.804,6.702,5.459,5.476,5.66,6.371,5.313,7.492,6.328,6.923,4.643,7.256,7.545,5.3,6.858,7.646,2.288,6.513,8.872,5.286,5.487,5.886,4.273,7.908,5.958,7.741,5.135,7.156,4.779,5.822,3.696,6.009,4.233,5.606,4.453,6.619,7.798,5.059,6.235,5.062,7.612,7.681,7.62,4.375,7.354,6.651,6.724,5.194,5.256,6.77,4.231,3.501,8.611,4.741,7.533,7.543,4.504,2.59,7.523,6.554,4.627,7.336,4.658,5.752,7.184,5.62,4.503,1.376,4.641,8.056,4.917,5.259,8.205,3.883,8.622,6.42,4.609,4.365,6.972,5.018,7.147,6.832,5.587,4.166,4.207,6.52,5.758,6.818,6.493,7.807,6.421,4.507,7.301,5.282,2.799,10.443,9.396,2.987,3.58,3.627,1.734,6.244,9.81,4.077,4.398,4.921,6.671,6.181,4.693,6.916,7.047,3.605,5.693,4.407,6.378,9.068,5.59,4.991,7.307,6.797,3.643,4.952,5.978,2.787,7.043,6.724,6.691,4.211,7.649,3.228,6.12,8.024,7.362,2.745,5.734,5.215,7.524,6.016,5.822,3.227,5.366,6.733,7.073,8.558,3.838,5.758,5.364,4.351,7.0,5.244,7.802,7.161,7.271,6.844,4.417,5.68,6.151,6.069,4.698,5.828,4.601,5.931,3.587,8.989,8.293,5.556,5.529,7.642,5.265,3.22,3.534,2.1,4.02,5.493,5.838,3.718,7.332,5.209,6.028,7.118,6.035,5.142,4.671,5.725,8.629,6.471,4.186,8.433,6.2,7.703,5.515,5.15
TRI-128,5.374,4.488,6.259,4.35,4.278,7.69,6.126,7.146,7.504,8.364,5.076,5.795,5.371,7.593,7.39,3.497,5.407,4.597,3.7,3.941,2.995,3.575,5.217,8.601,8.241,5.268,8.771,5.193,4.76,5.165,5.761,8.178,2.981,4.729,5.773,6.333,5.601,6.534,1.58,7.205,6.384,7.201,4.174,7.32,7.28,7.116,4.718,5.168,6.877,6.226,5.904,7.116,6.517,4.089,6.173,4.923,4.519,6.254,7.26,11.016,7.834,8.209,4.515,5.456,4.093,6.336,2.688,5.614,5.343,5.154,4.776,5.292,7.627,4.42,4.968,7.782,7.181,9.088,7.08,6.002,6.475,3.925,3.298,7.056,5.845,8.461,6.302,7.132,6.677,4.818,4.201,0.989,4.499,4.085,5.067,6.56,8.354,6.159,7.674,6.463,4.129,7.211,3.516,5.478,5.108,5.575,8.653,6.086,5.307,8.211,8.084,5.462,8.498,7.467,3.357,4.671,4.608,7.294,6.946,8.527,5.367,3.775,5.55,6.971,6.013,2.763,6.05,7.571,6.806,6.728,3.097,4.784,6.856,6.061,4.782,4.28,3.092,5.609,4.991,1.918,5.056,6.445,4.457,5.808,6.053,6.498,3.895,7.828,5.964,6.9,7.51,7.169,5.573,3.255,6.802,7.116,4.122,5.375,4.109,4.817,6.58,4.54,3.471,5.492,3.387,8.249,7.591,8.052,4.498,7.106,6.64,3.492,7.015,6.465,7.968,3.541,8.701,6.34,8.084,4.464,7.38,6.587,7.557,7.159,7.578,7.432,6.068,8.014,6.33,6.495,5.753,8.488,9.392,6.275,6.392,4.824,5.879,7.849,5.981,9.789,5.465,6.632,5.406,3.618,7.359,5.898,6.097,6.567,5.74,6.287,4.212,6.812,4.847,7.533,7.401,5.404,7.786,8.604,6.97,4.43,4.766,5.753,5.015,6.521,6.208,5.59,6.286,6.414,4.235,7.598,4.547,3.679,7.079,9.568,5.314,6.828,5.248,8.452,6.097,8.041,5.042,5.781,3.875,3.801,4.414,4.629,6.961,8.127,5.825,6.032,2.875,6.404,4.54,4.462,6.426,5.645,6.34,5.742,2.339,7.008,7.019,6.835,6.739,4.937,9.141,5.582,4.196,6.061,4.346,4.077,5.573,6.556,4.477,8.303,7.523,4.522,7.178,7.202,5.181,6.527,7.277,5.019,9.765,5.563,9.372,4.214,6.858,7.216,5.3,2.982,11.192,7.812,6.913,6.465,5.569,6.47,7.705,5.178,6.047,2.918
TRI-129,5.722,4.232,9.267,8.795,5.967,4.844,6.464,5.239,8.205,9.104,6.612,5.033,6.713,5.502,8.508,5.666,9.854,7.052,5.894,5.117,9.665,4.733,1.942,5.052,5.5,5.989,4.778,6.849,5.933,7.175,4.818,4.285,5.663,5.671,5.29,6.22,5.136,6.898,0.992,6.693,6.409,4.782,5.237,7.321,7.617,5.523,4.893,7.699,6.404,5.141,4.141,3.877,6.924,8.558,7.642,7.116,3.008,2.868,6.391,6.176,5.83,5.341,5.909,5.073,6.985,6.648,5.302,5.231,4.585,4.453,6.215,5.746,6.783,5.721,5.74,4.542,5.262,5.355,4.176,5.486,6.329,5.238,4.579,5.279,7.865,6.453,7.345,7.405,6.344,7.234,9.056,3.922,7.138,6.165,1.779,6.578,5.739,6.54,6.28,6.853,4.692,5.723,5.46,6.988,10.755,5.478,7.526,5.757,5.083,6.784,7.528,8.288,7.593,6.785,3.235,3.326,5.823,5.893,4.554,3.954,9.08,4.851,4.25,7.265,4.803,2.07,4.166,4.362,4.919,7.071,4.743,8.271,8.267,5.506,6.607,9.37,7.179,4.037,7.456,6.843,7.328,1.713,5.238,5.622,4.059,7.218,7.524,5.838,6.401,6.145,7.275,7.464,6.832,6.947,3.464,3.188,5.606,6.369,3.687,6.09,6.298,4.143,6.785,7.864,7.481,4.199,8.239,5.952,5.05,5.395,5.767,5.498,6.936,3.787,3.416,7.129,5.386,6.464,4.725,3.967,6.489,6.64,4.06,5.852,7.604,4.538,5.293,4.436,4.177,5.797,7.096,4.866,5.665,7.581,7.177,3.409,6.934,4.757,5.582,6.24,4.512,7.297,8.521,5.947,5.194,6.512,2.627,8.365,7.108,6.825,1.902,8.058,9.001,6.453,4.388,7.694,6.949,3.525,7.147,7.345,6.959,8.384,5.605,2.982,3.347,5.683,7.267,3.888,4.35,4.861,4.842,5.688,4.508,5.939,4.781,4.913,7.75,5.132,7.9,5.916,6.956,5.749,9.036,4.748,6.493,8.602,2.757,6.807,5.806,8.218,7.107,7.083,7.957,6.253,5.455,5.221,3.459,4.645,9.125,3.208,7.374,6.07,2.409,5.526,8.829,8.122,7.623,5.554,8.143,7.475,6.377,4.807,6.534,7.828,7.012,4.136,5.585,4.429,6.936,6.374,5.938,5.5,9.006,6.227,5.902,3.886,9.211,4.803,6.211,7.723,6.036,4.726,7.683,6.597,6.422,6.144,3.931,7.93,5.66,0.808
TRI-130,6.636,2.42,1.704,9.247,6.913,5.491,7.268,7.42,2.615,6.164,6.036,8.239,5.64,4.657,8.799,6.349,6.863,5.869,4.401,6.597,5.033,5.052,6.628,5.211,5.403,8.042,7.946,3.681,5.986,3.91,4.427,6.082,6.723,4.043,5.801,7.661,4.832,6.083,6.179,5.203,5.369,7.004,4.352,4.225,7.374,4.729,5.616,5.434,7.146,8.167,4.923,6.746,6.388,5.521,7.578,6.928,7.367,8.614,6.789,7.01,8.146,8.027,6.31,4.969,6.267,5.849,3.759,9.738,8.928,5.781,5.809,4.799,5.426,9.546,3.545,7.059,5.279,5.151,5.073,4.722,8.732,4.721,6.407,3.61,6.94,5.382,4.071,6.907,3.133,3.304,7.587,4.996,3.787,8.084,5.918,5.681,7.7,4.543,6.578,4.664,8.168,6.686,5.896,6.304,7.505,6.956,9.778,8.391,3.195,7.424,5.947,6.343,7.67,4.936,6.39,6.789,4.642,6.342,2.361,5.626,2.626,5.258,7.171,4.458,5.059,5.558,7.643,7.412,5.86,5.184,7.972,6.995,5.265,6.724,4.572,6.49,7.714,5.016,5.938,7.486,3.679,6.175,8.36,6.622,5.623,4.519,5.057,4.577,9.183,5.892,5.702,5.093,5.048,2.78,5.147,6.673,6.249,7.51,4.52,4.253,6.666,6.732,5.94,4.513,4.055,7.48,7.009,6.036,8.779,4.109,7.106,3.996,6.554,5.253,4.932,2.391,7.52,4.67,9.021,6.214,6.154,8.582,5.73,7.162,4.562,5.01,6.656,6.328,6.595,4.733,5.719,6.139,5.066,7.55,4.275,5.29,6.825,3.372,4.12,3.541,5.795,7.539,6.102,3.587,4.395,6.286,5.397,7.194,3.245,6.392,6.262,5.131,4.195,4.095,7.634,5.689,3.502,4.408,8.757,6.148,6.235,7.425,3.745,5.438,6.15,7.493,4.95,5.073,5.905,6.916,6.163,6.514,4.093,3.93,3.85,6.561,3.554,5.878,3.473,5.624,4.376,4.555,4.803,5.095,7.033,6.07,4.292,7.183,8.786,6.699,5.561,5.16,8.031,4.666,8.196,7.562,5.951,6.319,4.427,4.097,8.847,7.605,8.052,3.557,11.226,7.832,4.332,5.597,6.17,7.143,7.172,7.603,6.386,5.361,8.04,5.423,5.243,5.506,8.158,3.456,6.464,6.775,7.809,5.544,4.67,8.241,2.849,6.051,7.292,4.827,7.3,4.298,7.136,7.177,6.918,4.812,7.051,5.67,2.438,4.733
TRI-131,7.933,4.627,4.65,6.906,10.129,5.442,4.016,7.76,7.249,6.204,8.998,5.721,7.054,3.248,7.23,4.418,4.53,5.758,4.57,6.403,5.477,7.914,4.693,7.259,7.07,2.811,9.285,4.69,7.04,6.314,4.535,6.663,6.011,5.639,5.068,3.928,3.209,4.073,6.88,6.999,8.618,5.457,5.172,5.074,2.631,5.797,3.613,9.264,6.65,6.369,4.661,4.062,7.43,7.872,5.526,5.147,4.376,5.506,3.682,6.382,6.459,7.778,8.149,5.942,5.733,6.254,2.619,9.044,6.749,4.456,4.85,7.503,4.364,6.691,6.661,7.958,9.237,6.515,5.549,5.112,4.527,6.699,5.761,7.998,10.852,8.471,4.335,3.564,6.876,6.919,7.265,8.184,6.703,2.505,6.203,6.455,6.228,9.153,4.665,4.981,5.297,7.004,7.744,4.822,6.261,7.157,5.157,7.421,6.546,6.778,7.174,4.445,9.969,4.589,7.671,4.927,4.509,4.866,5.255,7.222,6.656,5.3,5.006,4.712,4.013,5.734,4.939,4.949,5.183,6.62,12.337,8.427,7.875,7.304,4.873,2.941,8.671,7.043,5.316,6.17,5.708,2.694,4.375,7.48,4.75,7.451,4.186,5.504,5.924,7.162,7.522,7.576,3.125,7.337,6.376,5.267,4.339,4.61,4.244,7.714,9.043,4.481,5.658,3.954,2.844,4.631,4.163,4.417,5.341,8.274,2.711,5.917,7.578,8.617,7.037,7.001,4.589,7.138,8.389,6.047,7.429,7.805,2.952,5.691,3.98,6.479,6.829,3.642,5.927,7.113,5.251,6.987,4.716,5.314,5.044,2.996,5.712,2.156,5.131,6.498,6.99,4.919,9.767,8.159,5.549,5.833,5.694,7.585,9.184,5.314,5.842,5.509,6.998,9.793,3.669,4.442,5.276,6.351,3.775,6.582,7.634,6.538,6.574,6.607,7.779,5.793,5.211,7.849,5.67,6.459,8.049,5.193,5.947,6.328,8.443,7.055,8.711,4.257,7.339,3.026,7.001,4.607,5.885,5.436,5.578,6.772,4.977,7.391,5.066,5.177,6.288,5.791,6.007,6.968,6.415,6.624,7.124,8.435,3.731,8.951,6.015,8.285,4.878,8.51,5.816,5.683,6.257,5.353,5.497,8.13,6.397,3.943,7.126,3.605,9.003,4.553,4.522,6.569,6.41,2.474,6.451,4.632,7.629,5.013,5.641,5.978,5.55,8.39,6.788,6.645,8.084,5.27,6.295,3.438,8.349,9.927,4.856,5.479,2.806,8.757
TRI-132,7.094,5.265,3.741,5.678,7.098,9.44,5.89,5.124,5.289,5.947,4.857,4.599,3.365,4.814,5.799,6.134,6.917,8.078,6.836,4.16,3.404,4.306,10.332,6.995,4.319,4.057,6.863,6.432,8.187,6.599,4.811,5.265,6.04,4.947,6.359,8.754,5.991,6.079,5.821,6.059,4.413,6.493,6.869,6.549,7.242,5.207,4.183,9.184,6.154,5.067,2.775,4.29,6.035,6.4,3.161,5.677,5.66,6.837,8.013,4.756,4.133,7.073,6.09,5.335,4.697,8.569,2.634,5.027,7.851,5.532,7.235,4.07,8.544,5.093,6.571,5.158,5.456,6.378,8.119,5.859,6.522,5.367,10.619,4.133,4.365,2.836,4.076,6.23,6.498,8.946,8.716,7.263,5.553,7.682,7.085,3.093,4.955,7.904,7.424,5.06,7.056,7.031,3.93,7.675,6.835,4.957,0,5.873,8.574,4.084,6.73,4.698,7.347,2.824,12.037,6.255,3.214,5.282,5.329,8.193,6.195,4.633,5.586,5.451,7.718,5.969,8.459,7.492,6.245,4.966,4.798,5.559,4.601,8.094,5.896,2.464,3.557,4.32,6.626,4.698,6.088,1.966,2.855,6.226,6.583,6.707,7.912,6.067,6.143,4.694,5.51,9.518,7.346,6.997,6.037,2.095,6.488,9.261,1.04,6.549,4.802,5.593,6.212,3.694,4.966,8.684,6.008,5.215,7.079,6.821,5.666,9.094,6.97,6.763,5.865,5.343,10.148,6.605,4.853,5.246,3.932,5.755,8.615,6.546,5.686,7.35,5.366,5.312,6.686,5.852,6.877,5.988,5.634,7.51,2.701,10.042,4.228,8.554,6.802,3.161,6.02,5.823,8.342,6.049,6.436,4.214,5.606,4.81,2.22,8.088,6.281,3.822,5.669,4.89,5.59,8.018,7.614,6.443,3.98,8.77,7.204,5.385,10.205,5.109,6.836,5.613,4.641,2.868,4.852,6.077,3.954,5.824,6.058,3.261,6.658,6.292,2.299,5.683,5.476,6.144,6.137,9.531,4.436,5.403,4.817,4.414,3.398,6.962,5.716,7.055,8.114,6.767,7.619,6.505,3.616,3.437,8.58,5.204,4.885,7.304,7.599,6.048,5.231,4.618,5.358,3.052,5.15,3.668,1.673,3.425,5.977,5.368,4.451,6.198,4.986,5.194,4.196,5.027,4.686,7.19,7.841,6.165,7.667,2.917,2.431,6.942,5.035,7.113,6.933,9.157,6.731,2.629,7.041,6.155,7.015,5.963,3.924,7.571,7.807,5.24
TRI-133,4.005,6.306,7.741,8.087,5.45,4.184,6.316,3.804,4.685,5.584,8.703,6.681,4.516,3.583,4.487,7.295,6.467,3.329,3.646,0,6.864,10.976,7.65,4.043,3.66,7.383,8.022,7.924,6.979,6.285,5.391,4.573,6.793,7.146,5.533,2.588,2.315,5.74,5.894,6.71,5.452,5.684,3.473,4.769,3.994,4.904,4.727,4.787,7.017,7.589,7.274,7.589,6.416,8.178,4.951,4.964,5.485,9.22,5.67,9.071,6.601,5.02,3.112,5.586,4.371,7.958,5.12,5.405,5.94,6.599,6.286,6.237,3.993,5.703,6.184,8.441,7.971,5.84,7.332,3.846,8.548,8.897,7.854,5.863,4.648,7.429,5.317,3.561,6.586,8.94,5.54,9.35,7.703,9.71,4.12,7.646,7.191,6.811,6.07,5.942,6.17,7.003,6.837,4.295,6.667,7.135,7.367,7.07,5.844,6.832,7.965,6.084,3.883,4.462,8.014,6.727,6.688,6.641,6.35,7.006,7.068,6.048,4.677,3.744,9.425,8.683,8.36,4.181,6.761,6.914,4.299,5.188,6.291,5.831,4.908,4.593,4.131,7.679,5.606,5.279,6.009,9.234,2.263,5.322,4.794,3.318,5.628,6.933,5.336,7.187,3.686,7.768,8.877,3.329,5.54,5.104,7.759,5.433,3.124,4.824,7.231,4.278,8.058,3.897,3.131,6.737,8.138,6.011,6.497,7.918,7.389,2.651,6.051,3.553,4.868,5.679,3.943,5.816,2.164,5.949,6.584,4.084,4.844,8.014,3.653,6.506,1.685,3.988,5.574,6.539,5.41,4.804,4.475,4.293,7.146,5.365,8.237,7.926,7.338,5.842,6.33,4.562,9.098,7.553,5.619,3.622,1.239,6.356,4.357,6.661,2.911,3.479,3.38,8.634,6.904,10.017,4.846,5.928,5.92,4.282,5.566,4.569,6.955,11.22,7.867,3.53,7.901,6.742,4.555,5.921,4.154,6.197,4.602,4.06,6.79,5.766,5.564,7.486,8.627,4.41,4.131,3.265,4.757,3.869,8.464,6.26,5.303,5.26,3.659,10.034,4.287,5.233,7.248,7.546,5.4,2.508,5.659,7.148,7.246,7.59,6.658,6.194,4.99,4.804,7.457,8.642,7.467,5.552,5.374,7.618,8.332,6.295,7.563,7.683,7.526,7.782,3.589,5.341,4.231,8.539,7.767,4.891,3.523,6.56,5.387,5.907,8.729,7.496,8.246,3.773,4.535,3.201,6.231,6.993,4.7,6.215,4.822,8.479,6.783,5.255
TRI-134,4.445,6.156,5.66,5.815,6.111,6.148,4.539,7.55,5.828,5.957,5.934,4.759,6.64,7.834,5.741,6.134,9.153,7.655,7.534,4.932,7.804,6.166,5.146,6.849,9.455,7.142,4.528,6.773,7.834,5.4,7.869,7.241,5.784,4.792,7.278,6.094,5.362,5.033,4.026,5.398,5.25,7.482,4.823,6.879,3.605,3.969,7.923,2.726,7.076,7.925,4.503,5.001,4.919,7.023,2.948,7.534,5.874,6.737,7.723,6.194,7.103,7.26,3.354,7.93,4.137,5.402,7.141,6.678,6.126,2.977,3.731,6.245,4.048,5.252,4.709,8.256,8.238,5.994,3.388,6.928,10.827,4.849,10.403,6.523,5.7,7.183,5.282,3.661,5.484,6.951,5.035,8.178,7.884,7.65,4.272,7.755,6.346,6.768,9.239,5.875,6.301,5.811,2.959,4.941,6.641,6.611,6.896,4.73,5.778,6.822,8.005,5.719,5.843,5.696,5.343,5.761,6.585,6.401,4.82,6.272,4.573,7.246,10.416,7.024,6.79,3.956,4.646,6.561,4.548,6.239,5.804,5.764,3.734,6.512,5.796,4.952,4.559,5.292,2.365,1.31,6.328,5.953,6.209,5.066,5.048,6.582,5.752,4.958,5.422,6.877,4.915,8.313,6.174,5.104,8.638,4.404,5.804,3.796,6.678,4.359,4.48,6.29,4.047,6.866,6.466,5.427,2.247,5.096,9.96,6.269,8.531,6.293,5.68,7.122,4.003,8.061,6.466,6.686,5.55,3.205,3.612,4.11,6.058,3.371,6.095,5.83,11.941,4.162,7.427,6.466,7.515,7.759,4.937,5.221,3.369,7.547,6.575,4.74,7.316,7.268,4.629,8.519,3.357,3.102,5.984,6.41,7.73,8.64,4.791,4.146,6.112,7.358,9.265,6.841,6.272,5.944,3.702,3.072,4.788,8.279,4.684,3.884,8.046,6.342,4.951,7.633,2.695,7.329,4.528,5.587,5.9,6.126,9.788,5.651,6.528,8.649,7.245,6.329,7.082,5.322,5.796,6.652,6.351,5.201,7.423,6.481,7.727,5.205,7.252,4.366,6.418,6.148,7.205,5.392,3.148,5.717,6.461,4.516,4.189,4.958,7.714,0,6.93,5.438,9.802,7.876,5.524,4.681,3.911,8.864,4.88,9.29,6.214,5.754,4.449,5.999,7.051,3.864,3.494,5.801,4.535,6.206,7.563,6.746,4.746,4.163,5.362,5.128,5.107,2.552,1.639,8.544,3.558,6.637,8.356,4.072,6.599,4.339,3.283,9.009
TRI-135,4.196,6.588,7.755,7.917,6.052,6.286,4.434,6.261,7.797,6.483,7.164,5.297,8.218,8.325,9.138,3.641,6.351,7.136,6.779,5.313,6.653,8.429,6.844,6.926,6.632,8.466,7.254,7.557,6.745,2.907,5.559,6.395,8.084,7.143,5.508,6.847,6.543,4.703,7.705,6.525,3.669,6.723,6.978,5.423,4.544,4.524,4.52,4.714,5.655,7.855,5.873,4.444,6.792,6.2,5.071,6.618,6.261,4.701,5.395,6.544,2.634,3.719,5.349,5.258,5.78,4.403,3.369,4.028,8.893,7.045,4.899,5.093,7.188,6.38,6.467,7.34,1.53,5.492,5.079,6.979,2.499,6.147,6.436,4.163,5.872,5.932,5.138,5.111,6.746,5.996,4.772,3.561,5.63,10.069,6.394,8.188,7.008,5.644,5.002,6.156,5.034,10.665,6.222,5.61,6.272,6.157,8.469,7.915,5.044,8.553,5.999,8.064,5.387,8.824,4.823,5.051,6.775,5.507,5.145,7.29,6.604,4.482,5.768,6.833,6.346,3.279,8.581,7.956,5.103,8.104,6.771,7.372,4.712,3.894,5.284,6.677,8.662,6.477,4.977,4.753,6.746,5.144,5.757,1.566,10.012,7.181,5.778,9.72,4.256,6.15,7.915,5.61,5.105,6.481,7.786,6.173,5.551,6.629,7.357,3.82,8.596,5.291,4.377,6.775,7.056,4.964,5.904,7.481,4.34,7.573,7.874,6.905,3.741,5.385,8.619,6.865,6.375,5.972,3.973,7.043,2.822,6.845,6.763,6.189,6.807,8.353,5.863,3.65,7.526,6.462,5.167,6.264,8.741,3.757,3.563,6.718,5.249,5.651,6.271,7.399,7.439,3.479,6.349,8.517,4.087,6.483,6.927,6.664,5.989,8.979,5.252,4.8,7.204,5.88,6.199,6.434,4.071,5.976,8.228,6.692,4.263,4.971,7.208,6.33,7.836,3.551,3.859,4.813,6.162,5.681,7.143,4.467,4.145,4.782,4.104,10.652,6.377,5.581,5.58,5.851,6.391,4.548,8.237,6.863,0.684,6.512,6.657,3.519,11.642,5.544,6.614,6.113,9.621,7.87,7.012,6.196,6.214,6.971,5.184,3.506,7.346,7.222,4.127,7.173,4.591,9.156,8.96,3.186,6.31,6.21,5.94,6.237,6.688,8.67,5.085,6.74,6.889,8.812,5.369,5.88,6.6,6.125,7.912,7.584,6.597,6.092,4.448,3.589,4.463,4.083,4.63,4.7,6.735,4.631,8.102,4.463,6.337,3.594,4.863,5.653
TRI-136,8.721,6.883,7.972,1.96,8.649,5.387,5.327,5.338,7.789,4.626,6.286,3.417,5.449,5.833,3.517,7.083,5.274,6.15,5.776,4.199,4.464,8.724,7.557,5.901,6.159,7.653,4.061,5.249,5.283,7.561,5.871,9.573,3.404,5.457,5.596,6.07,5.378,7.341,8.158,6.156,5.905,8.251,4.966,8.814,6.14,4.377,1.811,7.668,4.455,6.442,6.396,6.12,7.364,7.969,4.215,3.277,6.585,4.843,6.047,7.41,7.102,5.619,4.865,4.991,5.014,4.495,5.048,5.656,9.255,4.358,1.802,4.346,6.03,3.19,6.249,4.998,6.794,8.079,4.517,7.241,6.189,3.674,5.803,8.796,2.901,8.608,6.315,5.063,6.482,8.268,4.987,7.468,5.896,7.894,5.7,8.307,7.319,8.206,6.346,5.165,4.905,2.542,7.018,5.764,7.226,5.024,5.487,6.898,6.69,10.6,9.032,5.962,5.972,7.961,7.431,4.659,1.858,4.47,6.76,7.668,9.996,5.764,7.682,7.688,4.033,5.081,5.694,6.438,4.819,9.426,5.821,6.532,2.22,3.61,3.205,2.942,8.238,5.708,6.233,4.485,4.755,4.569,4.503,4.365,9.13,7.147,6.796,3.427,4.481,8.767,5.798,5.631,7.942,7.717,5.503,7.811,4.749,4.958,4.255,7.082,4.875,4.567,4.301,4.493,7.988,4.807,5.324,4.865,6.778,3.625,6.303,5.391,6.342,5.636,4.895,7.442,4.658,4.839,5.614,8.347,6.77,4.612,7.154,6.222,6.494,8.293,5.459,5.817,6.236,9.595,5.477,7.453,5.721,6.284,8.297,6.328,8.738,5.604,5.222,6.53,7.061,5.127,4.208,5.579,5.987,4.363,6.057,4.398,5.803,5.836,5.25,5.05,7.116,3.324,10.158,7.312,6.525,5.03,4.762,5.644,4.905,5.281,6.058,6.245,5.596,5.2,7.027,6.954,3.562,7.312,4.91,7.304,10.551,8.511,6.619,2.944,7.327,7.433,7.166,5.481,4.283,7.338,4.907,6.303,6.483,3.281,4.589,7.274,6.203,6.167,7.544,4.271,5.594,4.505,5.892,4.734,7.54,3.989,7.068,2.12,3.932,5.023,6.504,5.315,6.591,5.324,8.106,5.585,8.542,6.652,5.866,3.742,7.376,2.518,2.884,8.196,3.326,8.344,4.641,5.578,2.637,3.61,2.98,7.423,4.993,4.859,9.249,6.165,5.529,7.121,5.332,6.923,3.212,5.13,8.009,6.011,6.121,6.644,6.291,5.814
TRI-137,6.364,6.495,6.395,5.219,5.159,3.212,9.179,3.972,7.168,7.427,5.388,7.529,10.162,6.68,5.735,4.768,4.311,6.64,8.156,5.276,4.421,6.844,3.976,3.817,6.983,5.413,5.714,3.014,4.906,4.609,8.873,5.504,6.143,6.741,4.868,4.781,8.351,5.201,6.106,7.38,6.588,5.116,5.465,4.903,6.204,6.075,5.334,6.893,3.509,4.953,7.475,5.201,7.233,6.336,6.043,6.426,6.028,4.864,3.369,7.143,8.401,5.228,4.442,7.765,5.037,6.228,5.58,5.034,6.524,7.304,6.132,7.017,4.813,5.459,6.72,4.441,6.186,4.111,8.376,5.629,5.101,6.018,5.727,6.37,5.397,5.143,6.755,4.413,4.898,5.523,5.507,5.287,4.79,7.831,5.878,5.076,7.18,5.752,3.019,7.208,5.622,6.409,7.849,6.373,4.876,4.686,7.994,4.644,6.305,5.451,5.732,4.849,8.266,6.204,6.104,4.979,4.952,8.349,8.408,4.838,3.77,5.055,5.74,6.471,5.833,7.597,8.27,5.275,6.24,3.884,4.49,5.131,3.008,4.452,5.097,4.013,3.849,2.59,6.952,6.435,5.836,7.653,6.413,2.934,4.912,5.612,6.652,6.428,5.622,4.436,7.021,6.39,8.325,6.142,4.137,4.735,5.59,7.452,7.697,6.579,5.291,6.663,7.312,7.404,2.601,7.396,5.901,6.625,7.265,6.442,6.701,4.755,6.956,5.542,3.527,3.377,7.204,8.142,2.446,7.953,8.397,7.591,4.205,8.697,7.211,5.66,5.58,1.778,4.369,5.902,6.756,2.894,3.535,2.665,5.13,7.15,6.837,6.534,5.589,6.26,5.909,6.81,6.116,2.411,3.953,8.545,3.711,4.094,9.483,4.954,3.371,3.969,7.155,7.194,7.595,3.724,5.699,5.532,4.295,7.284,7.488,7.702,4.915,6.353,4.831,9.026,5.53,5.817,6.664,5.722,5.369,6.228,7.394,9.18,6.436,4.587,7.222,8.068,4.96,2.812,7.407,5.454,7.507,4.557,2.957,5.277,7.379,5.485,1.366,3.54,8.358,6.065,5.437,6.92,8.627,3.82,8.198,7.149,6.037,7.087,2.923,6.261,8.429,5.835,5.799,7.393,4.472,8.971,4.118,9.169,3.906,6.848,7.416,6.057,4.857,7.463,3.89,7.847,5.9,5.995,4.692,4.545,6.961,7.022,6.938,4.191,3.32,3.189,4.181,3.946,7.982,7.644,6.223,6.163,10.603,6.834,9.2,5.748,4.344,5.739
TRI-138,8.691,6.578,4.419,6.287,2.76,4.373,3.482,4.392,7.649,6.379,4.557,6.957,6.586,4.456,4.889,4.28,3.578,5.074,5.779,4.959,7.02,5.461,6.441,6.264,5.427,7.287,7.083,4.837,7.641,4.995,6.051,8.063,5.041,8.289,6.834,8.826,7.661,7.951,5.14,5.319,3.996,9.713,5.448,6.081,7.436,4.876,3.748,6.674,5.849,4.332,6.086,7.242,4.046,4.987,5.194,6.321,6.592,8.247,5.025,5.8,4.249,3.451,4.129,2.757,6.801,9.104,4.836,2.636,7.85,9.481,6.781,8.32,4.983,9.806,4.713,7.37,5.052,6.354,8.866,5.511,6.605,5.064,6.293,6.459,3.889,4.477,9.099,7.411,6.923,5.228,4.774,6.652,7.461,3.533,6.951,7.934,6.727,4.373,4.07,8.199,5.696,9.169,4.589,6.755,5.694,6.02,4.642,5.767,5.696,3.015,4.557,5.822,7.797,8.12,2.822,9.607,4.928,4.384,5.485,4.015,6.766,5.187,6.821,7.127,6.417,4.254,5.235,6.728,7.853,4.939,4.729,2.963,4.718,7.954,5.305,10.458,6.767,3.304,5.342,7.771,8.94,4.458,6.632,8.051,4.405,5.784,5.615,2.859,8.029,3.383,3.951,6.193,4.539,5.394,3.36,8.013,7.391,6.565,6.356,3.031,5.849,5.307,3.366,7.263,3.986,4.112,6.498,3.305,4.175,11.559,7.667,5.059,3.286,4.055,7.622,5.621,3.84,7.364,5.549,4.883,6.873,7.037,7.58,3.516,3.245,4.369,6.905,4.546,2.748,4.577,5.177,3.307,4.859,7.375,4.261,5.18,8.825,3.207,5.542,2.495,6.628,6.426,6.964,10.616,1.844,5.427,6.286,6.257,4.448,5.586,5.591,6.75,5.246,8.656,7.103,5.679,8.287,3.25,6.72,6.417,5.329,4.56,6.75,3.127,4.395,5.938,7.47,4.863,5.364,3.582,4.996,4.69,3.847,3.989,3.887,6.384,6.051,3.734,8.341,4.02,5.943,3.406,7.746,6.778,4.418,2.257,6.818,4.963,7.246,7.366,7.368,5.534,8.1,6.702,4.481,7.351,5.908,3.628,6.568,4.797,5.865,5.914,6.328,6.024,5.572,6.741,6.383,3.914,5.575,7.407,9.38,3.884,1.029,4.375,6.89,3.828,7.07,3.313,3.954,4.601,3.772,5.225,9.491,8.892,9.597,9.431,6.054,7.797,3.809,5.145,6.265,6.274,3.639,5.912,3.788,4.022,3.809,6.704,6.128,5.241
TRI-139,4.427,9.49,7.16,5.61,5.397,9.071,5.397,4.934,6.563,6.083,5.897,7.541,5.531,6.802,5.831,5.446,7.058,6.4,5.817,7.701,5.785,7.049,4.214,5.163,5.815,4.342,6.126,4.643,4.304,9.555,5.885,5.443,9.204,5.108,5.907,4.995,3.085,6.575,5.869,6.771,2.659,5.324,5.454,2.647,7.39,5.308,7.716,7.68,4.897,5.134,4.318,4.189,7.731,5.456,7.972,4.542,4.632,5.323,3.753,5.504,5.626,5.894,8.69,3.72,4.37,2.735,4.849,3.52,7.373,9.167,3.673,5.681,6.479,5.578,2.829,7.122,7.255,2.042,4.572,5.11,6.593,10.309,6.291,9.125,6.275,7.574,4.918,6.558,5.879,5.025,6.232,8.629,6.065,4.154,5.91,4.01,4.823,6.29,5.846,7.506,9.53,6.264,2.761,0.659,6.202,9.653,6.94,8.019,9.692,7.807,6.532,5.249,8.245,6.668,6.018,7.9,7.303,6.116,8.542,5.762,7.251,4.344,5.088,7.283,6.087,4.859,6.216,4.792,2.561,3.179,2.765,7.617,7.377,6.79,8.817,6.419,6.792,8.33,3.932,7.299,7.441,5.073,8.054,6.553,8.493,8.288,7.084,7.195,4.177,5.403,3.704,6.472,4.5,6.679,6.634,4.869,4.114,8.306,5.098,5.887,6.237,9.339,8.668,7.2,5.12,7.826,4.654,4.71,8.921,5.865,9.197,3.567,7.647,6.743,3.578,5.591,7.763,5.809,5.708,3.771,5.96,6.322,3.672,6.365,8.414,4.937,5.981,1.75,6.219,4.664,4.825,5.997,4.689,6.706,6.798,5.217,5.798,5.171,3.341,5.545,7.609,5.178,6.541,5.002,4.078,4.215,4.167,2.638,3.307,8.555,4.891,5.995,5.595,8.281,6.282,3.569,6.581,8.17,3.568,6.597,6.418,2.856,7.483,5.542,5.437,2.474,4.604,5.259,6.719,6.815,6.67,7.508,5.688,7.043,6.132,5.492,6.758,6.545,3.473,8.196,6.231,3.587,3.338,5.692,5.205,5.128,4.492,5.093,2.757,7.339,3.075,6.285,6.546,5.359,4.953,7.678,5.642,5.063,4.632,7.731,2.264,5.97,4.987,5.143,6.568,6.742,6.475,7.455,6.448,4.106,8.416,7.815,3.489,4.578,5.16,6.394,6.34,6.312,3.716,3.213,8.261,3.903,9.134,5.995,8.157,9.864,4.365,6.612,9.92,6.679,8.792,6.879,5.46,3.793,8.267,5.251,7.371,4.144,3.952,5.26
TRI-140,7.32,3.578,8.706,4.411,5.784,5.661,4.999,5.287,5.819,3.768,8.222,9.915,5.132,5.042,2.899,6.159,5.175,3.333,7.003,7.522,5.892,4.92,6.531,6.317,6.187,3.211,4.771,5.114,7.496,4.507,7.86,7.458,6.325,4.862,4.092,6.545,5.995,6.82,6.659,5.655,6.235,7.152,5.507,5.619,6.841,4.85,8.039,3.654,4.979,6.593,4.305,8.936,2.906,6.769,9.425,4.744,1.853,6.882,7.89,5.5,2.81,6.836,3.278,7.58,4.118,8.609,2.742,6.4,3.378,3.161,3.718,5.492,5.216,2.959,5.198,7.026,5.592,7.492,6.748,5.508,1.764,6.187,7.936,6.729,5.894,5.39,4.172,4.622,7.511,5.585,6.908,7.161,6.764,6.144,4.986,8.621,6.002,3.505,5.564,6.051,6.597,7.16,6.617,6.042,11.026,5.473,6.97,5.019,3.346,4.498,4.632,5.985,9.249,4.095,6.879,2.824,6.238,6.969,5.462,4.567,5.524,7.773,7.522,6.886,3.017,7.834,6.463,8.219,5.149,6.723,8.617,3.51,7.4,5.956,8.535,8.423,6.422,4.12,6.775,7.183,10.827,3.673,6.249,4.694,6.775,5.646,5.505,10.091,5.923,6.857,7.68,5.548,5.268,5.617,4.564,7.409,6.293,8.104,5.583,6.085,7.387,6.612,7.515,7.322,4.972,1.168,5.976,5.076,8.304,6.024,5.969,5.273,3.718,5.633,8.671,6.565,6.643,7.492,3.947,7.943,6.934,4.966,4.673,4.511,3.927,6.718,4.944,6.653,8.405,5.748,9.298,6.08,6.043,7.316,4.621,4.531,5.487,6.361,8.932,6.076,5.417,6.835,5.713,2.378,5.566,5.049,6.067,5.647,6.076,1.979,6.006,5.042,5.737,7.068,7.858,6.65,7.519,6.251,6.306,4.139,8.204,7.555,5.773,6.62,7.061,5.295,6.653,8.074,6.008,2.124,6.919,4.028,7.075,4.511,4.869,5.347,8.367,5.941,4.579,5.154,7.244,5.785,9.056,7.783,4.445,5.795,6.206,6.548,5.329,3.488,6.789,3.513,5.018,6.577,7.906,8.602,8.763,5.689,7.095,6.031,4.052,4.003,2.252,7.469,3.395,8.604,4.505,2.942,5.467,6.532,7.905,5.265,3.268,4.519,6.582,7.515,6.758,1.976,4.56,4.173,4.923,5.849,7.013,7.787,3.494,7.07,7.507,9.178,5.289,6.205,5.888,8.375,5.548,2.846,5.19,4.498,4.363,5.23,6.608,6.307
TRI-141,4.983,7.313,5.829,4.469,8.438,8.473,5.269,5.883,6.466,3.728,6.535,7.039,6.567,4.02,2.908,4.562,2.64,8.157,6.668,5.465,6.662,8.242,3.461,7.964,5.009,6.978,5.695,6.247,6.386,5.791,9.962,9.801,4.642,5.927,6.299,6.609,7.467,5.876,5.226,4.716,7.753,6.278,8.862,6.425,5.052,6.161,4.795,5.605,3.55,3.367,4.477,6.145,7.893,6.088,8.078,6.444,3.02,6.032,8.181,7.42,5.465,2.655,7.993,5.784,6.748,5.96,8.043,4.935,6.871,6.201,5.794,3.801,6.843,7.426,8.926,5.207,8.989,3.911,6.873,6.205,6.624,6.785,5.115,7.107,7.038,6.754,4.965,5.096,5.757,5.571,5.167,4.859,5.491,7.139,5.275,6.582,7.613,5.065,9.458,6.218,4.079,5.154,5.131,6.261,8.053,6.869,3.935,7.937,8.525,7.165,7.47,5.348,4.291,4.926,1.901,6.919,9.503,4.229,3.34,5.37,9.411,0.92,8.681,3.036,8.513,4.47,4.453,6.31,3.254,6.642,6.004,3.245,7.22,8.692,8.001,4.069,8.899,4.886,8.078,6.864,6.223,8.35,7.358,2.838,4.98,5.435,3.574,7.936,3.649,4.552,4.89,6.374,5.965,5.547,8.343,3.655,4.612,3.163,4.394,6.059,7.027,5.276,6.423,9.546,5.61,10.987,6.32,7.219,5.158,7.667,6.136,2.282,4.614,5.627,6.293,5.557,7.438,5.17,4.954,6.799,1.869,7.136,5.493,4.085,5.323,6.003,6.247,2.928,6.949,5.777,7.854,2.691,6.062,4.02,6.9,8.565,7.43,8.577,7.489,8.447,5.318,5.486,8.917,5.135,4.69,4.998,6.428,4.305,5.2,8.569,6.153,8.858,6.867,6.336,6.794,4.219,4.166,7.384,6.047,4.965,7.226,9.401,5.67,6.154,5.437,4.154,5.159,3.976,4.856,3.719,7.927,3.233,1.404,5.216,7.666,4.862,9.214,9.338,2.78,6.065,5.088,5.393,7.059,7.647,5.089,7.685,5.417,6.223,3.041,7.355,9.814,5.221,2.621,5.946,7.282,7.334,4.9,9.593,4.8,6.079,6.325,6.984,5.436,6.95,9.161,8.197,6.26,5.925,7.149,6.526,6.902,5.924,5.99,5.629,5.878,6.838,4.995,6.377,5.556,5.396,5.772,5.717,6.124,6.236,5.791,2.661,3.647,7.347,5.087,6.372,7.913,7.911,5.997,6.625,10.626,7.391,6.369,4.906,8.666,6.027
TRI-142,9.397,6.205,4.748,5.836,4.901,3.515,3.081,5.347,5.151,6.891,7.214,4.637,4.194,8.503,6.193,6.217,7.764,6.352,9.194,3.98,4.154,3.262,5.129,8.385,6.202,8.754,5.469,9.262,8.456,9.581,8.446,3.902,9.616,5.381,7.253,5.694,8.765,6.248,3.564,7.28,9.123,4.904,9.431,4.366,5.392,4.31,8.263,6.729,4.647,4.755,7.271,3.931,4.543,8.244,3.107,6.761,9.256,6.357,7.797,7.912,6.874,4.784,8.92,3.668,5.038,6.088,6.809,5.366,7.605,6.304,5.652,5.404,10.145,5.202,3.766,7.683,2.614,7.512,7.689,5.867,7.093,6.499,4.411,6.153,7.331,5.25,7.731,9.551,7.26,4.309,6.677,4.577,6.587,7.683,3.751,4.265,9.529,5.359,6.105,6.588,4.811,4.928,6.024,4.421,5.66,5.468,5.451,5.136,7.395,7.616,5.297,3.289,7.036,0,7.562,6.553,8.619,6.528,5.721,6.67,10.906,7.402,6.53,6.205,4.275,1.508,7.12,4.783,4.317,5.676,3.806,5.779,8.652,6.391,8.075,6.855,6.655,2.607,3.534,6.835,5.51,5.842,5.885,5.673,4.666,6.258,6.526,4.358,5.916,4.84,6.427,5.509,5.177,6.233,7.772,6.421,6.212,6.598,7.546,2.125,6.623,5.992,4.08,8.45,4.145,3.252,6.991,5.731,4.706,6.247,8.466,6.164,5.394,6.028,7.373,6.547,8.864,5.962,6.851,6.169,2.537,9.03,8.462,8.908,7.625,7.231,5.128,6.445,9.374,6.33,4.13,7.507,5.09,1.894,7.564,6.482,6.783,3.701,5.269,5.944,5.464,5.792,5.83,8.709,4.166,7.91,5.157,4.305,6.045,6.232,5.283,5.27,5.202,6.12,7.253,7.278,5.721,6.223,4.108,8.518,5.36,5.056,6.589,5.731,6.371,3.344,7.811,8.65,8.169,3.782,7.574,8.118,4.813,7.16,5.882,4.947,8.054,6.594,4.651,5.822,3.857,4.204,4.619,4.039,5.796,4.587,6.715,7.175,4.908,6.78,6.747,6.321,7.35,5.637,5.143,6.468,7.598,4.665,7.082,7.183,5.246,4.326,7.587,7.14,6.648,5.347,5.806,4.528,5.017,8.084,4.338,5.783,3.784,4.145,4.638,6.474,8.47,6.49,4.886,3.044,6.409,7.328,8.169,7.372,9.975,5.567,6.699,5.104,6.285,4.347,8.027,7.333,5.218,7.45,4.103,4.731,6.817,8.069,8.416,5.723
TRI-143,9.961,6.525,7.176,5.656,6.557,8.207,8.442,8.175,5.693,4.541,2.138,3.635,6.389,6.36,6.224,5.63,5.54,7.154,4.627,5.238,3.937,4.591,10.094,5.414,9.045,6.738,5.689,8.273,6.248,3.574,10.453,7.608,8.39,7.215,6.774,4.359,5.491,6.046,6.21,6.767,4.144,6.07,4.198,8.49,4.961,4.741,6.379,4.926,6.227,5.413,7.625,9.548,5.177,7.839,8.516,2.39,6.768,6.847,6.115,3.509,4.009,9.181,6.306,6.219,7.296,6.546,7.76,7.23,6.378,8.23,7.053,6.363,6.11,6.235,5.579,4.344,5.348,5.479,6.075,8.257,5.793,8.433,4.321,7.508,6.636,7.083,6.391,4.633,6.526,5.098,4.338,3.676,8.167,7.915,5.197,6.411,6.116,8.404,9.4,5.176,4.302,8.645,4.588,7.878,1.088,6.853,4.281,3.612,6.87,6.435,6.425,5.396,6.218,4.574,5.979,6.128,9.754,5.713,4.026,5.867,4.922,3.222,6.994,4.912,4.41,7.474,6.587,6.729,6.331,9.099,6.162,10.133,7.708,7.896,8.113,7.486,5.891,4.881,5.216,4.013,4.157,7.56,7.888,8.49,6.158,7.416,6.787,1.942,5.46,4.935,6.086,3.465,4.72,7.28,8.614,5.88,8.368,6.913,5.501,3.293,7.137,6.11,8.566,6.281,6.69,5.632,5.716,1.188,4.77,6.917,6.174,7.131,6.262,6.348,5.533,6.442,8.535,7.879,5.513,4.906,6.271,7.001,6.027,7.473,7.457,3.668,7.396,6.504,8.621,7.281,5.996,6.016,6.061,5.541,5.536,6.629,4.543,5.575,5.337,7.824,5.197,8.798,6.233,7.775,5.725,5.703,8.338,3.822,4.918,5.866,7.377,7.813,7.047,5.59,3.824,4.264,5.578,8.564,6.325,4.423,7.088,5.625,4.707,9.57,6.429,6.327,6.891,7.948,3.438,6.832,6.999,4.725,5.427,8.902,4.415,3.186,5.277,3.094,3.863,7.143,5.764,6.841,3.739,4.565,7.377,4.781,5.629,6.217,6.168,7.799,6.683,6.054,5.088,5.412,3.648,4.824,6.222,7.022,4.089,6.12,5.955,6.516,4.652,8.627,2.861,6.037,6.04,3.871,2.914,5.46,6.96,5.921,6.888,5.771,5.006,6.407,7.287,8.18,4.919,8.913,4.964,6.884,6.086,6.394,5.367,5.855,6.882,4.234,3.128,7.658,2.872,4.97,6.633,6.977,6.46,7.322,6.104,4.37,6.459,8.349
TRI-144,4.069,6.042,3.621,6.367,6.802,8.494,3.465,9.176,7.077,9.735,6.328,2.434,4.542,3.451,2.419,6.488,2.588,4.55,6.209,8.864,7.282,7.92,5.386,9.275,5.57,4.212,8.605,7.051,8.203,8.367,4.538,5.186,3.74,6.564,6.375,5.295,3.666,3.043,3.751,6.183,6.718,6.204,1.264,4.405,2.595,4.739,5.351,6.48,6.081,6.727,8.612,8.733,6.034,7.64,3.04,5.736,5.05,7.688,2.954,6.109,3.288,3.926,5.322,7.218,4.585,5.823,6.028,7.311,7.731,6.47,7.052,3.003,4.964,9.585,4.913,5.784,7.571,5.483,4.684,5.113,6.62,6.891,7.163,5.394,10.675,1.975,3.927,6.32,5.863,5.334,5.945,5.286,6.389,6.843,7.679,6.991,6.455,5.694,5.543,4.324,8.069,1.8,8.804,6.547,3.632,4.277,7.804,5.677,9.403,5.126,6.52,4.839,6.968,3.68,3.41,8.309,6.05,5.32,9.959,4.518,3.599,2.761,5.825,9.013,7.148,7.232,6.749,2.795,3.181,6.395,3.718,5.366,4.901,5.615,3.336,2.15,2.192,3.743,5.854,8.456,7.669,7.345,7.436,4.954,8.71,9.023,7.302,7.443,7.302,6.802,7.243,4.68,5.977,9.205,6.079,4.747,6.124,6.944,8.499,4.993,1.172,6.283,7.951,6.132,6.052,5.078,3.953,3.296,7.927,5.895,9.224,5.8,3.314,4.789,7.15,2.899,3.666,4.174,4.834,6.206,6.234,6.958,9.44,8.986,7.316,3.802,5.954,3.776,6.612,4.02,4.893,8.215,6.494,7.416,7.292,1.929,4.336,6.336,5.709,7.438,8.078,4.915,5.023,4.968,7.524,2.35,6.082,6.405,4.546,5.622,5.371,5.745,5.374,2.662,3.265,4.55,5.668,6.426,6.074,6.457,3.603,5.16,6.325,5.044,6.183,6.238,7.348,7.46,5.26,9.58,3.976,5.592,3.99,6.064,5.24,5.045,5.754,3.933,7.284,4.945,4.252,5.712,10.628,6.852,5.075,7.52,5.595,5.245,6.253,7.035,6.538,7.216,6.897,4.941,6.307,2.356,8.84,7.002,7.333,6.4,5.086,6.607,6.202,7.352,7.122,7.506,10.191,6.089,7.339,6.27,5.117,4.312,6.697,3.228,7.462,3.902,4.432,2.267,6.699,6.052,8.2,4.602,7.176,6.428,4.438,7.937,9.374,6.706,6.618,6.5,6.533,5.962,6.788,8.939,8.131,7.085,4.732,6.365,4.294,5.773
TRI-145,5.732,6.481,3.497,6.587,4.119,4.7,5.606,8.051,6.671,7.401,5.543,5.61,8.419,4.8,9.894,8.993,5.739,6.296,5.748,5.564,5.007,7.256,5.311,7.567,4.048,8.205,7.714,3.828,4.682,3.772,11.247,4.908,6.996,6.72,5.297,4.664,3.318,3.867,5.942,4.311,5.873,7.988,8.099,2.317,4.503,3.723,3.54,5.985,4.217,5.88,7.86,6.544,5.588,3.818,7.315,4.921,3.835,5.67,3.974,8.669,7.249,6.512,7.186,7.922,6.726,8.49,5.908,6.372,6.105,5.489,5.912,7.249,7.202,3.304,4.151,7.728,6.561,5.512,5.384,5.022,7.444,6.68,4.515,5.396,5.88,5.946,8.795,7.364,5.943,7.458,2.221,5.768,5.502,4.926,3.781,3.613,4.482,3.358,4.533,8.138,6.91,10.572,8.639,6.13,7.502,7.333,4.594,4.695,8.835,5.297,7.72,4.297,3.734,7.453,6.569,6.501,3.259,3.715,6.837,7.921,3.823,4.023,5.336,7.437,7.943,5.913,7.116,6.468,3.52,4.929,1.184,6.135,4.48,4.882,3.511,6.551,2.41,5.62,6.44,1.652,5.687,5.847,7.962,8.106,4.238,5.733,3.937,5.79,7.782,6.068,6.576,7.407,5.2,5.454,3.079,7.141,4.262,6.612,6.698,5.197,6.417,6.516,5.212,5.362,4.729,4.794,4.822,4.286,3.461,8.521,7.572,4.452,6.881,8.838,7.736,6.97,8.054,9.678,6.017,5.805,6.552,7.884,4.91,6.253,5.821,5.691,6.418,4.887,4.734,3.287,3.42,7.718,6.095,7.641,5.02,5.95,4.382,6.856,8.132,5.597,7.122,4.794,5.303,7.625,6.883,5.582,5.447,8.13,6.002,6.553,4.332,6.369,5.275,7.683,4.517,7.611,6.92,6.239,7.266,9.449,5.107,4.766,6.565,7.017,6.993,7.431,7.942,5.84,6.603,8.988,6.018,6.504,6.36,6.321,4.222,6.486,5.929,7.731,6.193,6.832,8.746,6.805,3.082,8.181,4.79,4.075,6.441,3.362,3.798,4.803,7.168,7.947,5.641,7.289,4.806,5.573,7.395,7.428,7.4,6.023,3.938,5.767,5.816,6.921,5.238,4.806,5.198,4.736,8.62,8.044,5.759,4.554,6.079,3.454,7.901,3.94,7.222,6.631,5.315,5.868,7.092,6.25,4.077,5.871,7.663,4.077,7.057,4.688,4.807,6.678,7.073,6.752,6.093,6.809,7.915,6.29,4.195,6.039,5.698,3.836
TRI-146,7.522,8.0,5.116,6.844,6.706,8.747,1.508,6.09,7.307,4.986,4.513,2.071,7.727,1.752,4.134,5.0,5.668,6.701,6.426,5.777,7.51,4.694,7.393,5.962,4.987,5.47,5.562,4.506,3.73,7.01,4.334,4.044,4.621,8.219,8.819,3.856,7.642,5.044,4.242,5.212,5.086,4.923,5.534,5.838,5.493,8.683,4.166,4.617,8.392,3.445,9.566,6.957,5.129,6.072,2.314,7.099,8.128,5.724,7.396,6.189,8.534,4.651,7.133,3.607,4.236,8.998,4.851,6.203,4.192,6.589,5.029,9.38,5.794,5.825,4.491,8.583,8.309,5.696,5.786,7.187,6.772,6.08,3.949,6.599,4.167,5.358,8.41,5.162,7.811,8.524,2.872,4.033,5.539,1.545,5.234,7.749,5.916,4.475,7.34,6.218,5.674,9.333,6.813,6.149,7.039,6.494,6.182,5.432,4.768,3.648,6.688,0.732,1.943,6.587,5.361,3.365,4.278,4.717,7.452,4.216,5.578,8.297,7.259,8.154,8.552,6.263,8.582,5.083,7.191,9.902,3.34,7.525,5.964,4.155,6.139,6.48,6.205,4.022,3.439,7.894,6.159,5.006,6.635,7.722,8.506,8.92,4.745,5.76,6.426,7.21,5.893,4.224,5.362,5.522,5.351,4.248,5.047,7.395,3.921,6.987,3.182,7.503,7.66,7.184,5.275,5.318,5.112,5.867,7.469,5.528,7.913,6.829,5.646,3.842,6.893,5.703,7.423,7.262,6.389,6.944,5.082,6.338,4.96,6.986,6.51,6.577,5.585,8.566,6.76,7.848,4.342,8.189,4.735,6.664,7.746,4.045,6.636,5.672,6.899,4.853,7.767,5.266,8.827,3.422,6.469,4.886,5.14,3.04,4.307,2.734,5.383,4.368,7.386,6.245,7.522,6.217,6.08,6.857,4.211,5.165,8.127,5.789,6.783,6.395,5.05,4.279,7.924,7.566,6.255,7.171,6.419,5.644,3.248,7.479,7.525,5.604,5.196,4.203,4.499,8.929,3.252,4.673,3.193,6.037,4.379,4.382,6.368,7.491,6.087,6.584,2.436,6.126,6.719,7.252,8.529,6.386,7.687,5.481,5.557,6.626,6.531,7.286,6.497,5.631,5.274,5.632,5.5,5.013,5.221,6.649,5.419,2.447,5.721,6.662,5.396,5.625,6.778,6.523,4.585,5.315,1.659,6.795,7.71,5.702,5.366,5.514,4.487,1.575,6.472,8.646,1.193,6.293,6.107,9.201,5.374,4.492,5.872,6.939,7.115,8.242
TRI-147,3.093,5.257,9.299,5.934,7.816,7.194,5.288,3.149,4.964,5.273,2.587,8.538,7.256,5.706,4.637,7.496,5.067,3.956,5.745,5.612,8.499,8.89,4.551,7.941,3.883,7.395,6.291,5.805,9.249,8.996,6.289,4.357,4.176,6.638,4.049,5.79,6.044,3.894,7.268,8.864,5.377,7.38,6.657,6.973,8.489,5.888,6.544,6.47,2.079,5.598,5.492,3.197,7.208,4.682,7.367,5.488,5.73,6.315,5.201,9.749,3.151,9.324,4.267,5.384,8.459,5.015,5.979,7.246,8.748,3.723,4.931,4.132,3.739,3.819,6.674,4.595,10.427,2.138,4.334,5.563,8.606,3.47,3.981,7.033,7.943,5.301,9.775,5.217,3.416,6.446,4.672,6.067,4.911,5.517,4.97,6.478,4.586,8.04,7.247,6.6,7.074,7.017,7.857,7.441,5.101,7.895,4.342,5.858,6.56,6.307,4.551,6.238,3.627,5.764,6.481,5.498,8.577,5.192,5.346,7.516,9.496,5.646,4.534,5.679,5.756,2.569,6.794,7.425,5.187,10.796,7.731,5.802,5.148,8.602,8.506,7.523,6.848,3.924,5.986,7.621,8.31,5.778,3.506,3.897,7.025,3.701,4.64,6.764,8.318,8.288,4.229,4.376,5.599,3.964,4.798,4.387,3.159,7.417,6.705,5.55,4.925,6.041,3.91,6.081,5.502,4.578,8.278,6.775,8.66,7.238,6.129,8.462,3.483,4.445,4.437,4.515,3.668,6.28,5.112,7.071,5.965,3.871,7.261,8.89,3.479,7.932,6.914,5.823,5.396,6.54,8.955,8.65,6.492,5.242,5.234,6.556,7.279,7.126,7.178,5.246,5.196,6.584,4.561,2.074,4.224,4.866,9.408,5.873,3.503,11.299,8.082,6.8,6.924,7.677,2.28,7.259,6.256,5.565,6.962,5.262,4.923,6.174,3.162,5.91,4.984,4.772,5.052,3.875,5.939,5.629,6.746,7.693,7.461,6.155,4.595,7.578,7.472,5.231,7.97,5.793,5.349,2.24,6.326,7.938,3.859,6.991,6.643,4.68,7.764,5.138,7.632,6.786,4.627,4.056,2.851,6.486,4.122,4.792,6.185,7.376,6.262,4.576,3.408,8.256,3.952,6.552,5.084,8.453,3.577,7.47,6.948,6.555,7.218,8.477,8.607,4.924,5.137,9.604,6.204,6.909,5.554,7.141,8.234,8.812,6.282,4.488,7.154,4.455,4.726,8.56,6.845,7.865,5.889,5.487,5.426,4.076,6.942,2.621,3.935,6.695
TRI-148,7.375,6.778,5.944,3.5,7.716,4.547,6.013,4.119,7.568,3.59,6.718,2.701,7.601,5.927,8.117,6.06,5.548,5.505,2.761,3.874,2.574,4.0,8.022,2.78,6.002,1.934,6.28,6.335,5.326,6.159,4.747,6.063,8.319,5.712,7.516,6.198,4.8,6.355,7.685,3.968,5.081,7.861,6.166,6.937,6.894,8.361,7.604,4.438,6.266,5.559,8.616,10.22,7.438,6.717,8.063,2.733,6.317,6.419,3.033,6.025,6.918,4.006,5.44,7.575,4.545,4.499,8.201,4.38,7.247,3.455,7.509,7.176,2.032,5.823,6.7,7.465,4.266,8.3,6.561,2.62,4.167,5.162,6.67,6.572,7.952,7.664,11.388,8.57,3.671,4.767,5.384,8.326,5.975,6.744,6.044,3.759,5.366,6.802,6.985,5.847,8.247,6.79,5.564,8.429,6.403,7.685,7.884,8.418,5.372,6.611,8.766,6.135,3.784,2.504,8.819,6.433,7.863,5.072,5.853,4.453,5.851,6.664,6.091,3.384,7.173,6.377,7.585,7.992,4.372,5.239,3.969,5.528,8.137,5.644,8.174,6.324,6.24,5.41,6.554,3.615,6.8,6.048,7.863,3.977,7.493,5.96,3.718,4.41,4.468,6.499,2.625,6.433,9.551,3.084,2.908,5.59,4.089,5.861,6.121,5.423,4.843,8.791,2.973,6.173,6.975,6.021,7.869,4.757,7.773,7.856,6.536,6.509,9.123,5.582,5.294,7.858,4.347,5.029,8.208,9.07,5.338,8.811,6.379,6.8,3.699,5.636,9.154,6.922,4.783,5.378,8.758,5.345,6.816,5.769,5.206,9.923,5.465,5.033,5.732,6.243,7.21,6.518,8.524,6.256,4.805,6.032,8.054,6.408,5.199,4.568,6.279,6.557,3.905,5.83,9.498,4.676,6.765,6.188,6.968,6.157,5.301,6.062,5.323,5.648,5.87,6.09,5.236,6.631,6.709,1.946,5.829,6.72,9.287,7.832,6.566,4.618,9.234,3.945,6.281,8.804,4.551,5.594,2.859,7.856,7.769,5.2,3.55,4.972,4.896,6.123,3.23,4.82,9.487,9.393,8.787,7.387,5.682,6.504,6.469,6.403,3.93,6.985,6.442,8.095,3.791,8.206,4.885,6.331,9.918,4.047,6.953,10.033,5.322,4.225,7.692,5.087,6.716,7.193,7.271,5.878,5.379,6.429,7.316,5.387,3.192,6.119,4.742,4.303,7.614,6.341,5.209,10.121,6.856,6.326,7.85,5.132,6.816,6.452,6.016,3.955
TRI-149,5.647,6.444,4.678,8.103,5.391,9.417,5.335,7.043,6.852,3.791,6.707,7.355,5.415,4.475,5.517,7.678,6.59,7.617,4.038,4.97,6.463,7.492,6.067,6.819,6.391,7.916,5.863,5.11,4.07,3.488,7.39,2.938,5.896,5.114,6.364,4.336,7.851,4.45,4.259,3.59,7.793,6.448,9.023,7.447,10.229,4.791,3.456,3.688,7.57,4.431,4.148,1.841,5.583,8.267,4.528,4.37,9.366,4.467,5.403,2.239,5.585,7.68,7.071,7.197,7.436,4.697,6.782,5.481,8.123,6.098,3.429,7.469,6.068,5.77,5.325,4.692,7.082,4.007,9.038,7.247,6.85,3.614,5.911,7.99,5.092,8.026,6.18,3.512,4.604,4.942,7.914,5.689,7.363,7.242,7.317,6.515,1.528,3.69,6.328,5.182,5.191,9.648,4.949,6.005,1.84,5.273,6.248,6.919,7.125,7.013,5.979,3.045,5.018,9.475,6.593,6.411,6.791,6.231,7.833,7.733,2.075,3.438,6.539,5.703,8.024,8.103,4.3,7.088,7.094,6.882,6.033,5.521,5.822,7.186,8.468,6.831,6.084,3.202,3.14,6.022,4.975,6.152,6.159,6.378,3.21,6.449,5.85,4.092,6.634,6.924,6.732,7.86,5.371,7.726,2.319,7.678,6.407,6.167,5.095,3.733,6.031,4.224,3.245,5.135,3.845,7.667,5.97,6.141,7.72,7.397,5.944,5.737,4.776,7.495,6.589,5.218,3.044,6.508,4.476,4.374,7.045,6.116,7.339,2.958,6.325,7.065,5.173,5.883,6.269,5.852,6.783,7.434,5.482,9.106,8.144,6.116,6.751,7.826,4.017,5.767,6.931,4.411,7.944,8.332,3.016,5.358,8.346,5.314,7.411,5.344,7.282,5.822,5.824,7.357,4.86,5.703,3.775,9.281,5.522,8.201,3.447,5.045,6.396,4.858,9.64,7.68,4.895,5.265,7.81,6.584,3.787,7.391,4.473,3.699,7.45,7.541,4.187,7.378,4.218,5.064,6.771,4.338,2.147,7.516,10.762,7.481,6.549,7.878,5.571,4.291,4.899,2.852,11.604,4.963,4.727,6.163,7.225,5.608,6.75,7.384,9.709,7.349,6.565,5.866,6.828,5.114,5.75,7.149,9.119,5.271,5.623,3.913,7.582,8.891,5.667,5.124,5.931,4.471,7.086,3.772,6.118,5.04,2.522,6.925,5.49,3.206,7.52,7.159,8.183,4.482,4.32,6.646,5.75,6.883,7.581,4.366,5.239,5.824,9.276,7.055
TRI-150,6.256,8.336,4.875,6.778,3.765,4.818,7.751,6.238,6.053,5.756,9.571,7.162,4.403,8.699,8.552,6.536,6.531,5.249,7.925,7.85,6.691,4.926,6.108,7.335,3.172,7.263,4.427,5.382,7.443,3.746,2.851,6.798,5.844,6.006,4.248,5.177,9.105,4.142,5.041,7.414,9.799,5.489,6.74,5.172,5.803,6.103,7.704,4.547,4.293,2.972,5.9,8.574,6.612,8.936,8.5,4.805,7.596,6.181,7.033,6.942,5.122,7.246,6.882,4.259,6.745,6.846,5.097,6.554,6.952,6.224,4.72,9.169,3.143,8.521,6.678,9.137,9.267,5.95,4.102,3.918,5.779,6.582,5.951,8.607,6.815,3.038,7.174,6.197,7.041,4.393,3.282,7.9,8.631,5.302,5.103,7.466,5.416,4.27,5.108,8.76,6.012,5.938,6.001,5.447,8.396,6.643,5.48,5.777,5.87,5.424,6.302,4.947,4.932,6.373,8.021,4.46,10.162,6.23,4.447,5.738,6.977,4.31,5.704,9.09,4.439,3.616,3.712,3.801,4.545,7.747,8.026,3.785,5.025,3.456,7.141,5.488,5.604,7.984,6.233,3.19,9.835,3.885,8.458,4.485,10.096,7.297,5.318,5.294,4.345,5.232,3.579,7.975,5.137,5.59,7.769,7.121,7.617,7.06,4.04,5.24,7.278,5.613,10.135,2.659,8.057,6.305,4.937,8.06,4.1,7.15,4.262,6.091,6.868,3.773,6.185,5.043,8.286,6.658,7.326,2.877,4.9,5.13,4.291,8.994,6.151,7.484,8.029,7.605,3.414,7.019,6.837,6.362,5.059,6.772,7.04,3.748,8.607,7.181,6.587,6.858,7.741,7.481,4.582,6.127,7.579,2.891,6.054,6.366,4.132,6.187,1.804,3.225,4.927,6.238,5.282,5.19,7.624,4.822,3.587,4.374,6.056,6.953,6.494,6.873,6.691,6.074,7.641,11.02,4.499,4.591,5.111,6.196,4.923,9.391,2.733,4.571,4.55,5.01,5.917,2.544,5.884,6.909,6.027,5.695,6.106,6.995,4.161,3.701,7.315,5.145,4.095,6.972,7.096,5.957,5.746,7.744,8.293,2.718,3.733,3.815,6.631,8.433,2.85,7.191,6.804,8.467,2.487,7.148,8.507,5.957,7.071,3.993,6.54,5.93,3.652,5.845,4.097,4.479,7.003,8.591,7.051,6.19,7.71,2.61,7.655,5.107,4.692,5.299,6.322,6.004,7.236,7.987,7.552,2.131,5.022,5.823,9.762,6.252,5.51,4.8
TRI-151,5.429,5.64,4.305,5.484,7.908,3.65,7.083,7.507,9.112,7.142,5.255,6.417,7.051,6.208,6.737,3.577,7.121,9.988,3.272,3.648,4.679,6.293,4.233,4.087,4.65,3.846,5.957,3.617,6.013,8.4,6.075,4.807,7.539,7.077,6.94,4.422,6.667,5.202,7.417,6.973,4.853,3.902,4.889,4.387,3.593,5.956,7.372,5.229,8.838,5.232,7.628,5.944,4.174,7.276,6.237,6.46,4.803,8.238,5.441,8.623,8.572,7.148,3.178,7.523,5.732,7.315,7.144,5.464,5.313,8.044,6.735,6.776,6.781,4.428,6.544,6.448,5.263,5.572,5.299,5.275,7.179,6.886,5.181,5.765,7.633,3.528,7.091,6.695,4.849,3.999,7.014,7.504,7.582,6.689,4.687,3.843,3.987,6.317,5.595,7.253,2.239,3.903,6.25,6.643,4.623,8.165,4.695,3.698,6.691,10.113,5.705,3.593,7.392,6.228,5.758,6.308,3.128,10.331,6.021,7.888,5.636,4.575,2.242,3.957,5.6,6.755,7.014,5.698,5.143,4.578,3.999,7.601,8.351,7.966,6.38,4.489,5.905,6.562,5.98,3.6,7.706,6.632,6.185,8.411,6.362,4.14,7.871,5.31,4.796,7.672,7.166,8.062,3.702,6.358,8.801,6.426,4.219,7.489,8.158,5.181,7.489,6.278,4.758,7.548,6.26,7.864,5.41,5.725,7.186,7.304,6.198,5.921,5.879,7.118,6.802,9.02,4.413,7.042,5.804,5.456,6.253,1.948,6.37,5.847,7.599,5.54,5.861,4.08,7.362,6.217,4.094,4.125,6.524,7.153,4.745,4.761,5.743,7.522,6.097,8.784,7.217,7.746,5.964,6.07,9.778,6.151,6.109,4.664,7.914,2.843,7.015,5.5,6.014,6.115,6.035,5.198,6.249,2.826,5.101,5.363,5.002,5.473,5.887,3.903,4.27,4.489,6.004,6.111,6.626,7.206,9.186,9.874,4.955,6.368,2.706,6.284,2.926,7.092,6.097,6.619,7.047,7.105,8.629,6.099,6.962,6.233,4.723,6.713,6.999,2.161,6.464,5.737,2.783,6.625,6.697,4.466,3.396,8.949,4.053,5.08,6.616,8.16,5.633,5.191,7.069,4.056,4.538,5.535,8.064,6.379,5.948,8.256,5.456,7.436,4.97,5.936,7.59,8.742,5.405,7.032,6.436,8.577,8.71,8.07,7.81,6.305,6.575,6.23,6.736,3.708,5.967,4.854,11.61,4.337,5.174,9.335,6.932,5.349,6.552,7.95
TRI-152,6.505,3.949,5.944,6.195,5.743,6.738,5.853,4.985,7.25,4.873,6.359,5.048,7.132,7.245,4.22,7.308,6.849,4.627,7.175,6.837,2.511,3.809,6.851,5.759,0.498,5.82,4.491,6.865,6.791,5.278,5.812,5.544,6.637,6.822,5.713,7.556,6.349,9.888,4.655,6.379,4.686,4.835,6.45,4.282,5.584,8.132,6.148,5.571,6.217,4.869,6.923,5.638,6.925,5.467,7.778,5.236,6.307,4.154,7.091,7.577,5.158,10.89,4.616,3.987,6.74,6.145,5.8,5.584,4.491,5.905,5.789,7.585,8.089,5.879,5.451,7.437,5.254,6.452,3.126,5.49,8.354,8.267,6.03,6.374,7.073,6.322,7.521,6.375,5.93,5.601,5.895,6.859,7.221,6.446,6.161,7.944,7.089,7.421,4.551,6.656,5.576,3.511,5.707,2.944,6.144,1.838,6.343,4.03,8.504,5.956,8.913,5.097,4.583,6.32,7.22,1.601,3.244,6.758,6.978,6.857,7.497,4.358,2.207,4.974,10.222,6.858,7.764,5.53,5.716,4.471,5.349,7.375,5.679,4.265,5.204,8.37,6.349,6.446,4.561,5.762,6.466,5.405,6.22,3.62,7.758,5.621,4.319,5.045,7.04,6.528,7.694,3.916,6.936,6.869,8.834,2.12,3.277,2.089,5.393,3.79,9.041,6.132,5.427,8.731,6.841,3.917,7.078,3.236,7.364,5.021,5.828,6.256,7.158,10.271,6.551,6.133,6.216,5.783,7.584,8.54,6.461,6.557,4.515,2.967,8.803,4.087,4.895,4.151,6.975,4.986,6.522,4.988,7.111,6.63,6.908,5.479,6.745,8.571,5.686,5.125,4.745,4.964,5.113,6.387,9.269,5.784,6.597,5.306,6.759,4.992,6.309,5.62,4.83,6.956,7.508,3.841,8.039,4.855,5.903,7.247,4.925,5.863,6.21,6.297,5.081,6.676,6.75,5.957,5.094,8.125,9.139,5.576,4.818,3.697,6.949,7.915,6.293,7.248,4.192,9.331,5.627,6.81,9.111,4.558,6.992,6.006,7.141,5.187,7.288,4.94,6.56,6.775,7.182,9.967,6.821,6.664,7.24,6.445,6.271,7.496,6.688,5.18,5.986,7.85,7.709,4.053,2.55,8.765,8.496,6.156,6.768,9.056,5.106,8.058,6.944,4.532,7.873,6.571,6.243,5.225,6.034,7.139,7.216,7.102,6.544,6.414,5.848,6.933,6.661,9.47,5.128,2.853,7.661,4.827,7.75,7.09,5.901,4.599,11.708,7.15
TRI-153,6.131,6.979,6.172,4.639,7.623,5.837,7.096,7.467,8.638,5.473,7.234,3.475,4.874,6.134,4.237,5.139,6.663,8.639,7.179,7.235,2.128,7.112,6.031,6.097,4.744,7.423,7.14,6.233,5.589,5.121,7.32,5.087,6.0,5.564,7.335,5.848,5.703,6.496,5.866,7.949,6.548,9.114,3.136,5.911,4.441,4.957,7.596,6.924,4.47,4.092,4.23,6.034,7.641,4.53,3.605,4.855,6.031,6.74,6.944,5.711,5.517,8.152,7.306,6.184,5.948,4.34,7.061,5.464,5.288,3.231,6.165,4.019,4.813,5.801,8.233,5.176,9.26,4.704,7.542,2.249,7.144,5.374,5.37,4.519,4.575,5.847,4.823,5.102,5.059,6.671,3.651,4.397,6.305,6.167,8.158,5.009,6.075,7.062,4.066,5.784,5.083,5.078,6.618,4.601,6.908,6.22,3.781,4.928,6.612,6.171,4.496,3.651,8.695,7.258,7.668,4.517,5.587,4.5,3.313,4.082,4.695,5.059,7.324,4.975,4.667,8.719,5.798,5.242,6.397,7.693,6.44,8.04,3.609,6.905,5.6,4.537,7.101,7.286,5.219,2.631,6.583,5.488,7.693,5.375,6.967,6.5,4.346,6.054,5.549,8.737,8.044,7.669,4.935,8.925,6.814,5.811,6.503,7.379,5.975,3.402,2.918,8.319,4.834,6.703,8.721,4.496,6.428,3.343,7.991,6.437,6.444,4.353,3.319,3.641,7.713,5.037,6.066,7.792,4.612,7.929,5.919,6.353,7.672,5.07,5.291,6.934,8.658,8.164,7.726,7.347,4.184,3.013,6.59,7.38,4.238,5.776,5.778,6.047,5.768,5.481,9.039,5.904,8.604,7.489,7.586,8.886,5.027,6.711,5.118,7.739,4.731,3.788,5.907,8.477,5.761,6.785,4.569,7.798,5.794,6.447,5.684,3.104,3.244,7.792,7.929,9.378,7.399,3.724,6.038,6.517,7.393,4.291,7.436,8.117,3.44,4.408,8.337,7.005,7.341,5.343,5.269,6.83,5.129,3.162,3.717,4.435,4.482,3.692,7.718,7.46,7.492,6.113,5.904,5.486,4.61,5.183,8.222,6.856,4.766,6.407,5.604,4.84,4.428,9.767,6.452,6.548,5.748,7.678,6.497,5.948,6.473,5.708,6.506,7.762,8.123,6.186,5.658,5.176,9.053,5.75,8.651,6.537,4.443,8.873,7.806,5.253,9.213,8.334,5.976,5.873,5.578,6.974,3.042,8.788,4.775,5.879,4.332,5.975,7.291,8.017
TRI-154,7.382,3.812,5.349,7.374,10.37,6.103,2.842,4.819,9.022,11.045,5.296,6.113,3.855,4.881,6.801,4.383,6.205,3.67,8.066,6.545,9.097,7.786,2.254,5.103,4.685,5.336,6.197,8.32,4.249,7.406,6.721,3.129,5.772,7.076,5.084,6.918,6.851,4.755,5.706,7.077,7.701,4.286,3.43,4.205,6.588,4.632,4.355,8.525,6.858,6.608,3.658,7.609,6.352,8.15,8.405,1.482,6.869,6.655,5.29,5.932,5.894,6.595,7.336,6.504,6.713,4.928,6.586,7.459,5.041,5.963,7.324,6.642,7.48,6.358,8.361,4.99,4.902,8.707,4.299,6.637,10.037,3.605,5.433,5.274,6.537,4.602,4.749,5.563,7.44,4.836,5.407,5.119,6.134,6.494,7.195,4.678,8.304,3.556,5.827,3.489,1.796,6.087,4.571,7.102,5.558,7.595,8.265,6.493,2.466,6.405,3.203,7.227,7.9,6.658,5.77,6.069,5.328,4.331,3.897,2.215,3.134,5.603,6.918,6.021,4.816,8.72,4.16,5.526,3.226,2.231,7.479,6.797,8.785,3.728,3.077,4.432,4.709,7.468,3.989,9.105,6.539,3.534,7.748,4.18,4.057,8.887,3.587,4.443,4.034,3.157,6.389,4.102,7.072,5.704,4.175,3.64,6.061,5.717,5.642,5.627,6.498,10.354,6.85,6.164,3.809,7.02,8.013,6.099,4.487,7.745,5.222,6.621,8.376,8.701,6.898,5.356,6.089,8.448,5.878,4.377,5.999,5.179,7.113,7.658,6.852,7.289,0,5.73,3.842,6.03,6.731,8.11,8.822,6.608,5.949,5.699,7.752,8.306,5.457,2.54,8.361,8.567,3.073,6.289,3.533,6.392,5.729,5.968,5.201,5.102,5.378,5.503,4.092,4.738,5.583,4.619,4.42,5.549,4.503,7.082,8.62,7.694,7.967,7.456,3.306,7.399,6.528,6.527,6.535,4.261,3.72,9.491,7.019,7.915,7.9,2.119,5.605,6.965,4.549,8.226,5.736,7.032,5.405,6.022,6.704,7.214,6.136,9.177,5.874,9.112,5.388,5.889,4.163,7.484,4.85,7.176,2.632,7.025,6.976,7.796,3.528,7.296,9.054,4.985,4.207,7.871,3.26,4.318,4.161,5.952,5.31,4.732,7.155,7.85,6.305,5.3,8.967,6.925,2.466,3.584,7.475,6.109,5.656,8.404,7.678,5.962,7.462,5.842,7.067,4.202,5.881,7.174,9.185,9.069,6.48,5.209,7.77,6.451,6.209,6.998
TRI-155,4.852,5.815,6.998,9.285,4.955,6.548,3.576,5.722,9.36,5.455,5.628,5.027,6.385,6.049,6.146,6.24,6.021,3.79,7.823,6.5,6.74,8.312,4.818,4.997,3.529,5.928,1.787,4.116,4.617,5.62,5.724,5.811,5.087,4.603,2.869,6.841,6.756,3.835,7.869,7.202,4.041,6.217,5.399,7.794,3.452,6.378,5.175,6.382,3.099,8.638,6.752,6.883,8.198,7.792,6.961,7.589,6.316,3.399,6.196,8.444,4.982,5.369,3.872,5.153,10.115,7.774,6.026,6.155,3.944,4.775,4.375,7.721,6.621,2.965,3.61,6.3,3.54,4.199,7.609,10.295,3.536,7.267,9.032,6.107,7.604,6.767,6.746,6.74,5.149,8.247,2.875,7.732,4.458,6.457,4.823,4.005,6.653,7.177,6.383,3.714,4.961,5.302,8.204,3.284,8.735,7.81,8.671,5.588,5.511,5.773,2.742,5.797,6.529,7.55,4.614,5.469,3.239,7.418,4.952,3.252,6.266,3.127,5.736,3.641,2.949,5.601,6.409,6.53,4.19,7.972,6.769,6.701,6.817,3.638,6.953,5.94,3.474,5.435,7.038,3.988,3.984,9.27,9.588,6.41,8.026,5.517,3.845,3.003,7.487,7.668,7.389,9.066,6.517,8.994,4.792,7.559,2.269,6.854,5.319,3.961,4.884,4.851,5.932,4.448,4.969,4.736,2.886,5.84,2.124,9.234,6.94,6.576,5.599,6.805,5.244,5.842,9.237,4.388,5.397,5.547,8.51,6.065,6.454,6.232,5.452,2.656,6.707,4.332,9.755,4.942,6.915,6.574,5.556,6.002,4.99,4.922,7.121,3.616,5.217,5.868,6.46,4.825,5.297,11.348,7.746,7.948,5.113,7.155,5.727,3.341,7.726,5.877,4.565,7.864,6.233,4.471,6.455,8.03,5.524,3.855,6.029,3.614,4.792,7.526,6.223,5.348,6.937,5.661,6.511,7.422,2.088,6.623,3.094,7.359,5.184,6.337,5.527,5.397,7.233,7.419,7.676,6.907,3.293,3.977,4.117,5.978,3.714,6.857,6.375,7.493,7.624,7.464,5.246,5.918,8.392,3.563,6.439,2.748,6.643,4.588,2.998,4.85,4.482,7.623,3.767,1.83,6.632,7.357,7.106,7.357,6.755,6.495,7.664,6.523,4.938,7.835,7.108,5.665,4.655,5.884,5.2,5.878,5.742,6.761,4.47,4.482,7.424,8.711,6.38,5.772,7.519,4.368,9.96,8.916,4.782,6.759,7.198,5.7,6.56,4.889
TRI-156,7.22,4.098,5.423,6.158,4.389,7.198,3.367,6.357,7.373,6.232,5.2,3.661,9.331,3.22,6.834,6.321,4.401,5.391,8.783,8.822,7.437,5.544,2.035,10.003,5.96,4.271,5.861,8.466,5.44,7.449,4.908,6.577,3.911,5.41,3.472,4.289,5.907,5.576,6.088,6.947,4.164,1.906,3.136,5.948,5.248,8.889,5.933,6.478,5.305,4.373,4.224,5.088,6.443,5.412,6.017,6.86,7.788,9.231,4.905,4.903,5.345,5.56,7.751,4.613,6.923,5.064,5.753,8.567,4.706,6.452,6.669,4.416,8.799,4.517,3.801,4.663,2.498,5.95,4.34,6.295,6.731,4.354,2.814,4.656,4.804,4.426,4.47,6.602,8.652,3.475,5.615,6.585,2.445,6.198,4.965,3.014,6.813,5.457,5.954,4.071,1.181,6.276,6.758,2.43,8.023,3.423,10.004,7.961,6.647,4.78,6.333,4.86,6.493,7.175,6.634,3.558,5.203,6.96,4.789,4.514,6.763,8.603,8.096,6.306,9.466,5.283,6.664,7.628,6.755,8.711,6.414,7.449,2.794,6.464,5.731,5.761,3.874,6.21,7.535,7.837,6.345,9.009,4.757,5.362,5.004,7.617,6.691,1.889,4.807,6.889,5.304,8.097,7.04,8.342,5.606,8.736,5.855,10.104,7.437,4.337,3.715,7.573,6.383,5.728,8.56,3.665,4.161,6.585,4.446,3.243,4.518,7.328,2.94,5.667,7.898,5.681,5.728,4.516,7.965,5.573,4.894,6.808,4.842,7.03,6.713,3.934,4.428,4.17,6.277,6.837,9.282,6.155,4.582,6.126,6.261,5.739,5.524,5.684,4.047,7.387,6.754,5.065,3.91,7.707,3.425,5.575,4.808,6.084,7.045,7.028,5.942,4.543,7.662,5.003,4.485,6.789,3.555,5.395,5.151,7.818,8.491,5.975,8.503,8.127,6.692,7.222,6.37,5.451,5.533,8.707,5.888,5.757,3.248,3.521,5.047,5.566,7.949,5.003,4.457,7.765,6.588,4.255,5.942,3.595,4.773,7.067,4.758,7.401,6.41,5.435,5.755,5.031,7.612,5.389,6.611,8.491,3.032,7.086,6.006,7.163,6.606,6.406,6.897,6.535,6.874,7.45,8.024,5.523,7.305,6.344,5.027,7.326,5.241,6.005,7.419,3.407,5.178,4.033,5.282,6.068,6.275,3.789,5.42,8.087,6.37,7.528,6.228,4.161,6.473,6.789,6.327,5.252,7.072,8.292,5.052,7.835,3.569,6.766,6.094,5.777
TRI-157,6.778,2.918,7.778,6.834,7.009,7.383,7.943,11.399,5.849,6.166,8.116,5.286,5.415,4.474,4.48,4.148,7.552,9.699,5.87,7.353,8.653,5.035,7.63,9.104,8.342,6.407,5.463,5.569,6.642,7.359,6.54,4.002,5.163,4.27,5.094,5.801,8.351,5.89,7.459,6.408,4.295,8.835,5.085,3.872,7.911,7.104,7.217,4.432,5.458,6.452,6.46,7.426,5.173,8.307,6.812,4.778,4.701,6.944,3.812,2.762,8.511,8.21,5.811,7.01,8.024,7.084,3.171,4.795,4.269,7.171,5.521,8.458,4.301,4.51,5.783,10.285,7.549,8.963,4.067,6.27,5.498,5.526,6.756,8.105,7.619,7.236,7.335,4.72,6.723,7.007,7.541,7.362,4.704,8.89,7.282,7.236,8.654,5.763,7.644,8.379,4.254,6.522,7.484,5.776,7.462,5.354,5.564,9.886,7.874,6.542,3.586,4.625,6.915,6.856,6.162,8.422,5.953,7.523,7.23,8.15,5.942,4.851,8.226,5.783,8.908,5.238,5.984,4.032,4.931,6.24,4.234,5.611,8.051,4.195,2.522,5.452,4.988,7.386,5.336,6.339,9.55,6.001,4.754,7.886,8.961,7.392,5.105,4.746,5.532,1.896,2.475,7.303,8.002,4.839,4.114,6.363,3.584,5.599,5.125,6.502,7.419,3.033,4.317,9.818,8.409,6.699,2.746,2.732,6.182,4.743,3.925,7.726,5.859,5.297,6.441,5.252,6.468,6.368,9.594,6.262,7.049,4.342,8.513,2.778,7.489,7.221,5.902,5.71,8.654,3.948,6.488,6.457,3.755,8.215,1.719,4.621,1.61,7.439,9.828,4.793,8.097,5.044,5.673,5.889,5.552,4.204,6.147,6.771,7.551,6.226,2.41,6.879,9.26,4.723,7.942,4.434,5.626,8.335,8.623,7.027,6.256,5.997,4.593,6.95,5.349,7.606,7.35,2.984,8.555,6.426,5.739,5.059,7.938,9.151,6.307,6.79,7.042,4.258,4.185,2.078,6.849,7.282,3.656,3.672,2.341,5.897,8.996,6.082,6.228,4.358,5.008,5.749,6.666,7.036,7.208,6.368,6.895,3.922,5.993,6.976,7.631,5.536,6.348,5.609,6.856,7.434,7.738,5.02,8.241,8.547,5.823,7.788,7.261,5.767,2.956,6.229,5.727,7.165,3.187,6.047,7.006,8.169,7.21,5.159,2.367,5.534,5.558,2.948,4.793,5.948,6.393,8.054,4.93,6.387,6.569,7.921,5.343,4.363,6.011,8.404
TRI-158,4.43,6.392,6.03,6.223,4.714,6.688,4.671,5.102,6.804,7.047,6.387,8.852,4.78,5.301,9.134,7.88,8.026,3.071,4.555,6.181,8.296,2.527,4.783,1.855,7.542,4.874,4.489,5.691,6.423,6.629,2.97,5.85,5.124,2.818,3.741,5.245,5.174,5.626,8.129,6.296,5.302,7.234,4.786,6.972,11.256,8.405,8.995,10.61,6.382,6.588,10.07,4.519,9.311,7.042,3.425,10.257,11.347,4.805,7.064,5.191,10.706,7.935,3.216,5.694,4.112,5.808,2.563,6.167,6.422,4.725,4.6,4.408,4.19,7.462,5.954,8.141,6.029,4.772,5.966,4.705,4.619,7.328,6.104,6.81,8.84,6.569,3.439,7.286,7.871,5.9,4.623,6.532,9.653,5.152,4.687,7.903,5.797,6.961,5.443,7.586,6.419,5.731,7.282,3.706,4.817,8.107,6.687,5.064,7.749,5.24,5.201,7.514,2.842,4.281,4.434,4.098,7.552,3.913,4.499,2.45,3.593,3.876,2.87,6.088,5.01,9.103,7.436,7.392,8.98,8.0,6.23,7.233,6.575,4.81,3.026,7.739,7.436,5.581,6.447,4.866,4.169,8.044,6.484,5.504,6.187,6.912,5.45,10.183,6.617,9.031,5.853,8.684,8.941,4.248,5.527,4.983,8.955,7.831,7.518,5.581,7.575,4.77,6.614,5.902,5.95,4.808,4.526,5.986,5.787,7.803,8.533,4.045,7.078,5.609,6.592,3.46,8.181,4.946,8.58,6.183,2.965,3.314,8.844,7.571,5.816,6.866,6.909,6.104,4.708,6.177,6.506,4.532,5.275,8.247,6.297,7.136,7.87,5.874,4.307,7.134,2.918,7.374,5.537,3.794,6.044,4.915,4.993,9.035,7.959,7.268,3.956,6.081,5.554,6.049,4.414,7.679,4.658,6.302,7.218,6.953,5.136,2.356,8.798,5.388,5.424,6.944,9.064,6.783,3.984,6.87,4.178,6.764,6.686,5.243,6.082,5.414,5.35,8.556,6.545,3.242,6.499,8.537,9.284,8.498,6.033,5.771,4.983,5.024,7.413,5.603,5.735,10.321,5.192,5.438,6.233,4.457,4.309,6.85,10.916,5.33,8.326,5.907,4.538,7.81,5.739,2.879,4.124,3.635,5.068,6.081,4.579,4.949,7.467,5.386,5.129,3.582,5.899,4.187,5.349,8.077,7.413,7.403,6.559,8.714,5.646,7.652,4.97,5.788,6.303,4.825,7.311,6.135,7.495,6.435,8.479,5.475,6.601,2.784,9.907,6.674
TRI-159,8.82,5.705,3.845,5.831,4.918,5.395,6.112,6.03,3.339,4.687,6.192,6.779,3.135,8.733,6.566,4.231,6.363,4.503,8.455,7.315,6.399,5.407,5.37,5.882,3.822,6.604,3.106,5.842,9.172,7.8,4.636,5.192,6.633,3.874,4.467,6.857,6.605,4.586,7.063,8.263,6.78,6.551,7.634,5.831,5.382,3.773,5.804,6.472,8.481,7.135,4.538,4.194,6.497,8.35,6.869,7.836,6.675,6.014,5.382,6.29,6.008,5.919,6.061,5.491,6.97,6.838,6.448,4.847,4.785,9.573,3.638,4.672,10.041,10.052,5.167,5.647,7.879,7.026,3.105,7.214,7.289,6.161,5.887,10.869,5.695,9.543,7.719,8.55,5.891,4.632,7.02,2.999,8.611,2.872,7.778,6.154,3.407,6.478,5.183,5.035,5.638,2.804,6.055,6.897,5.84,7.234,3.323,4.709,7.572,3.443,7.526,4.35,5.959,7.221,3.459,5.981,5.668,4.688,5.844,2.623,7.851,6.031,4.97,7.23,5.54,6.506,2.681,6.628,5.469,8.621,7.576,6.409,3.103,5.809,6.71,6.935,4.419,5.658,6.718,5.784,4.663,6.008,6.027,5.39,6.189,4.053,5.529,5.672,5.63,8.512,4.153,2.096,2.521,5.11,6.379,5.656,3.445,7.152,6.727,6.399,4.836,4.782,4.421,8.636,5.641,7.911,9.729,3.217,6.809,5.454,4.022,7.591,3.971,5.817,4.572,8.588,2.887,4.437,5.979,8.443,4.268,5.181,6.088,5.709,8.914,3.727,6.186,9.027,5.958,5.532,3.829,7.79,5.392,5.741,5.698,5.126,6.05,5.547,5.934,7.837,3.806,5.93,6.148,7.147,4.515,6.716,8.642,5.889,6.364,8.348,4.309,3.921,3.668,6.4,4.335,3.959,5.935,4.909,6.835,5.084,6.788,6.548,4.757,5.841,6.362,6.547,4.316,7.149,3.971,8.819,7.984,6.865,5.265,7.969,4.882,5.503,9.417,5.842,7.197,5.804,4.31,7.641,4.796,7.083,5.117,5.939,4.808,4.038,7.691,4.573,4.697,5.44,8.648,7.157,5.341,5.1,5.754,5.976,5.736,6.824,5.059,4.019,6.271,4.817,6.216,5.927,5.893,6.842,6.838,4.684,4.57,7.766,7.336,7.559,6.908,4.299,5.208,7.332,5.843,8.543,7.791,4.839,4.859,8.392,9.622,2.789,4.839,5.432,6.871,3.998,5.19,7.225,6.458,6.247,6.971,1.911,7.392,5.011,7.457,4.446
TRI-160,5.648,7.874,6.769,2.452,5.256,6.45,5.38,10.488,6.426,3.545,5.487,3.407,4.766,5.041,7.358,8.743,5.822,6.203,5.237,7.662,6.276,4.376,5.274,7.539,4.588,7.924,6.136,5.775,2.467,5.829,6.1,5.732,5.32,7.053,4.99,6.046,7.043,5.829,5.185,6.735,7.06,4.916,7.039,4.928,5.04,3.841,6.562,7.606,6.557,1.798,5.707,3.944,6.451,6.601,6.952,4.817,3.331,5.515,6.887,6.282,5.427,3.994,5.825,7.528,7.575,5.868,5.744,6.306,3.023,6.24,7.274,5.258,7.133,7.632,7.647,4.342,4.622,4.25,5.249,6.278,4.305,5.94,6.785,7.615,6.097,4.307,4.097,5.635,9.886,3.323,2.978,5.938,7.164,3.63,7.309,8.742,7.052,8.154,7.018,4.472,3.737,7.619,7.507,7.182,5.904,2.756,6.068,8.261,4.53,3.445,5.662,4.64,7.271,8.49,3.654,6.497,3.551,7.681,6.494,11.301,4.363,2.83,7.946,8.7,4.952,9.825,6.19,5.391,7.876,7.297,5.946,5.346,4.131,3.109,7.005,5.139,6.533,4.862,4.452,4.652,4.514,5.58,7.136,5.013,6.467,5.306,4.775,7.216,6.551,5.941,5.796,8.245,6.367,8.879,6.781,7.552,2.854,9.037,6.253,7.151,4.687,5.428,8.483,5.166,8.09,5.333,6.274,5.611,7.545,7.464,4.903,1.589,7.188,4.21,6.839,8.113,5.301,4.751,5.573,7.021,3.885,6.99,6.818,9.302,4.903,6.001,6.358,5.345,6.824,5.992,6.731,4.139,5.546,6.987,4.081,5.878,7.148,5.777,6.082,7.472,5.812,6.298,6.803,6.81,5.762,7.837,5.961,5.354,9.861,5.203,4.879,6.743,6.131,3.299,6.501,3.496,3.545,8.617,5.576,3.355,4.13,4.818,4.778,7.138,8.894,6.368,2.73,6.923,8.317,3.873,10.072,4.808,5.983,6.228,7.466,6.238,2.349,7.364,8.368,3.193,8.022,4.53,8.085,7.699,3.895,6.202,5.174,8.839,9.829,3.521,2.508,4.444,7.757,5.85,4.304,7.213,9.074,7.805,8.462,7.839,5.673,7.421,4.212,7.066,8.402,5.462,8.285,5.797,2.721,4.662,6.22,6.261,6.103,7.47,7.823,6.849,7.953,4.634,9.635,6.47,6.026,4.979,7.527,7.018,5.988,4.874,6.26,4.352,6.859,7.689,6.743,3.705,9.12,7.864,4.516,9.689,5.926,5.362,3.182,7.307
TRI-161,7.139,6.211,6.451,5.918,4.877,5.57,4.972,3.379,5.773,8.562,6.724,6.677,7.285,5.755,5.621,6.593,5.914,7.464,5.238,6.104,4.87,7.71,5.227,9.841,7.285,3.307,7.583,5.208,9.269,6.105,4.647,7.618,5.306,5.001,6.351,3.653,5.253,6.924,5.755,11.294,8.299,5.733,4.413,6.751,7.03,8.416,2.628,8.485,5.377,6.849,8.558,5.644,5.037,3.478,8.978,4.125,8.022,6.294,3.728,4.295,6.554,4.359,6.753,6.194,8.549,5.724,5.3,7.694,7.717,8.001,3.172,3.308,3.63,5.536,7.064,6.512,5.24,5.585,5.725,7.824,2.942,5.015,5.353,5.782,4.759,2.585,5.174,3.136,5.94,8.893,4.323,6.389,7.38,4.348,3.966,5.712,9.655,6.141,5.983,7.483,5.975,4.968,7.775,5.292,7.367,6.529,3.668,6.048,5.613,6.832,6.419,7.395,4.608,4.935,6.898,7.03,5.569,6.638,3.683,2.661,7.463,7.036,4.561,8.697,7.12,4.701,3.359,6.396,6.653,6.256,5.329,4.507,5.103,5.756,7.802,6.445,6.058,4.531,4.049,3.852,5.407,3.355,5.776,7.225,4.62,7.598,8.584,3.569,4.604,6.118,4.221,4.84,6.136,6.494,3.0,5.403,6.186,3.611,5.356,5.656,7.439,7.106,4.541,7.643,5.335,5.537,6.513,4.551,7.679,6.361,3.825,4.556,9.283,5.072,3.027,6.997,6.024,8.355,7.345,8.441,6.901,6.944,8.545,6.383,5.521,3.398,5.437,5.391,5.3,7.201,6.003,6.071,7.104,3.813,8.278,6.799,2.757,5.097,6.432,6.447,8.61,5.482,5.953,5.375,5.051,6.777,5.002,4.867,4.507,4.581,6.348,7.575,5.148,3.297,6.711,4.916,7.708,6.351,5.63,6.706,4.891,7.494,7.085,4.438,6.215,4.864,4.98,6.81,4.186,5.967,7.646,6.755,5.511,4.649,5.665,5.674,6.042,5.594,7.344,7.6,5.999,6.339,7.752,3.482,4.19,6.037,4.957,6.013,5.502,4.537,3.62,5.236,5.223,5.537,8.407,5.212,6.424,6.255,6.474,5.024,5.225,5.441,4.294,5.814,3.274,5.118,7.181,8.384,5.454,4.697,3.676,4.068,5.527,8.816,4.569,5.979,3.592,6.452,3.746,5.762,1.839,8.771,7.133,4.359,2.853,6.391,6.629,7.187,8.734,6.959,6.784,4.297,3.629,5.525,4.73,6.694,6.402,9.566,5.951,8.253
TRI-162,3.276,7.072,5.33,7.503,3.659,3.135,8.719,2.945,7.516,6.513,5.259,6.748,5.264,7.08,4.529,4.801,4.666,4.092,5.079,4.441,7.616,4.002,7.035,4.141,6.414,6.739,5.33,5.528,4.86,5.588,2.434,7.944,7.156,8.512,6.864,8.148,5.638,1.358,5.546,7.034,6.944,6.7,1.911,7.057,5.445,1.441,6.612,7.968,3.396,6.061,7.112,2.338,8.086,5.5,4.069,6.08,6.408,7.308,8.062,7.798,7.27,4.847,5.613,5.074,6.657,4.803,6.49,6.357,1.865,5.215,5.257,5.537,7.978,6.204,4.698,4.922,7.941,6.688,8.818,7.075,3.399,5.047,8.108,4.093,5.932,5.584,5.709,6.058,6.418,2.352,4.602,5.047,5.808,5.787,7.0,8.352,5.995,3.354,7.696,9.47,6.613,7.539,4.392,5.639,3.563,4.986,8.098,7.638,7.041,5.53,8.126,8.819,4.589,4.36,5.731,4.719,7.084,5.16,6.688,5.622,5.725,8.36,8.431,8.738,6.718,7.289,7.738,5.651,6.893,7.93,6.55,6.2,3.521,4.955,8.405,3.145,7.707,4.011,3.513,5.229,4.523,6.729,3.09,7.186,2.332,10.635,5.107,8.592,5.139,4.348,3.973,3.598,6.708,5.581,6.511,7.896,5.241,5.944,6.572,6.302,8.351,8.443,6.124,2.739,3.17,6.406,6.023,6.297,6.307,6.23,6.096,4.575,6.842,5.869,5.49,2.934,4.663,5.359,5.697,4.835,8.317,5.423,5.783,10.021,4.436,8.179,6.083,6.891,4.926,4.74,7.521,5.056,7.929,3.27,8.222,6.856,6.742,7.135,5.845,4.254,5.576,3.728,2.717,7.151,3.571,6.872,8.248,5.882,5.662,8.998,4.001,5.707,5.918,5.265,7.922,7.294,6.654,5.5,7.096,4.837,4.642,3.456,7.908,7.91,6.409,10.424,7.955,6.951,7.912,6.227,7.196,4.552,4.263,2.852,6.156,5.523,6.254,5.599,5.528,6.47,5.329,5.576,5.932,6.731,10.651,9.968,5.511,2.642,4.625,5.89,8.456,5.277,3.116,5.102,5.377,5.26,6.559,6.334,7.886,5.726,8.885,7.418,6.961,4.883,3.444,5.995,4.817,6.779,4.131,7.017,6.007,5.103,5.645,6.089,3.494,6.518,6.512,8.881,9.46,6.529,4.187,7.912,5.662,7.533,4.368,8.603,6.976,2.476,7.388,4.502,8.719,6.394,6.216,6.203,6.884,5.351,6.942,7.957,7.183,6.502
TRI-163,5.273,4.107,7.197,5.106,5.164,5.057,6.737,5.654,7.365,4.685,6.298,7.312,6.299,5.655,5.905,6.019,6.947,5.556,9.352,2.565,5.89,8.453,7.358,4.926,8.702,6.851,6.412,8.31,7.252,5.907,6.82,3.528,5.994,6.071,5.543,3.566,6.789,7.522,5.63,4.891,5.506,8.216,3.56,6.664,5.469,6.232,4.643,7.664,6.97,5.707,9.394,6.837,3.84,8.472,6.243,2.877,6.626,5.091,5.41,4.393,5.811,8.077,3.217,6.963,7.034,8.158,6.374,4.29,5.228,6.55,5.253,6.537,6.051,4.224,7.581,9.023,3.551,6.851,5.988,6.293,8.035,4.939,7.626,5.71,6.386,9.024,6.575,8.121,3.699,4.871,5.853,6.975,6.242,6.796,3.996,4.235,8.144,6.989,5.128,4.939,8.303,6.971,6.554,3.592,4.024,6.275,6.92,5.944,7.783,6.554,6.713,6.636,8.357,5.259,6.75,5.48,7.829,6.956,1.834,5.697,4.933,4.774,4.641,8.365,6.36,5.395,6.087,5.489,9.349,5.568,2.434,5.396,6.932,3.92,5.147,6.093,3.815,8.84,2.74,8.999,5.793,6.831,5.552,4.235,6.74,5.225,10.945,5.796,8.264,4.835,4.823,5.667,5.222,5.597,9.908,2.767,6.43,4.006,4.992,7.572,8.25,5.462,4.206,7.057,3.713,3.852,3.388,4.992,5.099,5.809,5.521,5.04,6.774,7.025,5.795,6.944,6.359,7.377,2.577,7.467,7.113,6.579,8.162,4.48,2.98,6.506,6.628,8.308,3.87,7.815,6.124,3.967,7.547,6.412,5.697,6.532,5.555,6.055,5.149,3.733,6.444,5.989,6.299,7.349,4.755,6.221,8.931,8.847,3.688,5.423,7.423,5.766,4.699,3.983,5.046,2.362,4.329,5.757,5.203,3.455,5.437,3.606,4.803,7.809,7.042,4.162,7.182,4.858,4.039,4.156,7.746,8.952,6.862,5.816,10.086,4.679,5.526,5.06,3.556,7.508,10.243,3.961,7.643,6.648,6.22,7.282,5.092,7.738,5.311,3.667,9.631,7.471,6.776,4.642,5.469,6.995,5.606,6.242,6.163,8.317,5.143,5.985,5.182,8.544,4.549,3.546,3.384,4.85,5.919,2.719,4.41,5.144,5.655,9.316,6.167,2.151,5.078,4.386,5.575,6.62,4.12,7.083,7.745,4.9,8.869,5.174,9.198,4.298,3.041,5.022,5.866,9.152,6.871,5.582,8.162,4.601,4.435,5.737,5.599,7.661
TRI-164,4.88,4.542,7.218,7.754,7.394,5.82,3.391,7.56,5.513,8.731,5.727,8.656,3.819,8.307,7.174,6.088,7.247,4.693,4.594,8.349,5.855,4.381,4.631,6.222,9.223,4.809,8.138,4.865,4.34,5.098,6.155,7.185,4.512,3.834,6.656,6.124,6.69,6.467,6.375,8.141,5.194,6.396,7.449,6.542,4.235,7.708,5.565,8.079,9.177,4.823,5.45,5.243,5.056,4.504,8.858,8.722,3.593,2.582,7.205,5.756,6.03,6.07,6.252,5.985,7.611,4.072,7.263,6.756,4.501,5.37,6.13,7.685,5.414,6.844,4.315,6.198,6.619,5.569,7.41,6.078,4.439,5.969,2.378,7.568,8.454,5.574,8.889,8.651,5.349,6.369,4.091,8.668,3.846,6.645,2.363,5.545,5.601,6.019,3.977,5.217,4.578,5.531,9.004,6.43,5.774,9.006,3.09,4.954,5.087,5.035,6.739,7.057,8.619,5.551,5.945,4.528,6.421,7.438,6.221,7.452,9.971,3.042,6.761,7.268,8.923,3.037,5.999,5.213,2.311,5.79,3.572,8.05,4.53,5.311,5.437,6.695,7.999,5.853,6.207,4.897,6.066,3.405,4.865,8.492,4.72,6.182,5.845,5.209,2.647,7.36,5.197,9.863,5.335,8.149,6.501,5.327,5.306,8.037,8.385,5.927,4.89,7.851,2.893,4.42,4.588,4.962,7.57,5.551,7.055,8.833,4.805,4.129,9.46,7.428,4.62,5.828,9.179,5.006,5.04,5.896,7.866,8.273,6.617,4.744,8.1,7.664,7.324,4.498,5.259,5.637,8.026,6.61,6.05,4.487,5.92,2.32,6.127,3.874,6.051,3.906,7.389,8.004,4.815,6.279,7.025,7.402,2.967,4.54,5.939,7.439,7.155,6.667,8.796,6.376,5.017,3.375,4.85,5.608,7.038,5.34,8.957,6.014,5.77,5.382,4.508,7.265,3.69,7.22,7.509,6.265,5.59,9.31,5.287,4.623,5.76,5.433,9.492,4.997,5.258,3.604,4.805,7.649,6.166,6.828,4.714,8.025,4.438,5.87,5.459,8.382,5.005,2.306,5.886,6.871,2.87,7.227,3.8,5.232,4.755,8.239,8.51,7.3,4.593,8.734,5.206,8.679,5.462,6.075,3.322,3.355,5.565,5.294,4.332,3.253,6.435,1.283,5.752,1.584,4.133,8.221,5.18,6.897,5.389,6.331,7.196,7.259,6.555,3.568,5.449,3.522,6.596,6.249,9.462,6.82,8.065,7.186,7.02,9.127,8.896,5.2
TRI-165,7.206,4.812,5.126,4.616,6.273,1.654,6.233,6.565,6.554,6.858,2.7,4.391,6.43,3.04,5.668,5.915,5.708,6.949,5.29,5.024,3.406,8.065,7.124,8.615,8.706,4.612,5.924,6.786,3.06,5.077,4.73,6.775,6.81,5.063,8.788,6.36,6.831,5.464,7.434,6.685,6.507,6.525,7.532,7.528,3.951,4.084,7.228,6.834,6.327,6.833,6.48,5.29,4.243,3.548,8.844,6.106,6.369,6.68,5.115,4.257,3.82,7.57,8.431,7.244,4.965,8.139,8.414,5.392,6.086,5.952,6.862,5.421,8.611,4.399,6.953,4.35,6.489,5.846,7.1,4.49,4.482,7.409,4.589,4.695,6.981,7.845,5.154,5.984,7.223,5.752,7.772,6.747,4.503,4.241,5.21,5.002,5.174,4.454,8.121,4.615,6.676,4.665,5.956,5.717,4.528,7.53,7.248,5.405,3.865,5.402,6.496,7.777,5.784,5.008,5.939,6.499,8.125,4.749,5.29,6.362,4.156,7.056,3.324,5.712,6.545,7.263,8.112,7.886,9.372,5.57,6.386,6.015,4.22,4.527,3.607,5.375,6.345,3.636,9.502,5.645,5.792,6.128,5.579,7.855,7.019,8.231,6.586,5.221,7.902,3.271,7.061,5.659,4.274,4.068,8.102,1.694,5.439,3.312,5.91,6.611,5.178,8.448,6.722,5.782,5.156,7.739,5.907,6.652,6.217,6.936,2.878,7.692,7.662,5.392,8.325,4.892,6.746,6.321,9.043,6.097,7.06,9.458,7.282,3.321,3.936,8.105,8.818,4.375,7.06,2.022,6.148,5.079,5.084,8.237,6.722,5.448,7.862,4.466,5.549,8.31,4.354,7.227,6.2,3.274,8.388,7.523,7.811,6.893,3.574,7.938,5.789,5.23,3.879,4.987,6.823,5.045,7.165,9.449,7.9,5.804,7.553,3.866,7.139,6.702,10.041,5.857,5.989,3.773,10.813,7.761,7.917,5.768,4.754,6.123,2.748,4.712,4.715,5.782,5.627,5.862,5.31,4.027,5.238,7.831,4.83,7.212,7.024,5.425,7.221,3.241,5.922,9.22,5.919,3.606,6.676,6.606,8.434,7.239,4.823,4.324,4.329,5.399,4.795,4.73,5.355,5.421,5.938,7.979,5.283,4.17,7.522,4.55,5.097,7.088,3.561,4.792,7.608,8.311,3.719,8.156,4.94,5.977,6.94,3.404,6.826,4.79,6.828,7.649,5.402,4.189,5.412,6.624,5.303,4.49,5.252,4.172,3.25,5.293,5.012,6.621
TRI-166,5.633,8.304,8.06,8.224,4.963,7.355,7.245,6.241,8.967,7.377,5.674,4.86,6.305,7.916,7.027,4.129,6.119,7.15,5.882,6.609,6.444,4.458,7.227,7.442,6.334,7.242,5.478,7.561,3.172,7.013,4.627,2.978,4.483,6.113,5.12,3.957,5.123,4.059,6.682,2.218,8.079,3.421,4.685,7.948,6.756,6.731,6.868,5.883,10.2,6.621,5.05,5.927,5.632,6.436,4.308,5.588,2.879,6.17,5.106,7.312,8.458,7.276,6.355,4.561,6.721,8.624,6.117,8.115,8.379,3.366,5.812,5.565,4.394,5.319,4.544,3.593,5.191,2.661,6.626,4.765,7.037,5.358,3.936,3.92,5.323,8.07,6.395,7.919,5.295,7.232,1.981,6.16,6.845,6.116,8.286,7.566,4.432,3.731,5.941,6.453,4.186,4.503,7.697,7.178,5.143,7.801,4.827,6.268,4.594,6.637,4.581,6.697,6.36,4.473,4.256,6.46,8.514,5.815,6.101,4.566,4.801,7.329,3.388,7.245,7.5,6.199,4.877,6.118,9.117,5.611,5.277,7.0,5.391,4.961,4.113,2.851,8.357,6.378,4.099,6.526,3.853,5.621,5.382,6.541,6.297,8.783,7.674,7.15,6.455,8.38,7.624,4.898,5.012,6.021,2.822,3.91,3.702,8.047,5.582,5.949,4.758,3.165,5.532,5.289,5.442,5.098,4.669,7.713,4.747,6.617,5.967,4.657,5.955,3.669,8.814,7.17,4.438,8.074,2.636,2.676,6.917,8.353,5.438,7.666,4.424,2.541,6.051,5.763,7.263,5.341,6.823,7.826,5.973,7.628,8.157,9.374,7.051,7.28,7.611,6.149,4.791,5.896,5.254,5.266,5.088,4.282,7.299,7.803,6.92,6.797,6.656,4.735,3.817,5.449,6.1,7.865,7.859,6.087,3.15,8.255,6.312,3.981,6.966,7.59,7.022,3.864,3.802,9.269,5.703,4.874,5.826,7.581,8.171,9.083,6.545,6.04,4.302,5.859,6.778,7.312,6.247,4.491,5.455,6.71,7.166,8.232,6.808,3.529,5.509,5.194,4.37,6.431,6.319,5.024,3.37,6.754,5.254,3.717,1.538,6.707,6.708,8.146,5.609,5.575,7.049,7.612,6.947,3.089,7.218,5.505,7.493,2.511,7.316,5.859,5.578,5.109,4.409,6.227,6.106,6.222,4.473,7.295,5.399,7.467,9.631,7.226,6.885,4.02,7.627,7.398,7.554,2.835,6.171,8.304,4.752,3.119,6.444,8.259,3.413,3.71
TRI-167,7.298,5.622,5.418,4.477,3.035,6.856,4.925,9.912,5.606,7.373,5.27,8.139,4.318,4.158,3.693,9.016,7.377,5.082,7.49,7.857,4.786,7.257,5.328,4.93,5.689,3.734,5.654,7.009,5.662,5.172,4.206,6.948,7.352,5.87,5.336,3.678,5.646,8.842,4.26,5.92,5.841,4.283,4.845,6.754,6.365,5.278,8.175,4.597,3.254,2.944,7.335,4.94,7.156,3.32,8.438,5.43,6.651,8.414,6.425,2.667,5.626,7.031,4.935,6.187,6.113,4.827,6.128,6.301,8.112,5.921,6.219,4.286,9.595,6.14,7.725,2.341,3.988,8.158,5.909,6.999,4.277,7.822,4.987,3.246,3.94,6.425,5.776,6.802,6.361,6.524,5.523,5.331,7.065,5.959,7.253,6.447,5.233,7.953,4.119,4.85,9.138,4.833,6.12,8.601,4.484,7.097,6.218,7.528,5.683,6.55,8.528,7.697,4.807,9.756,3.593,7.56,4.299,5.462,7.612,7.209,3.43,8.931,5.284,5.03,4.714,3.318,4.997,6.432,7.568,7.825,4.184,6.053,5.146,7.022,5.833,5.018,8.734,2.284,4.777,4.861,6.452,10.262,3.36,4.302,5.398,4.608,6.427,4.094,4.353,3.775,7.209,6.434,6.611,6.317,5.678,5.721,6.037,7.635,7.434,5.739,4.802,7.473,6.3,7.545,7.481,7.447,5.785,6.719,7.018,4.775,2.787,4.032,5.586,7.67,6.338,6.77,7.137,5.599,5.051,8.647,6.572,4.984,2.099,8.375,5.721,7.701,6.149,4.745,6.257,7.01,8.702,8.001,1.818,7.452,4.538,6.19,4.427,7.76,5.262,7.705,3.372,5.895,6.374,4.571,5.682,5.311,7.101,4.414,6.519,6.484,5.571,4.089,4.994,8.276,5.007,6.649,6.48,9.866,5.629,4.413,6.637,6.414,7.396,4.255,4.826,5.033,7.336,6.913,4.758,4.734,3.747,6.889,4.859,7.445,1.651,6.501,8.796,6.389,4.135,6.125,4.338,7.496,3.937,4.713,4.991,5.791,7.911,5.015,6.828,8.27,5.265,7.011,6.303,4.813,5.296,6.006,6.583,7.115,8.032,5.186,6.221,5.144,6.249,7.692,5.654,5.204,5.126,4.885,5.589,5.647,4.093,5.12,2.9,6.885,5.127,4.935,9.476,8.844,4.946,3.091,7.031,6.945,2.267,8.401,9.202,3.525,6.922,9.208,6.298,3.89,6.894,4.289,6.12,8.04,2.639,8.9,6.068,6.658,8.434,6.153
TRI-168,3.589,7.208,5.572,3.586,5.52,4.302,6.781,4.498,6.998,7.179,7.706,5.257,4.152,7.44,3.664,7.155,7.152,5.278,2.045,6.352,6.285,5.08,4.493,8.271,5.548,3.627,7.067,8.262,9.31,4.06,7.011,6.446,6.977,5.829,5.516,7.164,8.487,5.155,6.029,5.205,3.678,5.639,8.737,5.002,4.951,8.739,2.513,5.325,6.381,4.653,5.798,6.375,6.841,3.959,7.026,8.081,6.171,3.093,6.179,4.826,11.018,3.977,2.765,7.984,4.373,6.882,6.064,6.453,4.998,2.545,7.511,5.353,3.475,4.785,8.984,6.106,4.448,3.991,5.468,4.972,9.157,6.46,7.805,7.194,5.829,6.98,5.348,6.221,8.388,3.806,9.096,7.212,5.032,9.236,3.8,4.577,3.125,4.031,7.283,4.937,7.233,5.267,5.682,5.021,9.611,6.528,7.179,6.565,6.938,8.217,6.285,3.093,7.091,5.401,10.263,8.462,4.199,4.246,6.411,7.951,5.888,6.721,6.568,6.69,5.835,4.635,4.207,4.635,6.402,2.952,6.144,5.586,4.242,6.46,1.572,8.468,5.96,6.671,8.322,7.155,3.384,7.051,3.329,7.698,6.11,5.664,7.879,4.876,8.088,5.727,7.243,9.623,5.828,3.298,5.493,6.156,7.248,4.287,6.132,5.054,5.847,5.759,6.041,7.667,7.123,4.304,5.522,4.5,6.45,10.254,3.908,6.642,6.059,10.295,6.171,5.714,5.302,6.338,5.08,7.053,4.715,3.773,5.497,6.384,4.701,5.778,7.941,4.134,7.279,5.377,6.145,4.652,6.504,5.312,7.014,2.565,5.7,4.721,5.943,7.115,6.939,6.567,6.547,7.1,7.708,4.382,5.171,7.528,6.948,4.919,4.839,5.914,6.032,6.19,5.399,5.28,4.742,8.227,9.019,10.607,6.651,4.268,6.721,7.358,5.364,5.026,5.554,6.835,6.336,5.641,10.021,7.949,5.856,7.259,6.555,5.318,8.86,4.562,5.809,4.726,7.759,4.464,8.464,9.182,4.017,5.289,4.054,5.359,8.319,4.032,6.132,4.724,6.291,7.048,5.342,5.307,7.515,5.036,5.61,3.514,8.52,7.34,7.136,7.444,4.841,5.299,3.156,6.209,8.342,5.721,6.151,6.273,8.588,6.932,3.234,4.72,7.649,6.709,5.554,3.997,8.328,2.363,3.617,5.82,6.637,3.733,6.136,3.19,5.297,5.022,7.659,4.604,9.262,4.678,4.655,6.805,7.176,5.8,5.693,6.045
TRI-169,7.003,5.69,7.159,8.056,5.461,4.109,7.274,4.112,4.553,8.343,5.309,4.53,4.207,8.023,9.413,4.258,4.906,5.36,3.551,6.513,7.501,7.906,5.256,8.611,5.239,2.771,7.815,5.942,5.739,3.976,8.814,7.476,5.497,5.245,5.058,5.394,5.856,7.51,8.362,1.091,4.057,3.635,9.788,9.028,4.467,4.558,5.68,4.753,5.975,3.442,4.252,8.787,6.629,5.772,6.93,7.485,5.089,6.529,4.642,4.556,7.436,8.009,4.314,5.996,6.618,3.699,7.71,7.334,5.313,7.697,6.343,1.246,6.8,5.366,6.774,1.702,3.012,5.892,4.167,5.508,6.472,3.801,8.475,7.158,5.669,6.579,8.97,5.369,5.6,7.62,7.061,7.648,5.603,2.94,7.526,8.138,5.264,4.137,6.109,6.784,4.38,6.398,4.691,8.552,5.817,4.694,2.546,5.77,6.604,5.077,6.684,6.125,6.445,7.394,6.628,5.301,6.639,8.815,10.538,8.12,5.488,5.235,4.566,6.463,2.073,6.701,5.49,2.471,5.579,9.283,5.291,6.791,5.795,3.605,8.039,5.533,9.544,8.602,4.873,7.717,6.127,7.345,4.885,3.834,5.474,4.247,2.772,8.282,6.723,8.28,4.137,8.652,3.419,6.604,6.005,7.271,6.811,7.703,5.484,6.933,6.227,5.437,6.683,5.302,2.531,7.22,3.305,5.415,7.994,6.184,4.68,7.347,4.617,7.685,6.554,5.042,7.011,2.737,3.4,7.129,3.424,3.989,4.581,9.518,4.548,6.779,8.655,2.834,6.807,1.839,3.94,6.282,6.531,7.374,6.581,7.391,6.228,4.217,6.56,7.646,7.007,4.528,5.368,6.188,6.179,4.551,5.986,6.172,5.425,6.495,6.798,7.375,4.55,7.794,3.861,8.163,5.997,4.601,7.118,4.238,6.127,5.225,11.151,5.868,9.373,5.33,4.381,7.316,5.652,8.536,3.951,6.836,7.657,7.254,7.33,6.599,4.843,7.044,5.004,9.231,6.194,4.894,7.311,5.755,5.612,5.78,7.763,6.713,4.324,8.466,1.854,7.19,7.117,9.956,5.126,3.337,5.477,7.263,6.488,4.158,7.725,7.361,5.908,5.873,5.61,6.945,5.234,6.106,7.746,6.974,8.67,6.143,6.061,2.173,4.863,4.042,8.077,7.536,6.568,7.948,7.426,8.347,4.766,6.846,7.578,6.503,3.271,2.73,4.964,3.597,5.133,9.182,4.455,7.966,6.576,6.106,5.761,3.984,5.667,7.021
TRI-170,7.26,5.904,6.822,4.918,8.257,7.428,7.752,5.719,6.871,4.382,4.211,8.624,7.043,2.335,5.888,6.242,5.377,6.191,6.222,8.065,7.208,7.454,4.256,4.843,4.655,6.085,4.619,6.169,8.03,4.44,5.179,4.101,7.018,6.88,8.048,5.869,5.973,3.476,8.407,4.062,5.42,3.66,5.912,7.618,6.936,6.493,8.46,6.145,6.212,8.096,8.104,7.948,3.273,3.775,5.501,3.518,7.766,5.759,5.53,7.938,6.14,6.232,7.67,6.072,8.944,3.815,7.904,5.088,6.426,3.826,5.566,5.224,5.86,3.099,5.504,8.062,5.342,9.674,6.926,4.359,9.285,5.481,2.905,6.28,5.609,8.468,5.688,8.072,4.308,6.431,7.768,6.649,7.096,4.042,6.45,2.985,5.165,6.074,6.442,8.201,6.197,9.286,3.861,6.59,5.201,4.831,6.396,7.453,4.614,6.746,7.215,4.878,6.737,6.461,6.03,8.323,1.278,7.582,7.345,5.64,6.162,7.157,2.664,3.468,6.861,4.662,5.783,6.688,6.145,7.164,5.523,8.159,8.428,5.941,9.302,4.997,5.41,7.126,7.956,3.154,4.805,5.932,4.94,7.245,6.836,4.384,7.923,4.432,6.513,6.555,4.304,6.858,4.779,6.157,5.458,7.0,8.062,4.431,7.286,5.207,4.9,6.42,5.869,6.82,7.565,7.236,5.722,4.854,8.214,8.08,3.584,3.096,6.926,8.149,8.296,6.177,5.506,8.556,6.857,5.585,7.173,5.336,4.223,4.152,7.982,7.691,6.46,5.835,4.398,6.46,4.547,5.057,5.211,6.907,4.621,9.439,5.962,6.872,5.123,5.13,4.348,1.632,3.722,7.949,6.994,5.281,3.749,4.958,12.013,6.328,7.901,3.03,4.731,8.103,5.847,4.554,6.622,8.829,3.732,5.776,6.002,6.375,8.92,3.953,5.189,5.049,4.089,4.241,8.432,6.562,7.293,7.668,4.906,4.374,8.385,8.297,8.707,1.327,7.205,7.448,4.148,4.979,3.393,5.489,8.262,6.529,3.967,8.492,5.509,4.576,4.891,4.883,5.826,1.113,6.789,7.596,3.802,9.804,3.618,4.928,9.099,5.606,6.407,6.569,6.721,4.417,8.459,7.055,4.909,6.586,4.08,6.322,7.546,5.553,3.427,7.767,7.966,6.025,7.357,4.359,6.016,6.562,5.926,4.48,4.701,7.477,6.228,7.108,4.544,8.335,6.575,6.605,4.842,5.239,8.63,6.144,5.829,4.471,6.754,4.389
TRI-171,7.574,9.616,6.752,8.198,3.099,3.694,5.129,3.573,7.327,2.613,9.091,5.113,5.038,5.913,10.822,8.915,6.979,8.029,5.612,7.036,3.943,5.093,4.844,2.723,3.732,3.084,7.566,7.819,5.639,6.725,5.096,7.625,4.617,3.661,6.953,9.357,7.66,4.826,8.082,3.807,6.369,8.05,3.24,5.576,8.14,8.078,5.28,6.836,6.752,4.57,2.177,5.483,3.935,6.067,3.69,4.68,6.369,4.872,7.64,7.971,4.881,7.047,6.753,2.428,5.577,4.451,7.184,7.191,5.468,6.618,5.58,3.13,9.716,5.481,5.539,5.101,5.242,1.484,6.436,4.879,6.29,3.622,5.375,5.826,6.184,4.803,5.313,7.462,5.671,7.919,7.514,4.415,4.961,5.856,7.855,5.157,1.729,5.998,4.025,6.852,4.45,4.792,6.246,2.666,8.453,4.558,3.004,5.277,5.834,4.771,4.227,7.858,6.384,4.927,2.97,5.542,7.968,3.736,5.281,2.37,7.527,8.345,4.487,5.934,5.669,4.516,5.82,10.89,6.845,6.076,6.626,7.371,4.58,8.846,5.738,5.432,6.168,4.337,6.768,5.694,6.257,5.503,5.457,6.205,7.17,3.417,6.832,6.387,3.751,7.596,7.462,5.928,7.474,7.603,3.922,5.125,3.301,4.093,3.996,4.405,4.797,5.247,7.775,4.147,4.901,6.713,5.45,7.003,5.559,4.886,7.252,4.677,3.44,4.716,6.982,6.218,7.391,10.356,4.028,5.273,4.594,5.089,7.731,5.28,5.576,6.294,7.582,6.801,7.671,3.633,6.023,6.33,6.846,5.637,6.745,10.699,5.101,6.873,4.262,7.907,5.829,4.727,4.545,2.187,7.678,3.876,8.422,3.427,4.531,6.207,5.723,4.461,3.998,6.105,5.096,7.844,8.594,8.489,8.423,2.711,5.172,6.774,3.412,4.961,8.157,6.422,3.826,6.441,7.877,6.572,6.333,2.597,6.193,5.023,6.469,6.389,4.213,5.435,6.788,5.874,9.375,3.672,4.433,3.895,6.239,5.764,8.36,6.294,5.974,7.072,7.438,5.335,5.055,6.459,4.451,6.351,8.299,4.306,7.087,7.006,4.643,4.561,7.74,5.716,5.25,5.795,8.481,4.49,8.374,8.127,3.779,7.589,4.675,5.113,7.173,5.149,5.743,6.362,9.233,3.231,5.746,3.45,4.121,6.796,5.714,6.124,3.769,9.706,4.549,6.18,5.397,6.076,4.796,8.408,8.998,8.93,5.898,7.629,4.567,7.758
TRI-172,7.111,6.068,6.078,5.255,6.878,3.455,4.231,4.778,7.621,9.105,7.537,6.169,6.53,6.14,7.299,4.043,7.199,7.682,4.038,7.131,2.183,5.393,4.583,5.508,2.443,5.272,2.615,1.227,7.179,6.018,5.713,4.329,6.553,4.553,7.466,4.517,5.025,6.376,8.422,4.281,5.657,6.831,6.542,4.766,3.779,4.959,4.834,6.571,4.502,5.062,7.565,5.095,5.148,10.264,5.102,5.822,5.721,2.919,5.145,7.035,1.924,8.93,8.905,5.198,9.125,6.38,7.837,5.205,5.247,4.904,6.274,7.016,6.37,6.444,4.481,7.513,6.501,7.466,5.928,6.567,9.288,3.402,7.927,6.41,6.501,4.296,5.569,6.315,7.031,4.175,6.871,5.855,3.33,7.224,5.861,4.066,4.845,6.462,7.14,6.551,7.515,6.764,3.582,6.041,6.102,6.138,5.066,4.861,5.438,4.074,5.369,4.693,6.525,6.094,6.109,5.406,4.593,5.188,1.582,2.288,6.583,8.372,6.588,6.414,6.832,6.931,3.806,7.247,6.414,6.114,7.646,6.736,6.916,4.308,6.627,4.526,5.59,4.826,8.877,4.94,8.221,5.3,9.002,6.205,3.74,4.712,7.947,7.584,7.439,3.703,5.585,9.341,6.384,9.15,6.846,4.876,7.385,6.181,3.153,7.343,5.886,7.292,3.646,4.486,5.4,5.008,8.309,3.492,6.193,7.424,1.997,3.727,5.47,8.253,6.777,2.998,5.769,1.054,6.281,5.447,5.503,6.252,6.616,6.1,7.313,8.02,2.467,8.559,3.521,4.426,6.123,5.026,5.162,7.484,8.24,5.987,5.919,9.045,5.025,8.014,6.234,5.759,5.068,6.564,5.181,6.696,8.359,3.408,5.584,5.847,2.204,8.33,6.268,5.32,4.087,6.409,10.347,3.519,7.258,3.885,5.481,8.092,5.58,3.422,3.39,6.748,6.536,5.821,4.893,7.073,3.953,6.064,6.263,3.766,5.225,8.581,5.777,5.873,7.057,2.762,3.313,6.681,4.471,6.189,5.173,7.729,5.327,3.762,4.489,9.259,5.807,7.601,7.562,9.885,5.666,4.696,3.226,5.595,7.471,6.405,5.081,5.834,4.044,7.952,2.953,6.412,4.565,6.082,5.965,5.872,4.147,6.365,6.607,6.154,4.229,8.213,7.49,8.037,5.116,4.197,5.464,6.716,3.291,6.981,7.807,3.134,6.412,4.889,7.152,8.959,4.678,9.509,4.287,5.473,7.377,7.424,6.386,7.804,8.562,5.311
TRI-173,4.298,8.109,1.788,8.066,4.228,5.552,5.073,6.046,4.806,7.12,6.893,4.773,5.894,3.604,6.853,6.779,3.665,9.085,3.197,7.231,8.445,5.49,6.685,8.349,4.904,8.833,5.837,6.929,5.66,7.112,6.314,6.41,7.215,5.944,3.983,6.207,6.161,4.918,8.453,7.576,4.824,4.68,6.042,5.947,5.418,7.734,1.846,6.05,4.502,4.711,6.694,7.342,8.437,4.359,7.114,9.488,8.253,8.492,6.365,4.902,7.543,6.162,5.958,3.532,6.919,6.392,4.978,4.048,7.612,6.57,3.406,4.891,4.623,8.296,4.7,3.99,6.052,8.438,6.035,8.944,8.013,4.232,5.829,6.638,6.591,7.112,7.503,6.739,7.631,7.686,4.73,5.765,7.071,8.034,6.375,3.319,4.138,8.422,8.883,9.255,5.648,7.592,4.502,4.369,2.354,9.273,5.44,4.096,7.708,5.989,4.633,7.361,4.253,5.657,3.683,10.037,4.712,5.08,4.766,5.818,6.946,7.072,8.345,7.517,5.036,7.177,11.261,7.654,6.129,5.017,5.414,5.874,4.089,3.191,7.147,7.744,5.007,4.341,4.649,9.91,8.052,5.804,5.515,4.885,5.575,5.028,4.205,4.365,6.166,7.553,4.913,5.627,7.378,2.937,7.712,8.297,6.915,5.629,8.313,3.678,4.283,6.466,6.363,11.476,5.961,3.897,5.91,4.885,5.785,6.076,7.58,4.241,6.713,8.096,5.979,6.758,5.784,4.577,6.885,5.238,2.887,6.08,6.045,8.229,4.887,6.517,10.427,4.083,4.002,6.033,4.444,4.317,5.51,5.043,1.742,3.694,2.543,5.41,6.498,6.395,3.537,5.547,6.063,5.704,5.351,0.848,6.918,6.035,7.821,8.029,5.383,8.111,5.808,4.362,6.919,4.916,3.562,9.0,8.793,7.993,6.742,4.399,4.114,6.033,4.281,7.887,7.281,5.912,7.607,6.63,7.32,5.062,2.655,7.62,5.044,8.788,2.199,5.778,6.935,7.123,7.021,7.737,5.867,5.03,5.401,6.982,3.247,3.614,7.24,6.209,6.968,6.898,5.979,5.127,5.179,7.349,9.009,8.164,6.868,6.749,5.357,4.771,6.07,7.826,4.614,8.604,6.994,2.745,7.446,1.745,7.13,6.567,4.929,5.659,5.92,6.62,5.415,7.864,6.145,7.812,7.418,0.475,2.412,6.752,6.294,7.415,7.526,6.032,7.326,7.021,4.576,7.14,9.761,4.39,4.353,8.048,5.542,6.451,7.702,5.112
TRI-174,4.265,7.792,5.058,7.498,8.295,7.43,9.733,6.353,10.355,7.329,7.792,4.531,7.044,1.608,6.975,8.349,4.055,2.056,6.075,6.389,5.779,5.76,9.357,7.003,6.363,6.512,7.573,7.187,5.228,6.928,5.591,5.136,5.803,6.652,2.436,6.309,7.553,7.435,4.747,4.865,7.52,7.13,9.292,5.857,4.814,7.773,7.575,6.159,4.936,6.098,6.249,4.264,4.779,8.519,7.014,8.494,7.118,4.562,7.475,8.207,4.774,4.766,7.398,3.977,7.466,4.355,5.384,4.16,5.327,8.97,3.351,4.74,4.157,4.023,7.113,6.922,3.404,9.668,7.361,8.356,5.083,3.982,3.832,4.156,3.367,6.948,8.148,7.982,9.951,7.341,4.715,6.897,6.863,2.884,2.724,6.329,5.261,7.165,3.757,7.499,6.349,5.723,5.795,10.144,9.642,5.53,6.709,5.357,5.322,1.932,4.398,5.941,5.456,7.701,6.872,5.661,7.417,9.238,7.536,8.382,3.229,7.643,7.86,8.294,8.185,7.345,5.632,6.135,7.004,7.59,7.744,8.103,6.955,4.994,7.082,2.654,5.424,5.324,8.143,5.971,4.829,5.639,3.802,5.969,4.933,8.921,7.117,3.147,6.344,7.101,6.49,4.906,8.272,4.06,7.955,6.86,3.731,7.033,7.348,8.433,5.796,7.732,8.065,3.982,4.66,8.69,7.182,8.858,10.07,9.049,4.94,5.652,6.485,5.92,4.7,9.281,4.039,4.419,6.01,6.254,5.76,4.477,5.541,6.449,5.401,5.338,7.348,6.543,7.971,8.391,5.41,5.369,8.36,4.455,5.092,6.117,6.403,6.093,7.817,4.02,7.55,6.821,4.815,5.971,4.468,6.934,7.098,4.788,7.896,6.824,5.324,9.802,4.385,5.782,2.43,6.237,4.251,7.35,6.061,5.217,6.236,5.955,7.111,7.191,5.475,5.177,3.524,2.001,5.552,3.509,4.101,6.604,5.502,8.406,6.77,9.013,6.354,2.896,9.424,3.93,5.631,9.107,4.4,7.862,5.135,4.85,5.393,8.462,6.417,9.794,5.387,5.438,6.071,6.297,5.346,3.12,2.188,4.07,3.35,9.594,6.395,2.33,9.795,4.233,3.931,4.447,5.053,5.768,6.126,5.304,4.692,6.083,2.951,8.198,8.014,4.92,8.119,6.625,5.061,6.004,4.036,6.289,3.652,4.577,5.956,3.707,3.461,6.449,6.292,6.801,7.836,7.12,9.95,3.519,7.877,8.935,5.368,7.692,7.009,5.571
TRI-175,3.588,5.451,5.178,7.878,7.001,6.278,2.89,6.698,7.129,8.994,8.355,5.927,7.94,1.866,5.077,4.358,8.183,8.055,6.259,7.455,8.382,7.999,6.563,10.201,5.132,9.474,8.685,6.384,2.775,4.446,7.995,6.652,6.411,4.263,5.296,6.297,4.475,6.596,5.217,6.185,6.432,3.05,5.946,8.243,8.792,5.943,5.416,4.563,5.086,5.673,5.622,3.767,7.814,6.564,6.692,8.658,6.802,6.036,4.595,5.869,7.188,7.637,6.262,6.295,4.297,8.887,8.432,6.52,6.668,5.024,6.847,7.53,5.879,5.898,9.343,5.234,7.704,1.775,7.061,4.241,7.211,3.113,6.134,6.734,3.632,7.303,3.757,2.961,4.576,4.987,6.653,5.877,5.662,8.949,6.141,4.515,5.823,4.868,5.463,7.287,4.574,5.373,5.451,4.197,2.95,5.693,7.41,7.705,5.473,2.749,7.834,7.784,6.517,8.428,8.617,6.588,7.677,8.37,5.918,8.196,5.338,5.945,6.615,4.196,6.742,3.565,5.555,4.909,4.869,6.287,5.103,5.35,5.462,4.928,6.976,3.236,5.421,8.757,4.968,9.39,3.534,8.106,7.324,5.854,5.585,6.568,9.382,6.464,5.718,5.962,8.064,5.244,4.162,6.187,5.079,4.76,8.015,4.659,4.591,5.067,8.282,3.202,8.738,4.54,7.116,4.01,3.93,4.998,5.693,7.144,5.576,7.875,4.539,7.739,6.259,4.908,3.996,5.398,4.49,8.598,4.834,3.482,5.39,1.844,5.182,5.215,4.062,5.36,3.664,7.989,5.389,8.839,8.876,6.365,6.36,7.281,2.539,10.027,6.582,2.623,6.345,3.558,8.327,2.191,7.464,5.732,8.164,3.537,5.619,3.617,7.24,4.614,8.033,6.066,3.811,5.323,3.204,8.132,5.182,8.28,6.136,7.775,7.195,8.331,6.363,6.337,10.684,7.896,4.664,8.172,8.776,4.572,4.621,3.563,6.84,7.795,7.995,5.657,6.329,5.405,3.595,5.49,8.283,7.953,7.124,6.528,4.056,6.33,9.214,6.105,5.289,9.251,5.084,4.972,6.188,8.236,5.216,7.632,5.62,7.958,4.365,9.364,5.405,6.718,5.752,4.824,8.055,6.787,4.969,4.625,5.779,9.761,6.524,3.94,6.987,6.768,7.882,3.794,8.672,7.142,6.867,6.04,5.843,5.367,3.3,3.683,5.357,9.662,4.563,5.491,5.362,4.562,2.88,0.892,6.552,4.89,6.78,8.533,4.385,1.938
TRI-176,8.863,4.557,7.614,4.366,4.449,7.495,5.146,7.279,5.029,5.671,7.77,5.943,6.492,7.411,6.759,7.875,8.579,7.176,4.446,7.683,2.271,8.24,5.468,8.095,3.62,7.906,4.609,4.538,6.113,8.379,5.395,5.096,7.095,9.183,5.408,3.625,5.117,5.356,4.258,5.115,6.556,6.336,7.721,6.105,4.861,8.895,5.144,1.508,5.581,5.725,5.555,7.197,4.004,7.912,5.698,7.248,7.197,4.174,8.211,4.223,4.137,4.275,7.741,7.142,7.415,5.996,5.527,8.829,5.96,5.376,5.602,4.39,5.925,5.42,6.66,4.013,7.291,5.478,7.304,6.41,7.448,8.893,9.264,5.111,4.768,8.046,5.213,7.583,4.77,5.523,6.927,5.372,6.175,6.57,1.946,6.658,4.807,3.36,6.358,5.044,7.296,5.994,3.869,6.464,4.069,6.547,6.864,6.936,7.128,5.973,4.378,3.895,6.256,5.512,8.856,8.635,2.084,7.064,5.435,5.74,5.691,8.978,6.726,5.071,4.048,4.343,4.61,4.621,3.885,5.243,2.539,6.398,7.05,6.743,2.361,4.398,4.72,8.711,5.796,5.567,9.819,6.109,3.016,6.375,6.822,8.253,5.438,6.841,4.17,5.821,5.764,5.711,5.723,8.197,4.622,6.705,0.395,6.408,4.455,5.586,8.716,4.35,5.22,6.395,6.013,7.613,6.782,6.07,5.737,6.901,10.228,4.935,6.556,7.783,6.842,6.667,7.651,5.244,5.666,1.286,6.202,6.818,5.66,6.3,5.124,8.167,5.013,5.954,7.567,3.943,7.57,7.94,7.652,6.305,5.25,6.991,5.511,5.664,8.257,3.521,2.175,4.361,5.138,6.351,8.199,8.503,10.705,5.084,7.787,8.938,6.234,3.187,5.564,7.252,8.359,6.526,6.685,3.737,2.506,1.794,6.1,7.247,7.581,5.143,5.435,7.928,6.346,6.601,4.786,5.514,5.603,4.977,8.637,4.219,4.738,6.997,2.299,7.886,6.413,5.288,4.209,5.906,6.588,7.136,7.288,7.178,7.473,7.726,3.8,5.051,5.012,3.951,5.308,5.76,9.393,3.505,6.481,7.903,8.017,4.405,5.489,6.962,6.729,7.646,6.013,4.544,4.036,6.996,5.295,7.585,4.324,5.449,8.103,5.932,4.559,5.197,5.641,6.874,4.807,1.846,5.399,6.523,9.253,6.703,7.346,5.05,2.465,5.923,4.15,5.772,9.441,5.561,7.535,5.0,4.532,7.877,7.445,5.524,3.322,5.742
TRI-177,9.733,5.569,4.758,6.084,3.717,6.779,7.235,5.329,4.524,5.273,6.2,6.322,6.225,5.475,5.305,6.04,6.861,4.335,6.201,7.329,7.93,2.53,4.379,2.913,3.614,6.095,1.165,7.223,7.129,5.102,7.07,5.161,0.324,8.825,7.701,5.88,6.191,6.592,5.586,7.498,2.074,8.238,1.393,8.78,5.66,5.768,6.808,6.174,5.289,5.675,5.878,5.962,5.378,7.76,6.495,6.611,5.405,4.867,4.741,6.76,1.66,5.812,6.461,7.513,6.776,6.064,5.946,6.223,8.271,8.718,4.502,4.855,7.058,3.625,6.623,7.3,8.305,6.591,7.371,3.512,5.633,4.003,6.329,6.577,5.156,7.828,3.657,6.555,6.938,7.803,4.275,5.22,8.901,2.414,6.334,9.562,7.328,8.896,5.439,5.006,5.633,5.844,4.954,6.206,7.815,8.151,5.179,5.523,4.565,4.49,9.381,4.633,6.699,7.496,8.015,6.378,7.001,5.504,8.618,5.148,6.678,4.676,6.41,0.394,5.032,7.314,4.748,5.584,6.338,7.31,6.406,6.291,8.561,8.024,7.581,5.81,4.56,7.0,4.588,4.047,5.182,5.15,4.533,6.987,6.727,5.111,6.812,6.64,6.995,8.483,6.445,4.065,3.498,7.054,5.864,5.747,6.563,5.078,1.984,3.849,6.536,9.306,7.031,5.854,7.29,4.261,6.566,8.885,3.271,3.331,7.822,7.197,5.125,8.322,4.9,6.28,7.486,1.782,3.444,3.933,8.293,7.273,7.367,9.241,7.811,3.965,1.822,5.921,7.507,8.252,8.12,10.425,6.62,5.586,6.809,7.472,5.903,3.833,7.528,11.076,5.823,5.952,5.466,6.84,4.932,6.82,5.844,4.819,5.804,3.586,6.103,6.809,7.627,4.951,7.165,4.256,7.488,9.582,7.903,6.67,6.282,5.881,7.589,7.067,9.022,2.84,2.66,4.612,5.725,5.256,6.556,7.039,5.454,7.91,5.869,5.994,7.537,5.793,6.203,6.672,7.539,5.688,5.798,4.679,6.642,5.159,4.631,5.235,6.241,7.326,2.18,8.019,5.532,3.664,5.57,4.337,7.134,7.763,6.85,4.718,5.224,4.215,3.417,10.508,7.04,4.945,5.292,6.247,7.575,5.907,4.229,8.791,8.183,4.858,3.866,5.273,4.906,8.491,6.488,8.106,5.839,5.744,6.205,6.451,8.498,5.073,4.333,2.591,5.752,7.063,6.496,7.179,7.688,7.928,7.73,3.763,5.458,7.348,6.262,7.011
TRI-178,6.631,3.545,7.997,6.457,5.642,8.583,4.249,4.477,5.744,6.631,6.509,3.6,4.613,7.178,5.7,8.457,6.777,7.75,5.529,1.4,5.766,8.448,6.897,6.374,6.977,6.293,5.301,3.55,8.243,4.301,4.717,5.783,5.794,8.202,6.397,5.545,5.564,5.09,6.873,6.616,3.868,7.687,7.789,4.394,8.047,2.248,6.186,4.677,7.79,4.097,6.545,7.015,7.197,5.751,4.78,4.308,7.252,6.103,4.88,5.67,4.044,7.704,8.669,4.518,6.312,5.175,4.304,6.422,6.222,8.228,5.275,5.212,3.024,7.154,4.757,2.732,6.465,6.691,4.769,6.331,2.535,7.762,6.306,9.412,3.738,4.991,6.347,8.724,5.835,1.201,7.746,6.156,6.152,5.222,6.216,3.913,7.665,7.889,5.73,5.864,6.602,4.718,7.42,3.758,6.453,4.149,4.455,5.666,5.155,7.893,4.279,6.629,6.978,6.137,5.576,3.137,6.294,3.816,3.948,2.196,9.15,5.397,5.9,7.024,5.762,7.214,6.115,4.355,4.986,4.316,5.052,4.263,5.104,4.136,7.662,1.192,6.595,4.185,7.181,4.141,5.661,8.836,6.218,4.721,4.821,5.421,7.545,7.309,5.113,8.222,8.721,4.56,5.911,4.391,4.949,4.873,6.885,8.142,6.455,7.188,6.18,3.468,6.184,6.801,5.911,9.784,5.646,7.86,4.806,5.16,4.894,3.835,4.448,5.3,6.266,9.581,5.735,10.553,6.589,5.631,5.732,6.357,7.578,5.02,4.459,4.741,4.072,5.158,3.167,5.222,5.539,4.709,5.551,8.173,6.257,5.757,6.325,6.938,5.945,7.275,6.726,9.068,4.365,5.247,5.331,4.864,5.031,8.848,6.643,6.597,6.162,3.754,6.784,8.465,5.134,7.329,3.457,3.208,8.468,5.159,7.231,9.32,3.847,6.956,1.801,5.683,3.474,7.104,3.814,5.772,7.098,2.75,5.695,5.425,5.897,7.159,7.075,7.862,6.345,2.149,3.775,5.587,5.438,4.975,6.579,5.622,8.269,4.287,5.648,6.166,3.862,6.63,6.065,4.734,4.14,5.981,4.473,4.877,6.218,4.449,7.279,5.508,5.773,7.446,6.043,5.416,7.573,2.745,6.979,4.523,6.195,6.295,5.074,5.309,8.609,4.915,4.181,5.611,9.602,1.898,6.195,5.743,5.733,5.685,6.388,5.012,4.881,6.255,6.735,6.723,5.877,4.338,5.941,5.27,2.777,5.736,6.24,6.988,5.819,10.071
TRI-179,4.194,3.674,8.201,6.215,5.2,6.03,7.952,5.513,6.882,4.099,7.08,5.937,6.116,8.541,6.586,8.234,7.777,4.403,4.458,6.257,5.03,7.928,4.01,6.387,3.272,5.479,5.942,8.765,6.183,3.8,9.081,4.044,6.173,8.494,6.954,5.653,6.444,7.878,6.581,5.196,5.978,6.142,7.724,4.951,3.078,6.887,4.063,7.748,5.974,3.276,5.144,3.888,5.546,8.395,6.589,6.326,5.546,4.721,5.252,5.485,7.581,6.036,6.824,4.084,5.561,4.111,6.684,3.307,4.985,4.834,6.026,5.764,7.96,6.289,4.897,4.709,5.382,5.885,6.673,8.502,6.115,6.501,9.613,4.877,9.224,7.248,4.183,6.807,5.404,7.226,4.837,8.1,5.387,7.651,7.203,6.219,3.623,5.417,5.302,9.149,5.499,7.687,5.777,4.035,5.865,6.056,9.143,5.698,7.349,6.199,8.447,6.199,7.462,9.035,6.02,6.049,4.009,7.29,3.582,5.748,5.887,4.103,4.402,5.194,6.453,10.161,6.412,6.503,5.783,6.949,6.267,7.336,6.611,3.111,7.288,8.317,4.422,6.801,3.966,2.821,6.671,5.369,5.317,9.607,5.411,6.555,1.704,7.416,5.696,5.993,5.3,4.546,6.873,4.52,6.132,5.714,7.757,4.84,3.597,6.695,9.608,6.77,8.195,10.063,7.309,5.225,6.707,4.933,4.405,6.334,7.697,6.417,3.462,4.167,4.541,5.55,5.138,6.372,8.33,8.789,3.019,3.847,1.813,4.485,7.364,5.199,8.338,4.783,4.702,2.694,5.236,3.984,7.633,6.053,3.18,6.075,7.322,5.584,5.339,8.342,7.855,6.118,6.728,5.781,7.049,5.723,6.056,3.797,5.089,6.662,3.079,3.738,6.366,8.646,4.797,0.34,2.774,3.646,5.45,6.918,6.223,5.221,3.136,5.113,4.288,4.294,3.736,4.462,4.559,6.157,5.901,8.171,4.544,5.712,7.404,5.002,6.628,8.527,5.812,6.239,6.56,5.849,6.918,5.622,7.228,6.485,7.242,7.663,6.232,5.733,6.992,3.573,4.198,6.582,6.916,2.716,7.39,6.911,5.788,6.669,6.118,6.76,5.31,3.897,9.957,5.345,5.727,5.163,6.536,4.386,3.039,4.499,4.693,1.924,8.756,6.728,5.662,5.879,5.32,9.121,6.974,6.953,8.922,3.387,6.738,4.96,6.808,6.061,5.844,3.705,6.305,8.648,5.345,5.273,8.731,5.133,7.284,6.084,6.493,8.319
TRI-180,7.918,6.929,5.318,5.305,4.57,7.311,6.608,4.472,5.112,4.239,4.273,3.927,3.988,5.215,6.758,7.278,7.892,2.681,10.288,7.52,6.712,5.183,6.463,3.547,7.098,6.781,3.511,7.441,7.809,4.835,4.036,7.346,7.732,6.217,5.812,6.556,5.794,5.154,6.728,6.915,5.152,6.899,4.956,3.161,4.496,1.827,8.388,6.168,4.294,4.601,6.395,7.859,6.868,7.29,4.64,5.698,5.152,3.467,4.63,5.374,3.585,5.624,5.515,7.427,8.494,4.916,7.14,7.84,6.011,6.315,7.281,7.952,4.607,8.847,4.309,8.464,6.32,4.429,5.913,7.658,4.442,6.003,5.43,3.741,5.846,7.006,8.209,7.66,6.953,6.12,7.246,4.353,3.352,5.594,4.779,5.236,5.065,3.68,7.189,6.12,5.876,6.223,5.525,5.386,6.196,6.389,3.661,7.114,4.939,6.64,4.048,3.414,8.013,5.493,8.412,5.809,7.515,6.669,5.71,7.022,4.242,6.17,5.14,6.162,3.721,4.139,8.678,7.632,8.224,5.695,7.392,5.271,5.755,3.234,6.067,5.678,7.755,5.586,6.405,5.915,6.295,6.887,7.333,7.097,7.984,6.374,5.87,6.935,2.567,5.047,7.677,4.057,8.858,9.41,6.007,6.219,4.765,9.78,4.531,5.739,5.118,4.656,6.502,5.579,7.051,3.726,4.154,5.954,5.738,5.672,5.164,6.466,8.822,5.668,10.928,3.051,6.053,5.732,6.954,4.643,8.301,4.626,7.568,6.499,9.479,7.127,3.8,4.777,9.072,5.675,7.687,4.985,9.242,6.445,5.277,4.926,6.152,4.392,3.882,6.01,6.268,7.124,6.03,5.572,3.964,3.724,5.662,4.575,6.471,6.248,4.794,3.214,0,6.435,7.559,5.666,2.845,10.036,5.694,4.504,5.439,5.067,5.99,9.389,4.277,5.152,6.636,5.824,3.983,5.748,5.991,6.746,7.755,6.744,4.185,7.915,5.536,6.51,6.198,2.899,5.986,4.095,5.553,5.175,6.901,3.675,6.284,5.676,6.343,2.809,4.458,7.083,4.361,7.875,6.69,7.92,3.961,6.428,6.47,5.83,3.236,5.948,4.722,8.625,4.439,7.305,6.567,3.261,7.151,0.786,6.947,8.239,8.337,4.057,5.538,5.919,4.636,7.631,5.921,5.843,5.486,5.714,6.025,4.933,5.436,6.879,7.272,6.968,6.374,7.578,4.108,5.217,5.045,3.405,7.376,5.085,6.26,2.642,6.901,6.009
TRI-181,4.437,7.542,5.8,7.533,5.607,7.589,5.819,9.162,9.48,7.949,5.632,6.609,5.544,3.61,7.203,5.706,6.537,6.051,3.474,7.587,9.644,8.163,8.205,5.845,5.046,4.701,5.745,8.551,4.046,6.489,8.328,2.429,6.932,6.437,5.752,6.287,8.686,9.052,7.775,9.355,6.789,4.715,6.876,5.558,5.134,7.836,5.296,7.613,6.276,5.341,6.693,6.579,3.954,8.877,4.901,6.469,8.345,4.669,6.469,6.714,6.727,6.296,4.458,6.243,8.288,9.472,4.927,5.457,5.631,6.9,6.162,6.729,6.016,5.961,6.651,8.262,6.057,3.87,6.484,7.26,7.003,6.375,6.524,8.847,4.702,4.665,5.525,5.652,2.469,3.682,6.816,5.899,8.142,6.188,4.591,7.901,5.75,3.939,7.33,6.188,6.37,4.867,4.37,6.211,5.622,7.817,4.118,7.394,5.218,6.426,5.568,5.697,4.924,6.761,3.6,8.319,6.001,3.004,8.132,8.276,8.548,6.438,6.775,5.051,1.654,7.19,5.267,7.599,5.48,5.62,4.306,5.102,1.839,6.526,3.812,9.084,9.551,2.976,7.953,4.281,5.004,3.62,8.014,9.669,3.519,4.173,2.683,3.562,5.447,6.976,3.661,4.741,4.147,6.622,5.054,4.056,6.532,7.381,9.08,5.717,6.697,4.822,3.048,7.135,8.483,7.186,5.642,8.523,5.377,10.548,7.298,6.612,7.185,4.777,6.911,4.831,9.69,5.339,3.334,1.143,4.254,2.765,6.851,5.698,6.585,5.054,6.064,6.47,5.347,5.037,6.427,7.681,6.513,2.959,6.201,6.513,7.204,8.127,4.066,3.827,8.688,6.32,2.233,4.767,8.407,8.612,4.492,9.019,4.318,4.538,6.108,9.526,3.001,5.7,6.824,7.585,3.586,4.845,7.975,5.925,6.183,4.096,6.246,5.545,6.521,5.773,5.445,8.081,4.149,10.713,6.731,8.081,4.264,3.897,4.069,5.952,3.004,5.003,5.199,5.22,4.754,7.651,7.934,6.314,5.742,5.799,5.533,8.327,6.606,8.165,5.684,4.432,7.648,7.346,5.817,7.428,5.64,4.575,5.157,4.103,4.583,7.58,6.848,3.374,4.858,7.323,6.115,6.58,6.026,6.601,8.169,3.05,4.933,5.071,5.039,4.146,4.93,3.956,5.748,6.534,8.153,7.301,3.898,4.928,9.521,6.202,5.167,5.069,6.815,6.682,4.199,5.009,5.784,5.012,3.647,7.217,6.587,6.264,5.615,6.91
TRI-182,10.071,5.668,5.193,7.275,6.54,5.091,5.733,3.492,4.442,4.885,3.976,8.392,4.795,6.527,5.019,7.59,5.056,4.738,5.907,4.224,6.365,5.244,4.667,5.138,6.493,3.661,5.428,6.585,5.885,6.458,4.759,6.513,4.194,6.075,6.527,2.201,3.804,5.187,5.415,5.475,4.559,5.944,5.908,4.387,6.009,4.125,6.969,4.821,5.161,4.834,5.72,7.538,4.497,8.08,5.067,8.146,6.821,8.181,7.545,4.494,4.366,5.405,6.301,4.502,5.493,3.997,8.361,5.999,5.134,7.188,3.821,5.287,9.999,9.042,7.505,7.92,8.844,6.664,5.655,5.639,6.47,3.442,5.134,5.316,4.608,7.638,5.764,9.173,6.578,7.253,5.607,5.197,5.792,5.131,7.722,7.354,6.101,4.31,4.823,5.865,5.492,3.902,6.958,5.879,5.577,3.626,5.229,3.561,6.329,6.551,4.528,3.152,6.059,3.14,6.318,6.384,6.881,7.351,7.281,6.264,4.872,6.504,7.74,7.093,5.158,7.015,7.097,3.738,3.296,1.318,7.435,7.06,8.214,1.854,7.291,5.614,6.305,7.518,6.782,5.601,5.19,3.315,6.224,3.955,7.361,6.722,7.741,3.449,5.642,6.338,6.623,4.949,4.357,7.23,4.055,1.778,7.282,4.658,4.368,4.281,5.993,5.291,5.859,5.416,4.235,8.182,3.937,6.558,4.396,6.705,2.742,5.056,2.427,4.153,8.498,10.278,7.003,5.981,4.778,9.828,5.322,8.34,2.717,7.151,4.341,5.982,7.345,5.05,4.153,5.289,7.321,7.127,9.374,7.349,4.658,5.995,9.357,4.772,6.822,5.387,3.796,9.622,4.612,7.44,5.835,6.552,3.368,7.08,4.446,7.096,5.759,7.685,4.203,6.322,5.878,4.87,7.96,6.453,9.076,5.672,3.072,5.493,5.358,3.623,5.095,3.834,6.718,7.236,5.351,6.795,7.764,8.286,8.782,3.998,8.0,5.79,5.098,4.554,3.433,4.291,5.515,7.559,7.916,5.499,6.315,5.831,7.755,8.159,8.68,5.76,7.726,4.796,6.765,4.809,8.662,2.902,7.243,4.845,8.879,4.569,3.072,4.518,6.014,8.652,7.976,2.125,7.59,6.536,5.07,4.481,6.782,5.156,7.759,4.499,5.783,5.243,1.66,8.529,5.385,9.534,8.619,6.323,5.766,4.728,8.84,3.871,4.875,5.224,5.133,2.69,3.512,7.192,5.869,4.412,2.949,6.01,3.809,4.174,6.383,6.406
TRI-183,4.388,3.324,8.186,6.944,7.534,7.254,5.174,8.641,6.206,2.985,6.516,6.134,5.284,6.646,3.211,7.379,4.925,2.559,6.694,10.638,7.294,6.743,4.726,3.459,9.33,5.644,6.559,5.443,4.166,5.312,5.307,5.637,8.192,6.352,8.95,4.844,6.364,7.672,5.683,10.476,3.603,7.689,6.277,4.19,4.778,10.479,4.843,6.821,6.269,6.062,6.426,6.864,5.021,6.307,6.268,7.32,6.487,7.14,3.262,5.741,8.021,4.313,4.414,3.096,8.373,9.187,6.42,3.685,6.82,7.116,6.572,5.115,6.894,7.471,7.651,5.894,5.232,5.241,4.208,6.207,8.159,7.498,6.726,3.977,4.625,6.301,11.14,7.43,6.439,3.685,4.814,7.847,5.926,8.026,5.911,7.028,3.47,4.297,4.571,5.71,5.172,3.847,9.939,5.862,8.809,7.461,6.844,6.835,10.43,3.985,6.602,6.277,5.162,5.746,6.573,3.652,5.05,7.476,8.104,5.177,7.113,7.732,4.087,4.219,4.8,6.254,6.368,8.318,9.004,7.304,6.615,2.501,3.301,3.367,5.165,4.647,5.056,8.103,6.725,4.858,7.171,6.999,6.817,3.689,9.55,5.166,4.016,6.487,4.551,9.219,6.977,5.497,5.395,8.421,6.857,5.654,8.496,3.18,3.623,6.697,3.988,5.125,5.664,6.363,4.939,10.099,6.615,5.106,6.645,6.392,6.62,4.254,3.99,6.143,9.431,4.415,3.709,5.586,4.011,8.173,10.178,5.029,5.145,7.605,5.707,7.573,10.7,5.808,8.893,4.251,7.043,5.861,5.366,3.748,3.809,6.487,6.026,6.141,5.856,4.762,7.564,4.932,7.658,5.862,5.568,6.303,8.85,5.814,7.027,6.149,3.587,4.277,8.21,4.139,7.098,4.049,7.36,6.921,8.048,4.27,7.986,6.272,9.277,4.852,7.716,6.299,4.107,6.204,6.514,6.416,4.212,5.784,6.993,5.293,6.622,6.448,4.241,3.503,7.592,8.163,6.055,5.582,5.038,5.855,9.379,4.987,7.001,7.459,6.752,2.083,7.212,4.893,7.041,7.252,7.297,7.959,5.998,4.983,5.37,9.657,5.509,5.502,1.978,7.718,7.022,7.901,7.539,6.011,6.091,7.552,4.936,7.565,7.313,6.959,6.406,5.557,4.801,5.308,6.189,7.227,5.429,5.063,5.107,6.051,7.013,4.821,4.089,6.924,6.115,1.531,7.384,4.792,6.751,6.785,3.766,4.053,3.321,6.188,7.949,2.302
TRI-184,7.552,4.529,6.288,7.745,8.614,6.391,6.641,3.085,5.261,4.225,7.301,4.709,6.901,4.019,8.497,4.887,7.573,5.541,4.568,5.776,9.876,3.638,8.604,7.99,6.347,6.063,6.57,6.562,6.162,8.069,4.745,5.888,7.102,6.536,5.449,6.86,4.992,2.31,5.249,6.486,6.163,5.471,8.542,5.815,5.406,7.459,8.773,10.088,4.52,6.062,6.513,8.582,4.511,3.704,2.331,4.359,5.889,7.955,4.498,5.877,8.692,5.159,7.282,4.775,3.625,6.15,4.02,4.223,6.015,6.193,6.466,5.589,5.036,7.249,6.666,5.614,5.148,5.489,8.951,4.327,6.37,8.162,3.6,6.888,6.388,5.276,3.541,7.203,1.795,5.245,5.23,6.16,6.807,10.338,5.883,2.461,1.923,9.322,4.831,5.315,4.993,5.827,5.112,4.674,6.383,8.116,5.383,8.545,7.188,4.531,5.555,5.616,7.648,3.323,4.62,6.263,3.82,3.291,4.849,8.189,5.167,5.513,5.187,7.34,6.02,7.199,3.15,3.827,5.688,4.924,7.808,9.714,5.244,4.626,5.241,9.224,7.412,7.728,7.953,7.772,5.591,7.234,5.589,8.097,7.506,4.793,7.993,7.496,2.856,7.461,5.612,5.105,10.035,5.745,8.414,7.174,5.894,5.055,7.518,5.629,6.195,7.512,5.343,5.661,3.251,4.79,7.302,7.667,6.298,4.971,7.04,5.259,4.647,7.309,7.043,6.99,5.363,5.55,6.397,8.283,6.242,4.06,3.36,5.414,2.914,6.238,6.206,4.402,6.946,5.278,5.755,4.489,9.108,6.152,5.68,6.321,10.476,5.374,9.038,2.512,4.357,7.508,7.148,6.072,6.846,8.107,7.217,6.527,4.129,7.182,6.19,2.519,7.378,5.911,6.126,5.232,5.427,5.398,4.931,8.441,2.231,4.027,6.009,9.404,6.001,4.166,4.694,1.714,5.253,7.014,3.733,5.916,1.777,5.284,7.42,6.804,4.949,6.33,7.181,5.795,10.38,6.442,9.771,7.64,7.851,5.2,5.852,7.657,5.29,7.549,6.768,5.502,7.078,6.241,2.865,7.645,5.567,7.024,5.849,4.899,6.565,7.172,8.942,8.199,3.748,7.794,6.533,7.252,6.759,6.669,3.992,9.114,3.247,4.478,5.092,6.265,4.478,6.706,5.312,7.125,7.443,7.198,6.65,5.148,7.996,6.364,7.15,5.788,7.292,8.821,9.294,2.057,6.639,5.836,5.702,3.601,5.034,5.375,6.617,7.682
TRI-185,7.125,6.166,8.782,6.586,6.227,6.155,6.528,5.369,4.535,5.099,6.228,8.513,3.04,5.796,3.024,5.44,7.734,6.39,3.732,3.507,5.513,6.262,10.047,8.018,8.074,7.845,5.733,6.542,5.662,7.453,5.223,5.35,7.807,6.423,5.279,5.82,4.449,5.387,1.613,5.148,6.04,5.76,7.159,7.362,6.209,5.427,8.974,7.732,6.368,5.116,9.235,6.378,3.625,6.763,6.181,5.666,6.647,9.807,2.262,5.396,8.807,11.126,5.35,5.444,5.746,3.076,5.871,6.087,9.843,8.08,6.274,5.173,6.538,7.349,4.561,7.545,4.766,8.366,6.516,3.836,4.689,8.655,4.68,5.237,6.474,8.626,7.631,3.173,4.475,9.155,6.399,7.675,6.524,7.033,6.909,7.259,8.215,7.994,6.663,4.985,6.402,5.361,3.991,4.11,5.213,6.72,5.967,6.65,8.675,4.221,4.098,7.801,3.211,5.191,5.503,7.095,6.993,6.265,10.515,7.462,3.09,6.642,3.459,6.619,6.339,4.294,4.826,6.29,6.836,9.58,8.802,8.744,4.957,3.888,4.827,5.991,6.943,7.885,7.514,5.981,9.739,5.733,5.79,7.833,5.604,3.239,5.033,2.613,5.061,4.869,10.247,4.679,6.114,5.992,5.045,6.659,7.172,5.591,7.28,3.738,7.436,5.96,6.306,5.907,6.788,7.669,8.384,6.609,7.914,7.187,5.87,5.412,6.74,5.947,7.427,5.495,7.815,7.032,6.32,5.063,4.704,7.651,8.145,4.15,4.823,2.563,3.584,7.338,5.786,7.921,6.887,6.819,5.489,4.942,7.43,6.269,2.803,6.497,10.552,3.532,3.939,8.624,3.826,7.707,8.4,5.641,4.734,7.746,6.532,5.828,8.681,5.538,5.271,8.555,7.344,9.45,5.265,6.448,7.062,2.197,7.169,6.684,5.53,6.767,4.666,5.504,6.155,6.643,6.816,6.989,3.019,7.337,7.037,4.783,6.746,6.132,5.09,2.5,5.769,8.177,7.507,8.488,5.13,6.221,9.066,5.729,5.264,7.146,5.03,6.98,5.628,9.149,5.0,4.849,7.797,7.072,6.287,6.861,5.906,5.231,5.893,5.211,10.108,4.097,7.709,6.767,5.387,3.837,7.742,5.383,7.765,6.976,5.23,8.773,5.368,6.103,4.966,7.488,2.243,7.342,9.103,6.001,4.183,5.92,3.898,5.207,5.485,3.508,6.641,4.477,7.375,5.607,0.823,7.714,3.824,3.517,4.524,8.723,8.025,6.865
TRI-186,5.015,3.739,6.957,5.667,6.255,7.09,4.086,3.213,4.899,7.019,5.229,6.063,5.873,4.745,6.739,5.805,6.125,3.254,5.074,6.319,6.618,6.371,5.864,6.757,7.207,6.728,8.434,6.267,7.111,7.954,5.458,4.045,6.711,3.894,5.546,7.069,4.17,6.501,6.386,10.698,8.202,6.575,5.876,8.573,3.75,7.918,4.329,2.892,6.532,6.202,7.713,4.529,1.027,7.285,4.646,5.667,4.517,4.795,6.59,9.079,7.56,5.167,8.592,6.328,5.458,2.93,7.808,7.623,6.413,7.462,9.475,4.872,4.709,8.552,9.355,5.326,7.102,9.878,6.611,10.225,6.263,6.378,6.783,4.997,3.121,7.704,5.201,8.136,6.628,4.059,6.614,7.073,5.977,7.212,6.874,5.324,3.887,6.543,4.864,5.605,5.386,6.645,7.974,6.703,6.499,5.639,3.112,3.537,9.139,9.751,0.48,6.481,4.343,7.262,6.881,3.404,8.243,4.807,7.286,6.28,7.643,5.549,4.21,2.717,6.238,8.506,2.697,2.575,6.316,8.981,6.42,4.798,8.323,8.051,4.135,4.334,5.799,7.168,6.47,5.465,4.687,9.342,5.423,1.707,3.795,7.935,4.64,5.817,4.212,10.358,6.375,5.118,6.745,5.021,6.674,5.751,7.766,4.274,9.403,5.13,6.241,5.856,5.236,3.614,8.188,3.718,9.557,5.156,7.179,8.147,4.241,7.564,6.938,7.634,4.217,7.692,5.817,4.517,8.09,8.128,5.92,2.582,7.287,6.708,2.841,5.214,6.369,3.609,8.347,2.829,6.53,8.366,4.875,3.49,7.738,6.651,6.954,5.474,6.933,10.05,7.792,6.69,7.536,6.389,7.135,3.742,5.405,6.547,4.111,4.261,5.062,1.064,6.536,5.963,2.827,5.513,4.494,4.942,4.037,5.911,7.826,2.801,4.248,5.22,3.383,5.384,5.509,6.355,6.454,5.624,4.619,6.405,6.127,2.894,5.042,4.051,4.797,3.981,6.926,8.848,3.327,6.339,4.668,8.895,5.649,9.78,7.376,6.373,5.098,4.319,4.283,3.057,4.441,4.3,4.363,9.011,5.179,8.516,4.778,6.928,6.335,3.463,6.896,7.799,8.631,6.696,4.286,3.711,8.913,6.451,5.439,7.965,5.747,7.635,8.053,6.149,5.52,4.54,7.244,7.009,3.825,9.124,6.564,5.33,3.883,5.758,10.808,9.596,6.088,6.358,5.878,7.776,6.365,5.668,6.075,5.892,4.645,7.404,7.442,3.663
TRI-187,6.053,7.845,8.875,5.28,6.382,8.52,4.556,5.832,4.76,5.718,3.699,5.479,3.413,6.259,9.299,6.576,9.335,5.661,7.367,6.802,3.289,5.592,6.521,7.868,8.12,5.408,7.283,5.106,4.847,4.332,6.49,5.776,8.15,6.847,2.938,9.009,5.602,7.216,8.099,7.809,6.164,6.48,3.468,5.463,5.842,7.817,4.123,7.272,8.896,4.756,10.112,6.538,5.769,8.003,5.431,5.108,6.396,8.183,7.058,5.19,6.889,6.118,6.219,6.821,6.446,4.981,7.058,7.062,7.324,7.951,7.48,5.137,3.421,6.523,2.646,4.837,5.472,5.515,4.524,5.535,7.378,3.852,6.542,4.891,9.055,7.01,6.011,4.958,5.796,6.609,6.929,4.954,7.543,5.746,7.065,7.066,6.504,4.244,6.887,5.283,6.293,5.034,7.709,7.069,5.418,5.752,5.813,6.32,5.913,7.624,6.545,7.522,6.735,5.036,5.714,4.606,5.566,9.03,5.678,7.718,6.655,5.664,4.582,6.102,5.891,3.715,6.548,5.22,5.757,9.472,5.066,8.888,4.772,6.145,7.202,4.984,5.048,6.909,4.519,9.582,5.816,8.892,5.31,5.101,9.628,5.963,7.19,7.718,7.849,5.444,4.509,7.737,4.271,5.781,2.778,3.741,7.752,4.854,2.718,4.491,6.33,4.914,4.131,5.825,4.984,4.002,8.045,2.078,4.582,7.364,3.681,7.607,2.835,4.827,7.4,5.766,6.261,4.919,8.799,6.755,3.633,7.46,2.829,5.662,2.273,6.837,3.829,6.237,5.42,4.581,1.96,6.351,4.063,3.895,7.294,9.123,4.251,7.637,8.299,7.219,4.114,6.477,8.371,4.695,5.158,7.618,5.43,7.043,7.07,5.569,3.439,2.467,8.554,5.792,4.859,6.967,6.895,7.092,7.634,5.653,5.139,2.746,5.754,7.326,4.955,7.741,7.73,7.609,7.597,8.208,3.625,3.431,4.841,7.427,9.291,7.429,8.692,6.893,7.005,5.873,10.713,6.82,6.693,5.541,5.815,4.525,4.468,3.952,6.65,3.693,7.113,6.336,4.462,5.224,9.576,5.118,3.871,4.816,4.543,6.201,5.69,6.711,7.376,3.778,6.456,7.344,7.476,6.427,5.776,4.79,5.576,5.958,4.803,6.126,5.001,3.968,6.463,5.966,6.224,4.085,6.116,4.892,7.527,4.08,1.652,4.428,6.84,10.241,6.859,6.413,9.631,6.337,2.812,7.129,3.081,4.664,5.546,5.633,5.351,6.37
TRI-188,8.275,8.812,2.644,4.449,7.026,7.717,7.381,5.511,6.945,5.451,5.811,7.66,7.332,3.661,5.494,5.644,3.572,4.112,4.226,3.758,6.028,6.974,7.899,5.875,3.08,4.03,7.357,4.26,4.358,8.842,5.346,3.591,6.975,5.182,6.113,6.108,3.997,7.245,9.937,5.701,5.089,6.393,5.177,3.743,4.692,7.449,8.39,5.576,5.012,5.987,5.621,6.534,8.843,5.28,5.094,10.188,8.47,6.26,7.688,6.165,7.908,4.203,8.011,6.727,7.903,6.083,8.237,4.231,6.301,5.993,8.127,4.383,4.968,4.817,5.799,4.14,5.447,4.323,5.332,5.05,2.764,6.572,5.855,8.156,6.519,4.151,5.391,7.243,6.318,6.15,4.688,7.309,3.91,4.522,7.906,8.045,5.967,5.798,7.154,6.067,6.574,4.569,5.301,4.919,7.725,6.136,6.48,6.725,9.226,5.27,5.61,5.231,5.079,6.72,4.379,5.921,5.279,7.762,5.267,9.531,6.909,5.792,7.211,5.891,4.045,4.9,4.63,4.579,3.7,7.625,5.409,4.638,6.675,1.703,6.664,4.791,3.535,5.67,5.958,6.073,6.028,7.448,7.26,7.018,4.319,2.524,3.658,7.369,7.493,6.693,6.969,6.259,6.763,3.826,6.774,6.687,7.556,5.91,7.133,2.327,7.561,4.675,4.934,4.956,9.673,3.957,5.124,4.264,7.275,5.246,5.78,3.39,7.573,3.943,2.899,5.062,6.197,6.293,4.415,6.563,5.836,4.937,9.188,7.159,9.348,5.639,7.151,7.106,8.287,5.82,7.205,4.873,6.38,4.59,7.627,4.908,3.889,5.993,8.576,8.253,7.65,3.861,8.537,6.233,3.828,4.794,8.229,5.824,6.118,7.107,6.22,4.757,7.198,5.503,6.112,4.34,3.967,6.507,4.993,6.884,5.688,3.971,4.397,5.079,6.517,7.331,2.488,6.193,5.868,7.336,5.888,6.265,5.14,6.592,7.569,5.898,8.297,6.777,6.149,3.882,3.209,7.579,9.152,6.562,2.766,4.575,5.559,6.81,6.053,7.726,7.39,5.425,7.637,5.775,6.543,3.49,9.982,8.702,6.486,4.486,9.973,5.105,5.784,8.608,4.509,8.297,7.673,8.14,7.554,7.448,4.638,5.471,6.925,5.84,3.036,4.751,3.905,4.175,9.258,7.253,5.498,5.841,7.192,6.424,8.592,4.855,9.962,6.496,3.981,7.185,6.296,5.568,6.125,5.197,5.21,4.189,5.785,5.832,4.838,9.193
TRI-189,5.934,5.598,4.845,5.354,8.788,7.803,3.744,5.204,6.68,10.291,4.558,3.824,4.514,6.39,7.304,6.949,7.015,5.599,5.106,6.698,6.015,9.17,4.548,6.466,7.136,6.965,7.55,6.783,5.649,5.505,6.761,6.947,6.33,2.92,4.346,3.832,5.123,6.504,6.758,5.954,6.123,5.043,3.02,6.675,3.633,8.309,6.654,5.619,6.483,3.746,3.898,5.195,3.739,7.608,5.707,6.549,8.757,2.421,5.676,6.482,6.128,5.953,7.338,6.595,7.124,6.345,6.28,5.803,7.44,7.065,6.484,7.262,6.893,5.264,5.634,6.62,6.179,4.63,6.189,5.454,6.004,5.479,4.255,8.274,5.987,5.818,8.449,4.644,3.783,4.325,8.119,6.603,5.457,7.626,5.921,6.271,9.064,6.745,9.255,4.805,5.193,4.341,6.592,6.505,6.604,6.567,7.154,5.516,7.11,8.129,4.832,4.869,6.206,6.447,7.834,3.454,4.645,6.965,4.319,8.624,6.27,4.829,6.425,7.052,8.186,2.584,3.796,6.989,6.794,5.936,8.186,6.78,7.48,3.613,7.545,7.423,3.963,9.878,5.848,5.879,6.636,7.553,4.905,5.442,5.228,2.063,4.532,6.038,4.659,4.981,6.87,6.6,5.45,7.77,5.781,6.454,7.982,5.742,4.354,5.491,5.665,3.414,6.601,5.018,5.069,4.936,4.661,4.945,7.09,6.764,5.885,6.168,5.897,4.549,10.405,5.19,5.439,3.256,9.912,4.448,7.172,5.666,10.893,6.361,5.81,6.214,5.133,5.467,7.754,6.143,3.871,6.546,5.771,8.169,7.142,3.973,3.093,6.066,5.884,6.02,4.825,5.191,7.021,5.824,5.999,7.131,5.723,3.575,3.074,4.041,4.476,4.164,7.577,5.535,6.471,4.761,6.488,5.853,6.513,2.393,5.759,4.35,4.564,5.167,5.992,9.894,7.163,5.755,5.902,7.077,6.738,7.02,3.219,7.852,3.554,6.158,8.098,6.832,6.914,7.076,4.224,5.638,4.139,4.37,5.513,5.997,6.92,2.176,5.705,0.672,4.78,5.36,7.522,5.356,5.127,5.577,7.017,4.962,8.046,6.953,6.452,8.549,8.188,5.71,3.661,2.385,8.625,7.139,4.688,4.201,3.908,6.786,7.001,7.368,5.156,4.787,5.21,6.541,4.578,4.605,5.757,7.627,4.694,7.659,6.462,5.437,4.692,6.081,6.478,7.607,5.038,4.454,6.647,6.733,3.97,3.523,6.51,6.606,7.539,6.971
TRI-190,7.324,4.695,11.428,3.796,6.494,6.123,5.258,2.846,4.352,6.52,4.591,6.871,8.655,7.443,11.169,5.662,8.514,5.676,2.985,7.956,7.767,4.453,7.194,4.693,7.905,6.553,6.547,8.274,7.568,5.081,6.768,6.587,10.662,8.82,5.928,6.374,5.544,4.74,6.028,5.546,7.467,8.149,5.054,6.927,7.771,5.012,6.802,5.29,5.275,5.866,4.04,7.568,5.667,5.519,7.799,9.217,6.712,7.129,3.334,7.824,4.924,5.187,10.305,6.48,4.56,6.505,4.388,3.924,6.455,8.978,8.019,5.911,5.596,6.248,5.171,7.371,4.731,5.464,5.04,5.283,7.796,4.831,6.101,4.756,7.162,2.818,4.761,2.676,6.136,3.525,5.225,6.04,4.801,5.852,6.425,2.621,7.138,7.414,4.164,7.357,5.281,6.658,4.754,6.594,4.915,8.342,4.853,7.709,6.112,8.153,7.065,6.048,4.8,5.774,6.1,6.008,3.509,7.216,5.903,7.777,6.367,9.499,5.335,7.371,4.971,7.055,5.917,7.347,8.027,7.782,6.795,5.743,8.414,6.745,5.142,5.391,5.216,4.644,7.6,9.032,6.321,7.558,4.287,3.582,4.685,5.493,4.422,3.392,7.759,6.073,5.644,8.608,8.982,4.667,8.857,8.062,4.552,5.921,4.748,6.122,6.939,7.006,3.515,7.684,6.648,6.068,7.339,7.45,6.25,7.422,6.742,8.571,2.458,6.533,4.608,6.446,7.066,5.915,5.988,3.001,6.977,10.252,8.076,6.179,7.231,6.849,5.344,6.355,5.926,6.366,3.691,9.839,3.356,7.579,6.473,1.932,9.124,5.494,4.568,5.499,5.4,7.89,8.547,4.65,6.385,6.014,6.713,2.79,6.244,8.461,8.925,7.176,5.357,7.626,5.481,7.959,6.788,3.852,5.039,7.628,4.859,4.239,5.593,5.642,3.785,5.228,5.394,4.039,6.886,4.919,5.063,6.89,4.541,6.183,6.71,6.646,8.47,8.924,5.691,7.369,5.459,4.51,9.204,6.185,8.138,5.173,8.218,5.185,6.438,5.505,1.737,5.738,3.538,4.798,8.216,9.087,6.039,7.81,7.994,6.675,9.179,3.545,4.675,7.212,9.776,5.997,3.791,7.167,6.125,2.773,6.238,5.659,6.687,5.366,4.552,3.214,4.573,3.504,5.714,6.834,9.079,5.605,2.211,9.542,7.918,6.344,4.157,6.568,5.045,9.345,5.877,6.315,5.791,6.314,8.328,6.068,4.307,6.442,5.829,6.413
TRI-191,3.332,4.686,7.564,8.3,7.094,5.738,3.135,8.887,10.167,7.924,7.046,4.795,3.557,5.606,6.352,8.165,5.174,5.206,5.438,5.68,4.998,9.031,8.684,6.877,5.306,5.726,7.063,9.019,4.059,6.623,5.566,10.395,8.784,5.278,5.8,7.262,6.349,5.839,7.15,7.643,3.68,3.759,4.43,7.353,5.761,4.689,2.866,5.772,5.601,3.658,6.227,6.176,7.05,3.527,3.468,10.617,6.355,4.853,5.25,5.553,1.656,5.784,7.563,5.381,6.396,4.777,7.829,5.213,6.573,3.153,3.523,5.221,7.237,7.664,4.088,7.115,4.264,5.369,5.501,8.329,5.993,4.02,5.085,9.147,5.847,5.307,4.108,3.929,4.167,4.561,8.196,6.099,5.798,8.799,5.501,4.337,6.089,3.993,7.745,7.976,1.588,4.633,3.755,5.305,5.266,8.173,5.877,6.165,6.962,8.965,4.691,2.842,7.469,4.457,6.126,6.109,6.811,4.128,7.177,3.134,8.246,5.891,4.38,1.078,4.438,2.62,3.508,7.502,7.072,4.748,7.417,4.621,5.982,6.658,6.153,5.541,6.683,5.013,6.635,6.35,4.76,5.418,4.214,8.373,6.004,5.357,5.776,6.631,6.556,5.025,6.091,6.565,4.333,7.244,6.562,5.227,6.359,4.322,8.617,5.09,6.506,5.723,8.144,7.117,5.138,6.645,3.992,8.732,5.216,6.146,9.598,6.946,7.642,7.942,10.696,4.757,5.604,3.519,7.907,7.408,2.61,6.169,5.928,5.79,6.466,7.522,6.229,6.815,9.48,4.065,5.443,8.253,4.174,3.94,8.12,6.062,4.727,2.886,4.865,5.667,4.642,4.72,4.603,5.856,4.841,7.5,6.666,9.491,7.848,6.492,6.201,10.027,1.672,5.881,8.6,5.233,6.268,6.336,5.176,7.663,6.132,7.021,6.849,4.621,4.948,6.519,6.36,7.946,6.624,7.158,4.532,6.593,7.047,3.587,5.5,3.035,7.131,7.527,5.651,3.892,6.424,8.118,6.284,5.52,5.653,7.093,6.401,7.399,4.731,4.894,6.838,7.661,6.577,5.262,3.808,4.094,3.327,5.914,6.183,6.039,7.942,7.788,5.526,5.196,6.763,6.342,3.311,6.278,5.165,4.789,3.06,5.189,8.857,8.391,4.383,3.685,3.501,5.74,3.903,7.834,5.889,4.752,4.194,5.015,7.492,6.114,6.349,6.746,6.864,6.234,6.479,6.121,2.8,6.383,4.685,6.384,8.664,4.892,8.091,2.931
TRI-192,5.19,6.944,6.257,7.504,6.426,8.31,5.218,4.936,5.142,0,5.702,8.457,5.614,5.578,2.757,5.144,5.201,6.217,6.642,7.973,6.655,3.809,3.896,6.749,3.96,6.185,5.319,9.141,4.141,2.007,8.687,5.431,3.667,5.473,3.721,6.83,6.93,6.599,7.951,6.9,4.788,5.72,6.297,8.281,7.809,3.995,6.023,4.003,7.274,5.935,9.081,6.815,6.722,5.153,4.454,6.164,8.419,4.554,5.711,4.653,5.197,5.365,6.721,5.831,2.105,5.764,4.563,8.577,4.253,3.679,6.786,6.759,4.692,7.92,7.486,4.547,6.098,6.564,3.652,6.404,7.446,4.658,3.849,2.009,7.306,7.11,3.6,8.093,4.781,5.446,4.776,6.446,7.708,5.392,6.527,4.48,9.498,2.694,7.757,5.15,5.404,4.531,8.924,4.459,5.009,6.116,5.007,3.538,7.301,4.993,7.712,5.897,8.45,6.899,8.116,3.367,7.984,5.105,7.946,7.234,6.896,4.285,6.174,5.491,5.828,8.329,6.156,4.933,3.341,5.783,6.082,6.506,9.035,5.103,5.679,6.492,5.368,5.965,4.514,6.59,4.097,7.77,3.701,8.176,5.067,5.291,3.42,5.188,6.639,6.832,4.443,6.32,4.164,6.108,5.898,6.245,5.753,6.351,5.379,7.092,5.411,6.993,4.957,4.328,1.815,4.623,6.154,7.682,5.189,4.237,11.375,9.106,9.395,4.329,4.795,5.085,6.226,2.656,3.484,8.54,8.951,7.189,5.947,2.916,4.034,5.081,5.964,5.039,10.004,8.879,7.738,7.054,5.186,5.606,8.168,6.498,5.603,3.611,7.966,6.145,4.081,5.725,5.723,6.075,6.221,4.556,6.251,8.339,6.79,2.443,4.805,6.538,4.263,4.691,4.255,4.011,4.594,4.992,5.848,7.67,6.443,7.325,7.332,8.967,7.481,3.78,8.377,9.187,5.877,8.794,10.824,4.508,6.628,5.382,8.862,6.456,5.09,6.202,8.098,6.798,6.23,4.789,2.2,8.346,7.602,5.471,3.412,5.122,7.495,3.712,5.935,7.789,6.272,9.573,5.847,7.141,5.145,8.014,4.666,7.435,5.867,3.302,4.804,5.095,6.212,5.762,6.648,6.247,7.446,6.546,6.417,5.159,7.732,4.307,7.297,4.022,4.069,2.592,4.051,7.796,5.243,4.702,4.538,3.493,6.018,4.7,7.304,6.384,7.062,3.361,6.602,4.736,4.754,3.97,3.887,6.888,7.142,5.179,6.924,6.239
TRI-193,9.807,8.575,7.108,3.345,4.354,6.224,4.917,6.736,7.023,10.035,4.966,8.261,6.556,7.053,5.707,5.166,4.806,7.384,8.112,6.229,5.209,7.163,5.11,6.514,7.787,6.079,6.087,4.627,2.274,4.397,3.51,8.045,7.306,7.242,6.159,3.44,7.874,5.405,8.167,6.977,3.862,3.558,4.525,5.058,6.905,3.8,3.804,4.922,4.507,5.824,5.388,4.171,4.344,4.172,7.344,6.95,7.967,6.154,7.901,6.642,7.211,6.511,5.788,5.291,6.355,9.483,8.407,5.439,7.71,7.593,6.238,3.82,1.354,6.005,4.941,5.804,6.902,7.442,8.714,6.401,7.047,9.329,6.245,9.478,6.842,4.597,5.379,7.279,6.856,4.671,4.262,5.486,7.33,6.269,2.126,5.297,7.312,3.238,5.714,6.947,4.888,7.539,6.191,6.736,7.824,7.353,7.299,5.43,6.04,7.242,4.007,9.039,6.787,9.89,4.37,4.067,5.613,2.294,6.532,5.254,4.859,7.48,3.653,7.75,7.99,4.572,6.803,3.851,8.258,4.342,6.811,5.455,4.143,7.566,6.271,6.014,6.942,3.719,5.404,3.976,4.779,4.117,7.417,4.677,7.231,5.962,7.997,6.959,7.334,5.047,7.596,8.959,5.438,6.954,3.119,5.57,5.702,6.324,2.876,6.972,5.564,7.761,7.759,9.686,5.999,5.096,8.347,7.807,6.329,7.36,7.758,4.193,6.006,4.813,7.768,3.869,4.585,4.194,4.683,5.597,5.544,7.197,3.613,7.996,6.573,8.088,5.788,5.317,7.597,7.664,4.66,4.642,5.535,6.691,3.968,6.302,5.309,6.238,7.092,7.128,5.341,8.313,4.624,3.546,6.027,5.195,5.594,5.4,5.478,5.586,6.748,7.827,5.145,8.304,1.905,5.672,6.222,7.73,4.427,5.708,6.541,4.201,5.356,5.865,6.649,7.902,7.052,4.014,4.616,10.469,5.523,7.464,6.852,6.705,3.308,5.518,9.032,5.934,7.06,6.146,5.472,6.661,8.209,5.948,5.689,8.977,7.232,4.99,4.552,6.191,8.194,8.433,7.676,5.993,6.618,3.918,5.212,5.183,5.454,7.171,7.395,5.304,5.855,7.677,4.156,6.429,4.566,2.606,7.871,6.044,4.081,6.131,6.974,8.361,9.292,7.29,3.678,4.588,6.881,5.985,6.803,7.27,7.307,7.475,8.689,4.547,7.824,5.423,6.116,1.737,5.789,9.276,9.07,6.748,4.442,6.156,4.749,6.5,4.477,7.402
TRI-194,7.901,3.316,4.588,6.811,5.365,8.356,5.459,4.147,5.509,6.611,6.538,8.371,7.156,3.77,4.681,4.895,6.433,6.195,6.32,6.738,5.78,3.816,5.476,7.614,4.46,7.179,5.557,4.643,4.921,4.168,7.772,10.152,4.011,4.035,6.178,8.291,5.936,6.443,3.302,7.649,6.186,7.198,7.131,7.944,8.399,6.5,4.247,2.671,5.759,5.958,5.72,4.374,5.955,5.849,7.479,7.883,7.198,7.084,6.753,7.539,5.288,3.688,5.805,4.985,6.615,7.53,7.998,7.204,6.907,4.326,5.296,3.423,5.493,7.528,5.525,7.248,5.88,5.018,6.306,4.434,7.907,10.444,3.455,4.543,3.422,3.936,6.295,8.302,6.127,6.97,5.098,5.49,3.014,4.562,5.158,8.199,6.843,5.679,4.741,6.247,8.622,3.589,7.874,6.206,8.155,4.395,6.575,6.48,8.093,5.748,7.833,5.378,5.496,5.158,6.022,5.993,7.129,4.663,5.145,4.853,4.666,1.808,7.715,5.276,6.484,5.605,6.594,7.45,10.848,9.17,3.157,5.451,6.545,10.32,3.951,6.641,7.373,2.189,8.193,4.91,8.762,7.805,6.173,6.527,4.96,5.906,5.661,4.314,8.087,4.305,5.061,6.625,6.064,4.16,2.751,5.517,8.544,6.01,7.862,8.45,6.407,7.942,4.682,8.776,7.146,6.258,8.709,7.564,1.801,5.257,8.583,8.214,8.084,5.847,5.37,2.714,5.184,8.343,5.614,3.446,6.897,4.538,7.127,3.131,4.534,8.38,6.417,5.731,4.954,2.255,6.954,5.023,7.523,4.157,5.969,5.024,4.02,7.141,6.013,7.18,3.442,7.03,5.69,7.62,7.629,6.726,3.433,7.704,3.808,4.919,7.956,7.875,7.267,4.202,9.088,6.384,7.854,6.915,3.978,4.808,5.963,6.101,2.048,4.624,5.12,9.977,3.775,4.7,5.707,4.609,4.802,8.48,4.016,5.63,6.231,4.946,4.509,6.143,7.001,7.005,3.926,6.332,5.266,7.924,5.411,7.098,4.817,4.6,6.304,5.405,3.443,7.738,7.317,5.859,5.774,4.178,5.887,6.703,3.459,7.797,7.432,6.32,4.022,5.236,4.383,6.54,3.771,6.774,8.481,3.659,8.586,5.245,4.9,5.458,7.771,7.808,6.652,9.159,5.898,7.73,6.061,8.92,4.533,6.792,5.618,3.534,5.622,5.883,5.5,4.672,7.515,2.058,1.994,9.469,5.982,8.73,8.423,6.664,5.275,7.935
TRI-195,6.391,3.946,6.214,6.619,3.935,7.185,6.408,6.434,5.311,4.075,4.278,4.201,5.781,6.646,5.785,6.999,3.969,2.851,10.468,6.935,6.839,2.349,7.965,5.237,6.263,5.555,5.87,9.15,6.993,5.408,5.379,8.796,7.619,4.876,6.257,7.041,5.725,4.363,6.279,6.616,6.442,6.82,5.275,6.178,4.384,6.441,5.443,4.226,7.48,7.526,2.644,3.933,4.649,6.422,7.003,5.339,7.789,5.83,3.828,3.828,7.746,5.36,9.892,7.073,4.747,6.508,6.14,9.68,5.059,5.419,1.077,9.02,9.244,7.14,5.115,8.523,6.655,4.617,5.482,4.937,5.048,6.025,8.266,7.298,5.974,5.711,6.645,7.304,6.051,3.926,7.582,5.733,4.901,7.301,5.718,6.226,5.403,3.943,2.806,5.718,4.541,6.587,3.17,3.38,5.815,1.032,4.668,6.742,8.255,7.652,2.296,5.812,5.928,6.949,6.619,7.67,8.178,6.104,5.31,6.555,3.763,7.214,5.661,5.161,5.533,5.765,7.217,3.991,5.522,5.277,4.762,7.74,6.553,4.73,4.84,6.486,6.204,4.817,4.722,5.11,6.167,5.582,4.452,4.245,8.099,8.624,9.716,6.838,5.762,6.553,4.662,6.427,7.69,5.849,7.165,8.231,6.159,3.142,5.728,5.905,3.285,5.107,6.904,3.006,6.181,3.532,8.804,4.942,7.271,7.716,5.688,6.792,4.017,6.077,6.613,7.385,7.368,5.163,5.518,9.019,5.488,4.109,6.891,6.724,5.46,4.627,4.579,3.305,5.544,3.254,5.092,5.996,7.78,5.711,7.184,6.473,4.096,3.869,7.619,5.212,6.561,9.201,1.823,7.945,8.014,8.031,2.674,8.635,7.488,7.044,5.686,4.367,4.514,6.372,6.079,6.032,5.034,5.005,4.318,8.46,8.69,6.837,8.17,5.978,5.987,5.593,6.185,2.226,8.548,6.044,5.964,6.885,3.556,7.672,3.942,5.658,7.183,6.024,4.579,9.053,6.493,7.967,8.663,7.027,6.498,3.964,4.246,7.784,6.504,6.102,4.394,4.004,7.154,6.908,5.762,9.167,4.28,5.103,5.341,6.647,7.509,9.605,8.075,5.698,3.167,6.346,7.57,4.832,3.565,5.822,3.287,9.983,5.352,3.864,5.986,6.953,8.264,6.585,5.465,4.656,4.402,7.757,5.173,4.586,7.348,2.499,7.6,5.928,7.397,3.978,6.947,6.492,4.306,3.166,4.146,6.139,4.771,4.526,4.054,7.197
TRI-196,4.818,4.435,6.696,5.62,6.729,10.122,6.174,6.374,3.959,7.793,5.481,7.33,3.468,6.467,6.317,7.355,5.127,5.372,5.358,6.396,4.807,8.391,5.634,8.238,5.577,7.04,5.033,5.501,5.403,5.872,7.87,8.292,5.357,4.069,3.808,7.885,4.724,6.522,7.321,4.827,6.243,7.057,4.48,5.269,5.741,5.322,5.4,4.018,6.972,5.897,4.709,8.106,6.149,4.768,7.521,6.459,4.595,5.239,7.125,4.833,9.839,6.217,5.324,6.499,7.004,5.274,1.202,5.272,5.27,5.505,9.398,3.795,4.947,5.235,4.018,6.988,1.909,6.187,4.611,7.417,5.682,7.947,3.881,4.338,7.036,7.187,6.499,4.14,4.024,2.271,7.155,9.136,5.492,4.765,4.682,4.314,2.513,1.896,7.615,9.908,5.47,6.808,8.195,7.213,4.16,3.242,4.28,3.712,6.219,5.792,4.016,5.367,9.012,5.246,6.915,5.79,6.969,3.562,9.095,4.591,5.537,6.223,9.178,5.577,4.613,6.427,4.954,4.755,1.606,6.991,6.47,7.802,6.608,7.839,4.983,6.226,8.84,6.619,6.939,8.783,8.657,8.441,4.925,5.216,8.417,7.165,6.079,5.45,6.61,4.584,5.52,5.585,4.791,5.812,7.944,3.878,8.841,5.245,8.212,5.246,6.206,7.141,7.909,6.089,3.158,5.939,5.182,7.835,5.986,4.101,7.38,5.786,7.815,5.433,7.34,5.598,7.584,3.178,6.505,7.137,5.224,9.212,4.043,5.897,3.98,8.678,6.243,4.92,5.908,6.476,7.819,6.719,9.474,8.723,7.088,4.808,5.769,4.205,4.683,3.249,8.597,3.801,6.487,5.222,6.66,7.07,5.257,7.572,7.867,6.324,2.186,5.879,7.03,4.9,3.366,2.59,5.028,7.279,4.251,8.962,6.641,5.315,8.26,3.515,4.79,8.168,2.841,9.181,5.199,7.148,7.62,6.772,3.313,6.545,7.648,5.41,6.348,6.452,5.513,2.989,5.938,10.145,4.041,4.851,5.137,8.197,4.641,6.397,4.696,4.586,6.315,6.653,6.744,6.13,6.957,5.053,6.246,5.015,5.363,5.808,5.621,8.433,6.66,6.275,5.221,7.127,6.454,5.986,5.259,7.857,6.951,4.651,3.595,3.049,8.017,4.841,8.766,6.891,6.388,5.548,3.146,6.574,5.132,7.957,7.272,5.832,5.21,5.544,5.939,4.6,5.218,6.984,6.413,5.69,8.018,6.398,8.149,5.604,1.011,5.956
TRI-197,8.059,5.199,8.254,4.977,6.107,7.875,7.268,3.163,6.296,2.781,5.128,3.516,8.367,4.078,4.666,4.637,9.219,6.026,5.452,4.878,4.956,5.595,7.777,7.597,4.61,4.513,4.553,3.653,5.433,5.925,4.331,5.061,4.295,5.571,5.814,5.646,7.975,7.152,6.33,7.654,7.192,6.66,6.666,6.834,3.967,4.154,4.202,5.601,5.302,7.711,6.911,8.64,6.668,6.995,8.532,7.077,5.77,7.221,5.968,7.03,4.033,3.749,7.679,5.629,6.781,5.051,5.251,6.715,6.715,8.476,3.602,7.354,5.12,8.688,5.295,7.942,6.124,3.033,5.757,3.698,6.509,3.652,3.403,5.693,6.332,4.84,9.474,5.082,3.574,9.091,3.797,8.755,8.2,3.242,8.734,6.906,8.181,5.359,6.707,3.145,7.864,5.336,7.745,3.884,5.417,5.262,6.822,4.479,6.783,6.396,7.693,7.168,7.01,5.972,8.462,8.132,4.495,7.952,7.546,3.691,5.429,4.579,7.295,8.567,6.069,8.318,4.735,6.012,5.058,5.259,5.415,5.216,6.928,7.833,6.602,8.674,6.574,6.557,4.072,3.584,4.915,5.183,6.066,7.059,7.946,4.724,6.439,6.076,5.219,2.857,3.251,4.853,4.15,7.522,5.877,4.543,4.265,2.738,7.143,6.719,6.088,6.35,4.519,5.421,4.227,4.606,8.209,6.239,0.769,6.684,5.754,5.473,7.018,5.973,9.199,6.602,5.959,7.003,5.099,5.475,5.692,5.257,6.839,4.169,3.306,7.459,5.214,8.33,5.028,2.902,6.99,6.74,6.466,4.424,4.49,5.029,6.302,4.015,4.616,5.305,5.058,7.728,3.337,7.071,8.48,3.47,5.819,4.993,4.199,3.999,5.523,4.743,8.787,6.475,5.739,4.654,4.26,7.099,7.914,3.217,4.328,8.431,5.941,5.784,4.959,7.945,4.075,4.931,4.805,5.006,3.37,5.254,8.93,9.258,4.403,8.176,7.158,7.319,6.672,5.764,3.008,5.566,8.021,6.659,4.217,6.78,6.083,3.728,3.798,6.875,8.761,5.298,6.138,6.743,5.536,4.806,5.186,4.955,5.96,2.045,3.164,7.852,3.132,3.611,5.413,9.041,6.508,3.844,6.698,5.703,5.965,5.79,3.385,8.357,4.123,3.617,5.343,5.531,6.691,4.416,7.554,6.216,7.384,6.654,9.782,7.542,3.627,4.042,4.918,5.259,5.693,7.47,5.761,6.843,9.804,0.82,9.917,6.955,3.752,4.38
TRI-198,4.246,8.072,6.802,4.666,7.013,8.379,8.043,4.532,6.545,7.743,5.589,7.369,5.57,3.189,3.966,6.753,6.504,7.841,6.096,6.364,2.54,5.382,5.257,6.837,7.296,7.164,6.35,4.803,5.473,4.509,6.081,6.649,5.824,3.209,5.176,6.692,6.909,2.852,5.703,4.457,2.308,5.536,8.508,4.755,3.725,5.163,2.512,7.225,8.674,6.078,4.14,8.362,6.136,7.052,3.687,5.042,7.807,4.279,3.392,6.702,6.652,8.057,4.52,6.208,6.578,7.381,9.142,3.661,3.304,5.479,2.674,6.619,5.334,4.847,3.067,4.574,6.072,7.252,6.859,7.629,6.593,5.014,7.388,5.952,6.006,3.435,6.879,7.487,7.105,4.683,5.679,5.589,5.926,7.335,1.792,8.361,5.06,9.396,6.942,7.978,2.264,5.395,4.737,2.866,5.324,3.723,7.594,7.043,6.486,8.989,5.158,4.852,9.062,6.182,5.025,6.932,4.524,6.522,9.286,5.005,5.529,6.658,3.511,6.923,7.642,7.831,7.7,3.596,5.802,4.418,7.14,7.526,10.048,6.06,9.994,3.124,5.25,6.201,4.573,4.624,2.531,5.524,6.144,6.814,7.709,3.189,5.238,4.876,5.095,2.986,5.165,3.5,3.892,5.669,6.563,6.17,5.285,4.855,4.633,5.779,4.821,8.284,6.268,2.995,5.959,4.413,9.96,4.051,3.89,5.47,6.917,5.404,6.868,5.152,7.22,6.311,4.128,9.264,8.28,5.174,7.421,3.728,8.592,8.553,6.022,6.244,8.565,6.623,4.728,6.713,3.325,8.665,5.624,6.149,5.996,7.737,4.811,6.146,5.23,4.888,6.559,1.736,5.283,7.728,5.989,1.676,4.978,6.638,6.06,2.59,6.37,5.287,3.704,9.835,3.638,6.298,7.466,7.052,4.891,4.036,9.007,6.171,4.57,5.54,7.168,6.075,5.827,6.731,8.021,7.094,7.849,4.548,3.953,7.766,4.282,5.253,6.545,4.3,7.559,4.446,3.557,8.414,3.417,6.935,8.674,4.143,5.64,6.382,4.626,8.087,1.83,6.241,5.367,4.322,8.213,6.242,5.761,3.864,7.823,5.451,5.377,3.304,6.018,6.485,5.785,7.497,4.121,6.463,4.526,6.214,1.526,8.06,7.724,6.494,4.343,7.919,7.167,6.611,5.91,7.86,7.22,4.105,4.515,6.13,8.937,4.398,7.117,8.119,3.829,4.873,5.68,4.205,4.683,4.54,9.22,7.235,6.079,6.701,5.058,5.852
TRI-199,7.204,4.573,7.311,6.565,5.0,4.472,4.259,8.567,5.2,5.781,8.209,4.839,2.404,5.576,5.818,5.532,5.434,4.229,5.239,5.769,8.258,8.584,6.369,5.293,5.878,8.879,6.661,7.167,6.933,5.102,4.897,3.157,7.101,5.147,3.578,6.476,6.843,3.904,7.574,3.74,7.532,6.378,5.138,5.325,7.404,5.753,5.363,5.26,7.578,6.345,2.361,7.317,6.506,4.376,5.568,5.22,5.648,7.488,7.006,3.607,5.689,6.821,4.439,6.302,3.964,5.371,7.333,7.558,6.721,5.113,11.805,7.401,8.911,7.258,7.727,9.659,7.03,5.664,5.024,6.732,5.581,7.815,4.99,7.342,7.202,5.109,2.37,5.135,6.3,7.13,4.642,4.592,5.597,7.279,5.545,4.272,5.773,3.736,4.659,5.54,8.74,4.735,6.833,7.226,5.37,6.89,8.488,5.146,5.402,3.549,6.718,7.754,4.014,4.38,7.867,6.913,5.176,4.6,5.11,3.232,7.035,3.628,9.473,8.399,5.563,5.747,1.629,3.172,7.801,8.484,5.423,5.413,8.204,5.67,5.838,7.256,6.499,6.389,8.604,8.499,7.536,5.993,3.635,3.567,6.772,4.471,5.664,4.433,4.997,6.564,7.034,5.561,5.585,8.166,6.532,7.382,3.885,5.229,4.788,6.536,7.008,3.967,5.913,6.233,10.212,6.511,5.708,7.692,9.544,5.02,4.645,4.98,11.405,6.209,7.284,6.681,6.421,4.976,6.778,5.308,5.955,8.96,4.852,5.648,5.908,7.797,5.853,7.819,8.824,6.46,4.65,3.177,7.682,8.021,6.201,3.659,5.747,5.645,4.533,6.578,4.953,6.125,4.973,5.769,6.22,4.585,5.959,8.013,7.087,5.444,3.529,5.118,3.614,7.604,2.98,4.453,5.911,4.884,7.079,9.184,5.306,4.937,7.492,4.187,7.446,8.95,6.112,7.679,4.99,7.005,6.829,3.185,6.326,6.387,3.109,1.96,5.962,3.479,5.848,5.591,4.748,4.784,7.029,6.514,5.602,7.308,7.056,9.753,5.378,8.018,7.133,4.481,5.708,5.113,5.248,5.867,4.21,0,6.747,6.107,4.201,8.256,7.08,4.125,7.967,4.663,4.687,7.09,6.203,8.814,5.101,6.389,5.157,9.014,4.923,3.667,7.907,8.98,6.0,7.277,2.773,3.519,7.874,2.943,6.281,6.744,8.248,4.122,3.301,6.37,7.832,7.872,7.146,3.909,4.456,5.99,6.323,2.952,10.159,6.61
TRI-200,0.681,6.498,6.884,8.558,4.921,4.517,5.254,8.79,6.316,7.09,4.205,8.505,7.437,7.935,4.936,4.425,4.677,3.68,3.329,4.396,4.879,6.628,7.137,5.009,6.242,4.304,6.708,7.576,9.055,5.396,6.797,8.442,4.784,6.623,4.688,4.707,3.316,7.285,5.596,7.387,5.857,4.442,4.141,5.106,4.147,4.312,6.667,7.029,5.418,5.693,8.56,8.753,7.308,5.97,6.337,4.121,6.13,5.98,6.137,8.023,8.935,3.498,4.484,5.53,3.466,5.835,6.711,6.583,7.483,6.189,4.492,3.913,7.454,4.631,6.435,5.623,6.338,5.21,7.909,6.702,7.581,6.493,5.501,6.297,7.183,5.063,6.934,5.368,8.037,4.004,5.132,3.42,8.08,9.818,8.168,5.743,5.754,5.154,6.063,5.756,7.806,2.497,6.408,7.285,2.456,6.625,8.042,7.423,7.055,6.841,7.716,6.445,6.512,9.311,6.585,7.016,4.101,4.096,6.754,6.126,5.484,6.276,3.946,4.498,5.543,6.735,4.928,4.626,4.952,5.211,7.401,6.998,5.595,5.981,4.707,2.253,4.871,5.345,5.235,3.94,6.749,4.14,5.138,6.357,5.764,8.322,8.628,7.667,3.719,5.325,6.584,6.148,6.539,5.874,3.918,10.461,6.238,5.965,7.527,5.798,2.825,6.544,6.796,2.975,4.863,5.078,6.023,4.827,7.145,6.072,5.433,5.235,7.445,5.573,10.917,8.255,4.635,7.806,6.917,4.781,5.711,7.234,6.359,6.236,5.687,6.738,4.95,1.88,7.718,8.215,2.865,5.089,2.656,4.511,4.344,7.567,6.019,4.508,7.189,7.665,6.325,7.938,3.844,4.273,7.437,4.941,6.251,11.461,6.822,6.931,4.091,4.78,5.384,8.029,5.427,7.199,5.541,3.375,4.444,8.011,6.625,1.693,3.413,5.739,6.479,6.317,10.165,6.323,7.407,6.165,5.086,5.917,5.877,8.204,8.339,7.82,4.468,7.532,5.029,7.658,3.997,5.452,6.57,5.535,6.437,2.969,5.244,6.291,5.527,3.057,6.873,4.962,3.504,7.398,7.337,7.829,4.964,6.74,3.115,9.499,2.211,5.058,5.621,5.941,6.967,4.162,2.915,5.925,5.534,7.812,7.341,7.66,6.02,2.774,6.217,4.93,6.104,6.818,7.246,6.098,7.33,5.783,3.095,5.895,5.865,5.318,8.806,3.197,8.728,4.91,5.102,8.237,6.311,7.824,6.495,8.509,6.11,6.505,4.992,5.279
TRI-201,6.417,9.713,7.358,6.89,3.755,4.135,5.077,4.922,4.15,4.182,8.302,7.533,6.015,7.985,5.721,7.459,4.519,1.468,6.934,7.849,5.355,7.31,5.754,6.668,6.391,4.79,6.274,6.62,4.503,5.225,6.883,9.386,6.614,4.548,6.399,4.426,5.965,10.343,6.336,7.844,6.325,5.304,10.907,5.021,5.456,4.681,4.836,7.695,6.313,4.325,4.513,4.552,6.514,7.351,6.505,6.779,6.198,7.5,6.948,6.61,7.3,5.91,2.513,5.97,5.932,4.581,7.404,3.473,3.363,3.42,6.276,5.529,4.418,5.255,7.136,5.618,8.32,5.421,7.153,6.055,8.373,2.775,5.063,6.792,4.851,4.505,6.514,6.309,8.39,5.061,4.988,5.592,5.356,7.932,4.418,6.044,5.579,4.823,5.458,7.03,6.792,8.128,6.63,3.258,7.839,7.041,5.13,6.017,9.355,3.883,6.176,7.091,7.567,4.645,5.582,5.542,5.128,6.442,4.167,5.872,6.394,7.099,6.024,5.96,5.46,6.38,6.385,7.904,6.496,6.397,7.06,5.065,5.95,4.094,6.941,2.783,4.664,4.824,7.347,8.074,3.416,5.962,5.633,5.806,4.453,3.867,4.643,6.943,5.381,4.912,8.165,7.285,7.028,6.331,4.579,6.709,6.101,5.718,5.531,4.645,7.393,5.056,4.647,6.446,8.06,2.389,5.355,4.233,7.187,6.012,7.818,4.796,5.902,4.3,8.785,6.886,5.49,6.593,6.67,6.837,4.326,5.951,3.656,7.136,5.256,6.755,7.361,4.993,9.307,7.122,4.291,5.987,5.755,6.244,5.951,5.833,5.204,3.885,4.06,6.53,2.76,5.869,5.372,8.17,3.805,5.348,5.873,4.475,6.701,5.217,6.781,6.294,8.181,5.624,3.215,6.637,3.562,6.623,8.228,4.998,7.451,6.68,5.821,7.808,8.123,4.86,3.342,7.709,4.494,2.252,7.101,8.066,6.104,7.084,3.493,5.915,6.406,4.612,7.955,6.829,7.997,7.216,5.348,8.264,6.957,7.732,3.298,5.37,6.563,5.048,3.233,7.838,4.052,7.579,6.781,4.629,9.443,6.682,7.323,3.55,5.714,5.08,3.729,2.353,4.919,7.517,6.174,5.704,6.782,7.688,5.183,4.528,6.959,7.794,6.253,6.47,5.5,6.011,6.127,5.645,4.559,5.602,3.758,7.471,7.987,2.744,4.152,5.217,3.591,6.139,7.708,4.604,3.946,0.929,4.948,5.251,6.726,3.991,8.13,6.356
TRI-202,7.088,4.646,6.044,5.782,6.475,4.877,6.293,6.793,4.744,7.821,6.133,5.382,6.792,5.509,6.921,3.664,2.857,4.856,5.9,5.662,6.999,7.804,4.109,8.546,5.019,2.639,4.443,6.773,3.567,4.66,4.328,6.346,8.155,6.858,6.661,3.715,6.544,5.725,7.027,7.137,8.883,5.631,5.255,5.373,4.914,3.159,4.0,5.948,6.059,5.075,8.244,4.105,5.147,3.606,7.356,6.381,6.156,6.58,4.751,7.92,8.266,8.395,6.811,3.632,6.659,5.634,5.315,6.994,6.566,4.41,4.224,7.702,8.793,4.24,6.257,4.535,9.577,5.29,4.912,5.606,4.071,3.861,9.069,7.6,8.393,6.613,4.872,4.769,7.26,8.181,5.422,7.506,6.562,5.908,6.801,7.058,7.366,5.727,6.369,7.399,7.011,7.178,4.558,6.849,7.036,5.64,8.77,5.188,2.133,7.852,1.895,4.576,7.628,5.577,7.701,5.672,6.791,6.167,8.89,7.968,7.6,6.966,3.205,7.407,7.254,8.933,3.394,7.109,6.704,7.108,7.917,4.462,4.185,7.155,3.733,6.015,3.701,8.277,4.642,6.465,4.853,5.368,3.01,6.015,4.709,7.841,5.601,5.706,8.651,7.824,7.861,4.182,6.86,5.636,4.178,4.847,3.429,7.348,6.65,2.963,5.616,8.426,7.947,6.205,4.766,3.497,7.921,7.279,8.101,3.368,6.126,6.221,7.638,7.046,7.028,5.764,6.106,7.832,10.751,7.88,7.506,6.553,8.884,6.456,2.908,6.231,7.742,8.406,9.127,4.561,6.789,3.356,2.8,7.481,8.077,4.64,9.275,0.317,5.769,4.624,7.189,8.297,5.384,5.998,3.801,2.858,7.608,4.326,3.775,5.648,7.561,4.868,5.554,6.048,5.511,4.778,6.777,4.967,2.864,8.041,7.56,5.493,6.532,8.582,7.574,9.137,7.969,1.067,6.85,7.284,6.473,6.748,5.403,8.564,6.944,3.623,6.914,7.105,4.951,4.946,3.932,6.303,6.415,3.522,3.485,5.695,6.601,5.507,5.414,5.58,5.824,5.865,5.146,5.701,8.168,5.074,5.005,6.995,2.286,4.129,5.217,3.723,6.504,4.602,5.672,6.923,5.32,4.827,8.504,4.791,6.731,5.576,7.084,1.431,7.33,5.64,8.891,5.028,4.945,3.363,9.003,5.396,3.015,5.883,7.774,4.36,6.615,6.692,5.237,6.379,6.965,6.215,6.777,6.233,7.712,9.494,5.026,6.713,5.511,6.426
TRI-203,4.321,5.132,4.957,4.568,9.425,5.593,6.978,8.288,4.719,6.666,7.764,9.416,3.713,7.023,7.974,5.066,5.495,6.755,5.545,6.014,8.791,4.876,4.99,5.567,6.828,5.89,3.208,5.234,6.617,4.594,5.975,5.335,4.115,6.076,9.628,8.348,7.426,9.733,6.497,4.02,3.001,7.341,6.483,3.49,8.741,6.305,6.352,6.721,5.42,5.707,5.574,7.805,3.511,7.264,6.901,8.984,5.667,6.38,10.538,8.072,8.263,5.892,7.295,5.801,6.096,7.237,8.158,8.093,7.618,5.797,7.824,5.378,5.464,5.252,8.747,7.307,5.709,3.932,7.829,2.887,6.63,7.852,9.213,8.148,3.824,6.929,5.866,7.629,7.228,6.954,5.931,7.987,9.588,7.942,8.888,7.183,9.032,5.37,9.072,1.29,5.543,4.797,7.171,3.567,7.225,6.09,5.656,6.967,7.921,4.62,5.786,7.403,4.666,6.539,7.663,5.01,5.91,7.838,6.97,4.749,8.244,7.073,7.413,5.554,7.17,7.899,6.887,6.249,7.017,4.092,5.477,5.112,4.981,6.023,8.381,10.774,6.515,8.645,9.736,6.143,6.932,5.182,5.453,6.443,5.913,5.82,4.271,9.148,5.175,8.968,6.636,8.244,5.85,7.395,7.835,4.971,5.488,6.306,7.301,8.796,6.59,4.317,3.833,3.712,5.147,7.616,7.183,6.03,10.358,6.324,6.621,7.579,6.079,4.732,7.344,4.967,6.853,5.317,7.516,6.753,5.992,8.4,7.884,5.762,5.288,5.744,5.017,6.742,6.201,8.773,2.937,6.566,5.155,6.685,4.913,8.102,4.534,7.854,4.65,3.671,7.823,8.21,5.224,4.609,5.922,5.559,6.466,8.023,6.515,6.928,9.232,5.814,7.069,6.893,1.796,4.392,2.817,9.116,5.342,7.587,4.838,8.404,8.631,7.051,5.71,5.431,5.131,5.628,5.997,6.063,6.575,6.72,7.712,4.11,5.445,5.551,7.422,4.287,6.917,5.305,4.06,4.849,6.465,4.841,5.933,8.26,6.604,4.783,6.693,3.808,7.123,8.463,8.577,4.358,6.934,7.627,2.972,7.533,8.832,7.323,7.82,4.899,5.555,8.738,8.051,9.186,9.146,8.96,4.365,7.861,7.112,5.348,3.768,5.088,6.225,8.21,4.343,9.056,2.427,5.76,4.956,5.691,6.771,5.859,5.887,7.908,5.399,2.887,5.718,5.571,2.73,4.995,6.694,3.891,7.562,7.942,2.066,7.578,7.54,1.34
TRI-204,7.146,7.979,5.454,7.2,4.195,7.692,7.16,7.027,6.063,4.001,5.953,1.76,7.602,3.547,5.489,6.481,5.882,5.143,9.65,4.762,4.192,6.454,6.823,6.008,5.064,3.965,8.063,3.85,5.607,7.254,7.052,8.857,6.606,6.035,6.351,6.461,5.025,5.745,4.597,3.175,4.219,6.081,3.887,3.045,6.515,8.593,3.694,8.284,5.03,5.536,6.594,5.763,5.359,6.041,5.473,5.983,5.299,5.369,5.088,7.073,7.771,6.786,7.3,7.414,7.197,3.708,6.798,8.435,8.538,3.846,5.777,6.294,4.598,6.393,2.837,7.848,5.519,1.503,9.481,5.366,5.268,7.112,5.105,8.262,9.016,8.772,4.338,8.167,6.977,8.66,6.545,4.927,4.092,7.27,8.017,8.539,7.694,6.89,4.47,4.637,5.319,9.034,3.219,7.618,5.929,6.538,11.29,6.522,5.425,4.601,2.611,5.56,3.77,6.729,6.427,5.449,6.736,5.303,4.343,7.748,3.807,5.063,5.241,4.304,8.402,5.575,7.007,6.583,3.519,8.685,6.901,4.691,4.818,3.517,4.516,8.554,5.003,6.374,6.997,4.518,2.34,8.305,7.827,3.782,7.051,3.902,5.961,6.304,6.878,8.159,6.022,4.406,6.812,4.227,3.892,5.575,3.219,6.052,6.658,9.061,5.569,8.336,5.19,7.453,6.751,6.142,5.039,6.322,6.376,6.493,6.544,5.259,4.77,3.833,8.765,5.861,5.97,6.475,5.456,6.149,4.041,4.888,3.967,5.579,6.978,7.214,6.322,6.848,8.513,5.234,5.401,6.562,3.299,8.33,8.635,8.115,4.375,7.317,8.329,5.73,6.949,2.862,3.104,6.331,6.487,7.546,8.523,5.772,6.006,5.354,4.963,6.475,7.755,7.76,3.974,7.147,4.04,8.434,6.336,5.816,7.198,5.434,7.517,7.896,8.825,6.983,6.822,3.299,8.877,6.232,5.608,4.739,6.424,5.6,5.93,6.092,5.216,3.953,5.819,7.992,7.297,6.794,9.699,4.186,6.511,10.825,8.935,3.375,1.966,2.809,6.701,5.56,5.714,5.363,5.784,3.071,5.331,9.656,5.502,5.224,7.502,5.68,3.412,6.74,5.616,7.169,3.021,5.426,6.526,5.026,3.687,5.862,7.387,4.512,5.018,5.522,4.329,6.079,7.856,5.079,8.792,5.365,5.787,3.908,3.216,9.718,7.363,7.71,6.364,3.097,5.621,10.199,7.202,6.063,3.656,6.191,8.335,6.035,6.026,5.787
TRI-205,5.737,8.307,4.028,5.109,9.723,4.808,6.739,4.597,3.958,7.306,6.554,7.64,5.475,4.675,4.688,6.344,6.708,4.119,5.909,4.566,3.436,6.222,5.859,4.594,6.676,7.319,5.616,5.22,8.837,5.884,7.477,5.881,5.312,5.001,5.602,7.046,6.651,4.717,7.561,6.61,9.231,8.174,5.783,6.147,9.261,7.368,6.916,5.833,6.69,7.117,7.537,4.925,5.77,6.775,6.736,7.548,5.945,4.602,5.469,4.526,6.29,8.26,5.549,5.32,1.552,3.136,5.49,6.195,4.747,7.556,7.735,5.382,4.937,4.65,4.974,6.021,5.82,5.571,5.66,7.493,5.147,4.306,6.284,4.074,5.665,4.532,9.304,6.425,4.793,5.324,5.933,4.729,6.077,5.244,4.701,4.323,5.781,6.25,4.863,9.079,5.59,4.941,3.396,7.332,5.273,5.307,3.259,3.646,2.663,6.885,6.215,7.32,5.168,5.38,7.344,7.801,5.527,6.769,6.536,5.021,4.732,6.338,5.513,5.541,6.349,3.673,8.265,3.428,5.97,7.405,4.346,7.72,5.088,4.558,6.09,5.264,4.986,2.632,8.93,5.192,6.722,4.874,5.585,3.607,5.425,6.019,7.206,5.464,3.732,8.151,1.558,4.374,5.731,4.81,5.532,7.719,4.801,5.406,5.52,5.799,5.487,6.934,5.432,7.832,5.978,5.808,4.462,6.901,4.222,3.382,8.36,6.848,7.317,9.317,5.277,4.577,7.647,4.473,7.261,6.794,3.997,6.776,5.97,8.223,4.443,5.444,2.954,7.387,4.624,4.558,7.451,5.749,7.016,6.358,6.987,6.933,4.562,2.88,5.292,6.107,2.958,7.453,4.838,3.435,5.046,6.104,5.707,6.108,5.692,6.878,8.332,8.378,4.95,5.783,5.671,6.825,5.312,8.016,5.169,5.912,5.676,5.604,5.51,9.08,8.171,6.777,5.513,6.525,7.299,3.291,5.608,7.888,4.225,5.077,8.41,8.446,7.831,4.735,5.222,6.001,2.841,8.236,5.836,6.646,1.972,6.968,6.3,7.808,6.465,2.316,6.411,1.102,4.573,7.222,6.573,6.816,6.596,5.569,7.38,5.341,7.032,7.81,5.845,7.651,1.788,3.817,7.107,6.329,8.92,7.906,5.818,6.296,8.606,4.255,5.193,6.119,5.584,6.343,7.563,5.471,6.167,5.043,6.538,4.697,3.218,8.198,5.746,3.234,5.602,5.08,7.733,5.869,8.128,3.687,6.038,5.704,4.482,5.61,5.873,7.792
TRI-206,6.019,5.06,4.685,4.331,6.027,8.725,3.78,5.465,6.196,6.66,7.252,6.972,3.191,7.133,7.7,8.402,6.287,4.967,4.743,5.846,6.006,6.678,5.645,6.368,6.454,4.492,4.969,4.681,4.178,6.015,9.3,8.977,1.992,4.493,7.889,6.412,8.849,3.914,6.054,4.176,3.402,5.905,6.822,5.417,8.715,6.594,6.42,2.72,6.622,6.154,4.875,5.49,2.728,6.177,6.336,7.088,2.034,7.281,8.07,5.471,6.347,5.266,6.409,3.871,6.605,6.258,4.617,7.352,4.924,5.903,6.37,5.522,4.89,9.662,6.197,3.743,5.504,5.228,4.373,6.462,7.824,3.294,5.343,7.404,7.496,4.189,2.816,6.74,12.023,7.343,3.442,6.718,6.081,5.712,7.317,7.408,5.199,7.397,7.04,3.363,5.81,9.342,7.31,6.125,7.571,3.754,3.9,4.12,8.198,6.027,7.221,5.698,5.666,5.742,7.1,8.161,7.067,8.648,7.107,4.721,8.42,4.926,6.092,7.244,3.155,6.806,7.708,6.624,7.002,3.842,12.247,7.063,5.264,5.554,5.989,5.186,6.1,4.059,7.642,7.717,3.836,5.246,7.323,8.15,5.931,5.408,6.09,7.382,4.76,7.624,7.093,5.604,4.533,4.169,6.758,4.851,5.283,6.443,1.311,3.267,4.224,8.037,7.952,6.646,5.871,3.929,8.064,3.616,5.725,6.803,9.424,9.07,6.763,6.021,6.444,7.355,5.76,4.536,5.664,5.729,8.201,4.228,5.684,6.772,6.757,6.132,5.068,7.099,5.235,6.756,4.033,8.565,7.837,6.737,4.927,5.463,5.566,8.937,4.393,7.134,4.454,5.227,5.428,4.01,5.583,7.935,6.719,3.679,6.368,4.627,4.271,5.007,5.021,6.732,6.635,4.78,5.694,9.665,8.597,4.668,6.993,6.556,8.272,5.991,7.201,7.545,5.787,7.841,3.351,7.363,7.16,4.32,4.423,6.278,5.489,1.388,6.341,5.233,4.777,7.349,8.809,5.439,4.707,6.76,8.349,4.547,6.916,7.524,8.506,8.028,6.729,9.632,5.849,6.692,5.778,4.752,5.675,5.466,6.746,2.375,3.188,4.23,5.415,4.829,4.862,4.884,4.919,3.364,4.069,5.003,4.709,1.518,9.484,7.748,10.478,6.187,8.974,5.523,1.694,5.486,5.106,6.237,1.581,8.509,6.12,8.206,3.802,4.717,7.26,7.238,4.499,6.967,5.472,8.493,3.309,4.372,4.254,5.626,4.688,7.136
TRI-207,6.432,6.303,5.374,5.134,6.714,9.356,5.006,10.177,5.712,7.222,4.751,6.933,5.054,6.868,5.065,7.828,4.72,0.723,4.753,3.372,5.439,4.523,2.364,6.129,5.758,6.15,6.086,8.974,3.795,4.346,6.689,5.432,4.906,4.009,5.784,5.634,5.543,4.414,5.774,4.666,6.258,8.68,6.989,6.111,9.94,4.719,5.209,7.819,3.733,2.84,6.14,5.886,4.186,4.312,10.364,7.118,5.144,6.78,5.929,4.997,4.983,8.98,3.825,4.398,8.95,7.706,4.385,5.845,4.629,3.484,2.828,7.456,6.607,6.391,5.476,4.517,7.199,5.061,5.124,4.616,5.034,4.677,6.325,8.911,4.302,5.162,7.673,4.907,9.635,5.801,3.564,4.352,5.039,4.191,2.973,5.121,4.293,5.857,4.792,3.677,4.748,5.009,6.315,3.922,7.06,4.303,4.735,4.332,5.507,4.227,6.339,6.368,5.293,8.804,7.6,5.004,4.708,4.275,5.295,8.208,8.092,2.53,4.035,6.165,5.201,4.603,6.247,7.132,7.286,2.445,6.785,6.386,6.966,5.935,3.959,4.81,8.008,6.47,9.158,5.437,3.629,3.79,4.949,5.573,5.265,4.711,8.189,5.387,8.81,6.516,6.509,6.472,5.242,5.98,5.274,8.177,5.64,7.165,5.09,7.311,6.695,3.882,4.553,1.99,6.53,3.661,4.702,4.74,5.979,7.525,4.931,5.811,6.974,6.175,4.145,3.911,8.704,7.002,6.381,5.148,5.689,4.509,3.267,3.818,6.499,4.694,7.823,7.853,5.523,7.151,7.017,6.324,8.623,4.676,7.238,5.649,9.61,7.425,5.978,6.075,8.545,4.095,4.855,8.121,4.008,5.472,5.996,3.787,4.505,6.772,10.126,6.755,7.449,7.544,4.635,5.917,6.016,5.674,5.701,5.966,8.653,5.418,6.059,7.115,6.659,3.395,8.327,2.993,7.302,3.735,2.215,3.471,3.339,11.252,4.102,5.604,5.478,2.605,2.936,6.507,5.157,5.878,7.375,3.163,2.821,2.798,8.278,7.636,4.942,4.585,5.706,4.888,3.845,11.085,6.938,5.344,2.925,9.433,4.053,5.749,8.5,4.715,6.003,6.188,5.73,6.169,9.484,3.784,6.063,4.02,3.063,5.12,4.755,5.697,6.006,4.261,4.603,4.927,5.004,5.499,6.456,4.603,4.394,5.293,6.025,6.338,6.869,5.003,5.14,6.236,8.997,3.188,7.101,7.326,4.147,7.746,6.771,5.227,5.345,7.44
TRI-208,5.592,4.562,7.858,6.403,7.353,4.802,2.668,9.169,6.324,6.526,7.257,3.349,6.093,6.214,8.125,6.156,3.665,7.144,8.194,8.296,7.215,4.636,5.871,6.372,4.618,3.488,5.278,8.498,5.968,2.939,6.234,6.981,6.809,6.229,8.117,6.422,4.339,7.238,6.409,8.028,3.719,7.374,6.54,3.953,7.71,3.303,4.936,5.647,7.194,3.262,6.61,7.737,4.588,3.166,7.997,6.195,9.268,3.253,5.647,1.373,6.825,7.678,5.027,6.297,6.568,4.693,7.156,3.054,6.766,4.106,4.503,6.455,6.693,5.083,10.858,4.12,7.321,5.25,4.887,6.939,5.319,4.851,7.14,9.105,6.318,5.728,7.025,5.089,6.769,5.013,3.643,5.288,9.444,0.139,6.493,5.534,8.605,3.293,7.151,7.513,2.324,7.342,5.117,4.264,2.104,4.242,8.829,7.294,6.042,4.965,5.786,2.359,5.602,5.682,5.951,6.431,3.486,6.346,3.503,4.407,4.167,7.666,5.993,3.73,4.401,8.757,9.166,5.555,6.383,5.352,4.524,9.104,3.777,7.911,6.892,4.931,5.518,3.576,3.646,6.968,4.827,8.523,6.948,7.611,7.048,6.136,6.268,7.729,1.516,5.878,6.741,8.593,7.756,2.06,5.601,6.067,5.598,7.367,6.826,9.196,7.97,5.757,3.564,5.761,6.037,5.878,5.541,5.468,4.191,8.293,7.599,4.247,8.154,4.145,7.238,3.671,2.945,4.135,6.774,4.297,6.377,8.465,7.643,8.037,5.417,5.25,5.061,8.848,7.301,6.92,6.916,6.01,3.72,6.273,6.29,4.887,7.074,4.18,9.428,5.038,9.118,5.55,4.865,5.522,5.056,4.279,5.077,5.052,5.714,6.462,6.409,3.666,6.758,4.672,5.699,5.884,6.022,5.063,5.065,6.027,7.377,4.433,3.944,4.743,5.405,8.353,0.921,4.713,8.655,3.89,6.745,8.475,4.235,4.416,4.713,3.974,8.166,6.31,6.768,2.481,5.287,5.793,4.574,5.112,6.094,7.612,7.373,4.903,6.547,6.224,7.351,4.346,8.98,4.065,6.916,6.732,3.844,10.418,6.695,8.963,6.608,5.515,8.437,2.976,6.369,5.325,6.727,6.964,8.33,5.276,5.575,6.689,6.527,3.776,5.061,5.511,4.503,6.858,5.911,6.717,7.305,4.919,3.954,9.245,4.852,6.404,7.023,5.546,4.692,7.322,5.538,3.912,4.31,5.511,5.389,4.06,4.734,5.758,6.863,5.521
TRI-209,6.469,5.699,4.665,7.77,5.961,9.897,6.169,7.684,8.305,6.176,3.993,7.153,5.648,6.545,3.474,4.154,1.318,6.638,5.284,8.841,5.053,6.636,5.948,7.372,5.795,5.084,5.078,5.259,2.005,6.8,6.003,6.256,5.191,5.931,5.703,4.921,5.881,6.817,4.5,5.577,3.995,5.965,9.002,6.141,5.313,6.313,5.706,5.441,5.575,6.423,7.181,5.501,7.15,4.384,5.2,6.38,5.585,6.552,6.921,5.066,3.885,5.629,4.877,6.144,9.316,7.261,4.564,6.282,5.82,4.773,4.694,8.436,4.227,7.294,5.203,4.556,6.991,8.967,6.285,7.772,4.131,4.376,5.711,6.271,5.267,7.905,9.229,4.882,4.789,4.445,7.824,5.32,10.615,5.62,7.22,5.736,6.735,5.06,10.089,8.401,3.794,5.185,4.327,5.802,4.487,3.559,4.862,5.412,7.239,4.731,5.986,2.998,6.983,5.686,7.087,4.641,4.952,7.054,4.292,3.674,5.197,4.011,3.976,6.105,5.87,7.882,7.902,7.335,7.042,4.533,6.129,8.36,4.651,6.941,5.25,6.148,1.816,3.237,6.875,6.733,5.97,4.679,4.972,6.663,5.867,5.19,7.543,7.326,6.514,6.198,3.841,5.549,6.956,8.336,3.997,7.557,7.568,6.874,5.999,6.678,2.817,4.284,5.466,4.253,2.625,5.895,5.919,7.22,6.943,6.289,7.61,4.664,4.39,3.975,6.282,8.954,5.809,5.449,3.299,5.102,6.053,5.153,6.494,8.394,6.54,6.904,2.919,5.364,4.298,6.543,6.902,6.656,6.58,8.163,5.42,6.971,7.923,9.24,4.764,5.748,6.443,7.733,5.275,5.745,6.818,5.251,7.008,6.193,4.482,5.659,6.221,8.059,3.256,6.826,8.989,6.962,5.49,2.618,3.823,7.842,3.852,9.659,6.119,5.497,5.549,4.728,2.92,7.183,6.086,8.395,7.675,5.165,6.706,3.69,2.882,7.731,4.243,5.195,5.837,3.158,8.325,2.197,7.589,4.471,9.136,2.52,6.574,9.651,2.954,6.358,5.73,5.511,8.407,8.274,6.375,3.41,5.812,4.986,2.249,3.492,7.317,5.601,5.791,4.715,8.366,4.888,6.147,7.064,7.936,2.134,7.662,7.016,7.321,5.524,6.573,2.876,7.548,5.45,5.514,6.086,3.162,4.04,4.655,7.978,5.44,4.117,5.055,7.071,7.137,9.406,2.659,5.227,4.552,8.376,8.887,5.768,6.924,4.869,6.572,5.591
TRI-210,8.006,6.68,6.746,8.441,5.16,5.686,5.891,6.528,8.085,8.618,4.94,8.355,2.93,3.94,6.517,5.45,7.382,5.175,8.143,8.131,5.355,9.041,7.637,5.698,5.584,9.952,7.122,5.818,5.125,2.909,5.699,7.654,6.889,8.044,6.947,9.24,5.223,6.682,4.781,1.939,2.973,6.027,5.645,5.534,4.494,7.25,6.75,7.836,6.388,5.245,4.501,8.115,6.551,7.985,5.631,4.501,4.85,2.286,4.655,6.026,6.388,5.477,6.411,3.998,5.602,4.001,5.63,7.035,3.228,8.321,2.948,4.104,5.107,6.711,4.688,5.408,6.088,7.743,5.736,5.747,8.943,6.314,3.291,3.957,6.961,5.734,8.797,7.902,7.181,5.676,8.01,7.086,7.094,8.497,4.328,8.707,6.225,7.56,7.509,5.649,9.163,4.18,4.551,6.633,7.877,5.722,6.44,4.81,6.317,5.019,4.908,6.158,9.087,5.448,6.223,4.919,5.397,5.299,6.386,4.947,5.542,7.415,8.238,6.311,9.012,1.774,3.202,9.012,4.025,8.06,3.095,7.407,4.743,8.483,5.201,7.04,8.342,4.973,4.546,2.844,4.843,4.014,5.378,4.778,5.326,6.183,4.849,4.796,7.046,7.996,7.24,5.081,5.032,6.13,5.224,4.364,8.175,3.167,5.75,4.104,5.431,5.488,7.57,8.722,6.879,6.817,4.726,8.584,4.965,3.891,8.523,6.457,6.872,6.254,4.857,3.072,3.352,3.414,4.693,7.228,9.047,7.077,6.701,6.062,8.149,4.9,5.413,7.848,5.728,4.885,3.963,4.834,3.457,4.45,7.9,9.832,7.641,7.561,5.521,6.142,6.296,4.705,2.296,7.121,8.408,4.915,6.233,6.801,5.797,4.353,8.182,7.007,6.408,6.582,2.106,6.069,5.562,10.098,7.682,7.327,6.829,6.602,5.826,6.083,6.941,6.359,7.876,4.14,6.206,6.159,7.93,7.965,5.915,3.217,6.844,7.672,10.811,6.469,8.188,2.346,7.016,5.908,5.206,5.948,4.669,5.179,6.606,3.778,7.273,4.897,5.741,6.864,4.187,5.402,4.995,6.602,6.172,6.864,5.321,4.386,2.61,5.839,4.437,7.283,6.294,3.113,4.916,8.571,5.456,7.542,5.162,6.263,5.81,6.368,5.029,5.211,5.875,6.704,6.458,4.08,8.805,8.657,6.633,4.906,6.135,7.936,0.191,6.215,0.962,5.126,6.43,7.376,9.388,8.017,6.079,7.319,9.068,8.44,7.114,6.191
TRI-211,6.771,6.871,5.733,6.548,6.02,6.631,7.833,5.964,6.774,6.376,5.968,2.212,4.913,2.03,6.643,7.508,2.932,4.901,7.845,6.748,8.593,5.682,8.572,5.795,9.558,5.51,8.309,4.378,4.412,6.401,4.05,6.704,8.399,4.67,6.197,5.5,8.36,5.624,4.393,8.361,2.912,7.094,2.239,4.077,9.307,5.096,10.023,6.006,4.817,7.371,3.715,6.13,6.529,7.567,4.537,7.024,5.917,6.16,8.217,4.719,8.086,6.15,6.404,7.389,8.653,6.599,8.776,5.774,4.685,5.345,6.671,4.914,3.083,6.366,2.811,5.64,5.564,5.015,7.721,8.281,6.833,5.859,8.034,3.612,1.241,4.761,5.024,4.997,7.377,7.621,4.284,5.898,6.246,7.607,5.758,5.365,5.388,5.505,3.916,4.468,5.416,1.17,6.417,6.014,4.87,7.531,3.777,5.563,6.75,5.581,7.672,3.218,8.615,2.905,7.571,6.883,3.739,4.396,5.934,8.885,4.415,3.793,3.639,7.609,7.265,4.421,5.043,1.024,4.411,8.821,6.411,7.901,3.292,6.565,7.033,3.493,8.767,5.894,5.197,11.768,6.659,4.428,2.906,4.533,3.856,8.197,6.623,4.239,5.571,8.306,5.585,5.731,6.804,4.417,5.255,5.563,3.97,6.592,6.808,6.165,5.216,3.047,4.425,3.504,6.56,6.68,5.256,3.884,6.144,7.347,8.292,5.022,5.573,5.366,3.847,7.442,5.268,4.102,5.661,3.984,7.344,6.688,1.958,4.499,5.523,7.624,6.785,4.606,7.479,7.469,6.3,4.488,7.337,5.322,7.332,6.087,5.815,6.691,4.997,5.197,3.994,6.984,3.999,2.913,2.037,6.233,5.612,5.569,4.913,6.769,5.172,5.381,6.965,3.032,5.81,8.333,6.502,5.681,7.798,8.347,3.885,6.825,6.964,5.919,5.869,7.661,8.462,7.498,7.548,8.401,4.566,6.213,4.936,4.264,7.035,4.16,4.99,5.181,6.162,5.92,3.824,7.974,8.674,3.909,6.843,8.361,6.584,7.308,4.954,6.147,5.723,4.863,4.32,5.373,5.648,5.871,7.038,8.303,5.718,7.434,7.881,6.051,3.306,7.402,6.007,6.147,7.985,6.502,4.361,4.9,4.719,5.278,5.411,8.642,9.274,6.112,7.795,3.213,6.294,6.606,3.645,8.012,8.731,4.187,4.799,8.008,4.042,4.168,4.657,8.307,6.263,5.071,5.465,6.573,4.623,7.821,10.688,5.232,5.24,2.1
TRI-212,6.485,10.151,5.605,4.236,6.866,5.728,7.924,7.456,5.027,5.902,5.289,6.793,6.252,6.56,5.817,4.968,6.675,6.801,3.746,6.929,1.507,10.047,2.749,6.631,6.544,5.82,7.406,8.476,6.374,5.926,3.942,5.242,6.335,7.622,5.7,8.904,6.755,3.565,7.525,5.707,7.043,6.676,6.654,7.537,7.033,6.792,6.848,7.314,6.241,6.66,6.176,6.179,5.512,4.206,5.809,6.407,5.669,4.479,4.045,5.281,6.398,7.307,3.508,8.628,2.646,4.843,3.207,6.343,7.362,7.762,7.317,8.054,7.983,7.364,3.826,6.112,4.741,5.584,8.018,5.11,4.927,6.448,3.864,8.422,8.021,7.44,6.641,8.449,5.03,6.485,5.833,8.102,6.809,7.003,6.908,8.319,8.08,4.372,7.763,5.759,7.693,4.684,6.89,5.823,6.135,4.191,8.448,5.984,6.579,5.749,6.903,5.92,8.177,8.473,7.338,5.023,6.929,3.538,7.487,3.068,7.971,8.907,7.682,5.655,5.734,7.792,8.48,3.772,5.36,7.724,6.942,7.252,4.413,5.647,7.402,6.362,6.987,6.801,3.811,9.535,5.894,7.828,4.472,7.092,6.044,5.991,6.387,6.617,3.3,5.079,9.722,3.569,3.013,7.613,5.591,7.231,4.495,7.322,6.376,5.155,5.535,4.758,6.361,5.425,4.835,6.262,6.334,7.397,6.285,7.824,6.894,5.744,4.849,6.948,2.291,5.985,6.777,6.764,7.666,7.421,6.116,5.885,6.688,6.356,3.37,6.847,9.217,7.378,8.603,5.9,5.788,6.546,10.582,3.666,4.391,4.556,8.386,7.411,7.066,7.28,8.227,6.722,5.521,3.738,6.043,10.011,6.304,4.938,7.996,5.811,7.795,2.613,5.753,7.168,3.858,6.574,2.952,3.156,3.54,4.2,10.025,7.302,6.234,5.062,4.773,3.435,5.657,4.654,5.72,3.777,4.281,6.76,4.688,7.378,7.351,6.446,7.863,3.535,7.797,7.191,8.977,6.151,5.285,5.1,8.726,7.132,8.503,7.506,6.14,6.832,5.761,3.24,7.77,6.895,8.53,6.804,5.178,7.193,5.598,5.907,5.254,4.592,10.144,3.255,4.361,6.604,6.078,4.289,5.373,6.522,5.575,7.479,8.412,6.312,5.554,8.485,5.72,5.884,7.671,4.368,8.305,6.621,5.878,5.689,3.172,7.117,6.033,6.492,9.693,8.373,4.433,7.919,7.47,8.474,4.228,4.571,5.382,6.925,6.066,4.079
TRI-213,6.204,6.668,7.27,7.962,7.583,5.779,6.391,3.389,4.987,7.056,7.488,8.38,2.79,8.625,4.381,7.281,4.732,8.274,2.874,7.661,7.261,5.055,8.233,7.825,8.139,6.774,6.051,6.749,6.906,6.491,8.275,3.575,5.582,7.074,3.887,5.611,7.305,8.597,3.663,11.339,7.911,7.255,6.025,5.133,8.793,11.544,5.8,8.455,6.116,11.101,6.007,4.469,6.76,5.248,8.248,4.03,7.024,6.874,6.241,5.78,5.905,5.141,6.157,6.491,2.936,7.077,7.109,3.473,3.714,6.071,2.581,3.101,6.154,1.903,3.653,6.675,5.272,2.137,5.566,8.332,3.24,7.946,8.688,6.812,6.434,6.383,4.856,8.221,7.8,3.557,5.245,5.302,8.853,3.536,2.056,5.126,4.409,4.838,2.265,7.68,8.474,8.739,4.057,6.62,6.381,6.356,8.708,6.697,8.772,4.721,6.35,6.143,7.048,6.312,7.246,7.9,4.382,7.428,5.532,5.402,3.366,5.472,3.539,6.11,3.372,4.077,10.186,3.469,6.862,5.411,5.869,6.465,3.317,6.909,8.329,4.252,6.413,3.463,5.954,8.579,5.705,7.094,5.624,8.6,6.524,7.514,6.119,3.329,10.124,6.445,4.251,7.11,7.326,4.102,5.326,1.234,5.613,5.916,7.095,6.356,6.187,4.629,5.4,3.964,5.912,6.254,6.357,4.865,7.896,5.008,4.441,3.605,2.993,5.82,5.264,2.574,4.138,6.834,7.256,8.176,6.016,6.814,4.831,4.658,6.232,5.449,4.022,4.521,5.319,6.711,5.327,6.299,9.02,5.909,4.535,7.548,5.124,8.83,6.564,6.261,5.437,4.779,6.615,4.364,10.148,8.932,7.503,4.22,4.453,7.151,6.711,5.477,7.589,3.104,3.816,5.98,7.392,6.017,5.17,6.03,5.905,8.707,5.564,8.461,6.497,5.145,6.936,4.251,6.558,5.213,6.989,7.953,5.989,4.918,8.559,7.613,3.255,7.821,4.563,6.736,6.963,5.51,5.555,7.07,4.41,6.929,7.189,4.684,6.348,3.173,3.689,4.797,7.277,6.391,4.914,4.477,5.931,8.237,9.354,6.498,10.215,6.978,5.712,3.535,6.185,9.437,8.032,9.132,4.393,2.618,5.374,6.752,6.764,6.036,8.423,6.072,6.24,2.495,5.972,4.375,4.935,7.716,5.959,5.821,5.735,6.514,4.58,6.715,8.501,10.035,8.039,8.265,3.804,7.099,4.72,4.605,6.412,7.473,9.562,3.024
TRI-214,7.559,7.491,5.728,4.124,7.086,5.976,5.291,8.804,5.607,6.325,6.353,5.502,6.487,4.19,4.433,2.854,9.436,6.792,5.35,7.901,8.08,3.664,7.233,6.554,5.564,4.973,8.271,5.688,6.364,6.87,3.845,6.005,6.067,7.913,7.061,7.92,7.621,5.769,5.73,6.396,3.611,4.423,6.356,5.51,6.275,8.212,8.007,7.846,5.567,4.387,8.306,3.488,7.858,8.652,5.845,5.027,4.648,4.888,4.755,7.234,5.666,4.579,6.348,5.96,0.429,9.349,9.173,8.958,2.655,7.338,5.387,6.255,7.55,7.24,2.886,9.069,10.106,5.146,7.675,8.415,5.85,4.582,2.536,7.852,6.896,5.255,5.608,9.196,6.045,4.606,6.865,6.037,6.38,3.318,3.816,5.984,5.417,6.23,8.297,7.658,2.977,6.409,7.93,4.378,7.265,7.295,8.412,8.699,6.134,4.025,6.84,5.698,3.951,6.764,7.901,4.565,7.986,5.424,3.563,7.871,6.406,7.908,6.32,9.72,9.34,7.36,5.685,2.803,3.078,4.263,8.175,2.512,6.503,7.638,6.046,7.918,4.462,4.049,3.88,5.761,10.612,6.053,5.362,6.81,6.018,6.226,6.281,6.457,3.632,2.806,5.728,9.776,9.299,6.65,6.553,7.11,7.012,4.072,5.128,6.465,6.67,4.405,8.231,5.164,4.287,7.096,6.829,5.688,6.314,7.294,0.433,7.93,3.829,7.074,5.469,7.213,8.001,6.333,5.308,5.231,3.666,7.495,9.778,6.689,5.246,6.998,5.619,7.216,4.889,5.89,5.072,5.444,5.958,7.495,7.384,7.428,3.377,10.006,5.428,1.902,9.042,7.261,7.442,4.898,5.561,4.434,5.783,4.512,4.91,3.179,4.234,7.781,5.818,6.136,7.489,4.072,5.207,4.477,7.031,8.457,7.677,6.413,9.118,7.063,3.379,7.209,6.009,6.072,7.233,6.007,4.018,4.506,4.138,6.605,5.365,7.639,7.429,5.383,4.568,7.759,3.707,3.529,5.244,5.552,2.958,5.922,6.293,5.228,5.977,7.774,5.873,7.488,6.465,7.993,8.675,6.414,8.228,2.719,8.305,6.367,4.77,6.462,5.397,9.526,5.442,6.198,4.487,3.716,3.965,4.566,7.404,6.62,8.807,6.165,5.672,6.557,4.628,6.856,4.774,8.395,7.28,7.592,5.395,5.191,6.657,5.447,8.091,7.242,7.397,5.312,6.252,6.831,6.723,5.042,5.358,6.179,5.009,7.353,7.01,3.592
TRI-215,5.347,6.338,5.694,3.162,5.668,6.258,3.261,7.272,2.143,5.344,5.274,7.931,5.409,7.506,7.735,4.76,7.522,7.649,5.846,5.722,6.215,9.724,8.785,10.828,5.218,5.019,8.396,6.067,7.53,8.272,5.54,6.684,7.668,9.569,4.141,4.936,6.542,0.565,7.088,4.98,7.447,3.941,8.082,9.019,4.537,4.336,8.307,3.302,5.622,4.577,3.645,6.194,10.722,6.317,6.386,3.918,9.982,4.695,7.124,5.604,4.405,4.021,6.075,3.758,6.568,3.368,7.451,5.795,3.52,8.878,8.705,5.011,5.661,7.505,6.72,2.638,6.145,5.64,8.248,5.897,4.372,6.527,4.031,5.192,5.208,4.782,7.937,3.589,8.248,6.106,5.711,3.246,7.007,6.503,6.935,5.933,6.58,7.372,8.94,4.129,4.04,6.966,5.255,7.11,5.609,6.105,7.708,5.888,5.087,6.233,5.349,3.487,7.001,5.977,6.149,7.482,10.939,4.413,4.496,6.244,6.325,5.934,6.311,5.714,5.131,3.991,5.694,3.203,4.454,6.892,3.166,7.152,5.556,6.231,6.122,6.705,5.176,1.751,8.097,6.602,2.571,4.013,7.632,6.566,5.694,7.848,5.413,5.308,6.226,5.557,6.001,6.269,4.77,5.786,4.612,7.939,8.791,3.984,5.521,5.607,8.177,7.66,6.848,6.832,4.114,6.388,8.961,8.708,7.906,3.517,5.689,6.727,7.969,5.268,6.882,5.268,4.567,7.998,5.432,6.57,7.949,9.352,7.011,8.269,6.742,6.534,3.446,4.591,4.966,8.655,6.796,5.669,5.769,3.927,5.833,6.508,6.805,6.416,3.991,4.821,6.314,6.996,4.638,6.269,2.988,5.273,4.134,5.367,6.047,5.91,5.496,3.365,4.543,6.499,5.736,6.408,5.231,7.782,4.087,6.575,7.06,6.339,2.749,4.137,6.817,8.004,2.88,6.212,5.174,8.049,5.551,4.74,3.548,5.557,6.208,3.53,7.352,9.195,3.162,5.633,5.943,4.565,6.162,8.921,7.668,8.168,2.409,3.657,3.983,7.091,7.728,6.202,6.619,4.834,6.524,6.739,4.125,6.757,6.76,6.201,5.347,5.228,6.402,4.797,4.469,8.348,6.613,7.155,6.942,5.731,7.191,6.113,4.767,7.22,7.173,5.207,10.466,3.027,4.571,3.015,9.187,9.78,6.796,8.203,5.15,6.803,8.254,7.889,5.651,8.711,4.941,2.898,8.679,6.467,5.538,7.421,3.892,3.732,10.241,3.879
TRI-216,5.911,7.715,4.928,7.167,8.117,5.263,7.595,6.397,7.867,7.303,1.615,3.687,7.561,8.841,7.836,6.781,1.622,5.723,2.492,5.839,8.401,6.466,4.507,5.76,6.625,5.935,3.92,2.622,4.683,6.038,4.364,6.894,6.709,8.32,5.068,7.237,6.144,7.784,9.023,4.399,4.212,4.969,4.276,5.926,7.053,6.206,10.668,7.537,5.253,6.982,7.822,4.518,6.699,7.584,5.338,4.011,4.048,5.632,6.917,7.834,7.422,4.826,5.703,6.619,6.469,4.957,8.113,3.414,4.621,1.732,8.44,6.322,5.14,7.116,8.702,7.096,6.956,8.132,5.969,7.746,4.5,6.363,7.353,6.59,6.705,4.557,6.474,6.645,5.299,7.523,3.199,8.611,7.193,5.747,5.757,4.377,4.074,5.877,5.32,6.603,7.408,6.123,7.721,1.531,5.937,8.486,4.976,9.267,6.786,7.378,4.664,5.886,6.499,8.136,6.542,4.29,6.464,4.667,4.389,2.8,5.97,8.884,4.473,3.737,2.111,5.443,7.296,5.595,5.541,7.64,4.629,5.475,6.225,5.807,4.382,3.218,7.799,6.974,5.719,4.347,7.314,8.154,7.007,3.587,4.508,8.424,7.395,2.764,2.423,6.641,3.903,4.1,3.424,3.428,5.442,4.765,8.768,5.683,8.629,11.038,4.542,6.984,4.174,8.925,5.584,9.28,6.752,6.785,5.672,5.514,6.651,6.652,5.496,5.223,9.068,4.82,4.884,7.045,5.473,4.155,4.467,7.719,2.661,6.543,5.736,6.051,3.532,2.094,7.121,5.918,5.185,5.253,4.719,6.38,7.027,5.142,6.788,6.965,4.064,4.142,5.537,6.931,6.565,3.842,4.642,5.318,4.87,4.672,5.89,3.239,3.366,2.826,3.518,7.198,5.41,5.937,5.758,7.693,6.233,5.121,7.86,7.788,6.865,7.071,7.244,6.739,2.972,4.837,4.399,5.291,5.974,5.589,5.067,4.002,7.947,6.722,6.977,5.119,8.032,4.723,4.968,4.436,5.082,5.059,6.761,6.737,11.373,7.756,7.303,6.779,3.208,5.219,6.816,6.251,4.478,6.3,6.63,6.773,5.222,5.824,5.836,6.384,6.615,5.09,6.243,6.332,4.901,2.641,4.678,6.876,8.371,5.71,6.307,5.508,5.482,5.047,7.267,6.173,4.218,4.531,4.429,6.791,6.257,5.112,6.917,6.263,4.608,5.659,6.693,6.427,7.129,6.563,7.08,2.08,4.004,6.396,5.946,4.358,7.085,7.438
TRI-217,7.27,6.407,4.508,5.262,9.058,4.123,7.082,5.291,6.179,6.195,5.853,2.049,7.444,7.11,3.685,4.639,5.079,4.08,8.296,6.996,5.378,4.664,6.562,2.453,7.613,7.444,6.89,5.886,5.508,2.741,2.723,9.008,5.77,4.839,4.318,5.342,4.962,5.04,6.553,5.459,6.206,7.512,3.911,3.423,7.442,1.964,5.014,4.274,6.03,5.34,6.588,5.559,9.635,7.213,4.179,7.226,6.744,7.879,4.685,7.239,6.229,4.012,4.472,6.367,4.565,4.428,5.224,5.679,7.075,4.607,9.049,5.396,3.106,6.109,5.127,5.143,6.102,7.204,8.856,7.695,6.695,2.876,8.131,6.971,6.581,4.404,8.479,5.848,6.893,5.023,5.309,5.712,4.498,6.47,8.252,3.198,5.482,7.665,6.405,6.766,4.467,6.875,2.134,6.387,4.331,4.361,5.818,6.551,5.077,7.143,7.905,7.985,7.153,4.733,5.179,5.856,5.457,5.815,4.193,4.424,6.196,7.878,5.055,3.975,8.238,2.783,3.111,5.36,5.742,6.449,4.982,2.016,8.962,5.558,8.347,7.37,5.857,6.138,7.873,5.111,7.693,3.423,3.521,6.924,4.424,5.696,4.685,4.752,7.184,4.501,4.289,5.583,7.395,8.277,4.709,6.627,2.501,3.204,4.588,9.184,8.893,6.39,8.274,6.965,6.421,7.12,6.926,3.748,5.475,6.386,9.314,4.943,5.36,7.132,4.788,4.732,8.13,7.039,7.611,5.074,7.65,6.469,7.008,4.736,5.95,7.837,4.517,9.594,6.019,6.748,5.504,7.402,6.467,8.295,6.899,5.887,7.446,5.755,8.55,6.282,7.527,5.421,8.74,7.232,6.285,9.232,8.75,5.558,6.29,5.853,5.881,8.939,7.459,4.015,8.644,9.281,6.765,4.26,3.578,1.216,4.229,5.465,6.459,5.677,4.73,5.029,5.795,6.473,5.701,7.413,5.354,4.508,5.389,8.855,5.952,4.528,4.852,5.652,8.237,6.102,5.884,6.404,6.345,7.875,7.783,6.771,6.045,4.551,8.674,5.511,7.839,8.807,7.358,3.521,2.743,4.657,3.59,4.592,5.689,5.605,4.218,5.723,2.854,7.536,7.349,4.915,6.868,4.134,8.02,5.827,3.993,6.733,7.417,5.08,3.81,7.634,7.267,3.81,6.223,5.867,9.682,5.09,4.436,4.155,6.826,7.529,5.086,5.309,5.357,5.916,9.21,7.702,7.246,6.24,6.113,5.374,6.517,5.236,6.879,6.99
TRI-218,7.627,3.41,7.153,5.196,7.627,5.986,5.459,7.469,6.379,6.933,7.44,5.221,4.501,6.82,4.216,6.835,3.597,6.588,7.047,5.717,7.956,7.525,6.244,6.045,6.094,4.756,4.65,9.073,3.191,4.736,5.586,6.509,6.411,9.299,5.381,5.516,2.584,6.452,6.154,7.152,8.013,8.248,3.15,5.178,4.086,3.311,7.041,8.002,6.367,3.475,8.273,6.229,8.723,7.366,9.225,4.916,6.622,6.838,8.4,8.04,5.728,7.709,5.955,5.127,4.608,4.568,7.184,3.939,2.841,4.975,5.173,3.138,5.122,6.98,5.978,3.416,4.19,3.716,9.482,1.881,3.753,2.199,5.166,5.202,4.961,5.675,3.601,9.184,5.532,4.681,5.276,4.512,6.045,7.585,5.767,3.244,4.605,6.639,7.535,5.618,5.512,4.477,6.755,6.387,7.579,6.742,6.58,3.61,6.437,5.768,4.438,4.501,7.812,5.112,7.643,4.852,8.014,8.453,5.67,6.139,7.213,5.425,5.886,5.362,4.932,5.908,7.412,4.046,5.739,6.297,5.604,7.598,5.271,6.053,6.216,2.658,4.062,5.904,6.266,6.248,7.228,7.636,4.079,10.314,4.662,3.188,5.413,5.43,4.386,9.105,6.675,6.007,2.026,5.123,5.454,4.712,5.438,4.137,4.22,5.795,9.33,8.357,7.231,7.686,7.862,7.114,9.717,8.252,3.659,6.462,7.148,5.817,6.102,7.606,6.301,4.916,9.354,5.875,2.632,3.308,5.582,8.766,7.629,3.19,9.063,5.659,4.622,6.705,7.354,5.338,6.425,6.33,5.343,5.908,7.605,6.249,4.945,7.181,5.89,5.923,4.987,6.927,7.015,5.713,5.682,7.081,5.671,5.494,6.015,6.859,3.099,8.396,9.309,6.065,5.542,9.754,6.237,5.057,4.972,7.59,6.933,8.198,4.655,6.392,4.561,3.828,4.903,4.046,6.065,8.436,6.778,6.214,7.114,6.064,5.783,4.57,2.908,6.512,3.694,6.194,9.638,7.327,4.463,5.121,6.6,5.862,6.816,6.801,5.752,6.808,6.878,6.628,7.92,5.876,6.324,5.525,5.232,5.945,3.858,8.109,4.15,6.947,6.41,7.632,3.837,5.445,3.089,4.596,9.564,3.01,6.034,3.275,6.976,2.734,9.754,8.399,8.034,3.648,7.663,2.104,5.9,2.196,4.635,8.336,5.722,5.67,5.94,6.591,5.98,6.869,6.988,4.263,6.612,6.926,5.516,7.848,4.503,8.625,8.627,8.807
TRI-219,5.917,8.198,8.386,5.461,8.853,7.503,5.406,8.168,4.922,7.686,5.993,3.101,6.639,5.991,6.478,4.562,3.169,5.039,11.186,4.572,2.827,5.612,4.33,3.5,7.126,7.334,3.509,6.625,9.224,6.317,10.216,6.273,7.171,1.177,7.368,7.085,5.657,5.626,5.232,9.331,2.85,4.512,6.117,5.806,6.423,3.971,4.368,7.994,3.628,5.566,6.052,2.772,7.049,6.398,4.266,6.752,5.531,3.869,6.41,6.644,3.863,5.567,7.855,4.991,8.332,6.079,8.123,4.777,3.406,4.012,4.176,5.314,5.731,7.025,1.706,4.956,4.922,7.163,8.253,3.572,4.958,6.644,9.064,7.028,4.049,8.377,7.423,5.134,2.392,1.942,6.673,3.996,6.133,5.657,5.708,5.664,6.969,8.347,7.778,7.568,7.687,7.213,7.875,5.776,5.217,3.82,5.113,4.223,4.061,6.084,6.15,3.358,4.979,5.666,3.952,8.102,6.36,8.453,7.006,6.415,7.224,5.221,3.6,5.069,4.468,4.694,5.907,7.398,3.512,5.82,5.822,6.244,8.059,5.606,6.332,5.698,7.187,5.24,6.72,5.633,7.292,3.026,6.005,4.378,5.649,5.894,6.406,9.759,3.54,5.669,5.791,5.966,6.54,8.848,7.309,6.296,5.058,5.072,7.317,6.24,3.581,6.748,8.18,8.635,4.86,6.425,4.246,9.902,7.924,6.07,6.565,5.593,5.037,7.036,4.427,5.174,6.281,6.652,4.614,7.353,0.576,7.485,9.33,5.859,7.456,6.7,7.865,7.75,5.419,6.965,6.041,7.502,7.887,6.003,4.79,5.65,6.341,6.121,7.127,5.746,3.842,5.067,6.858,8.552,6.572,7.253,3.011,6.316,7.431,4.964,3.999,5.148,4.039,6.463,6.821,5.643,2.542,6.601,6.209,5.266,2.346,6.384,5.442,5.641,8.232,5.557,7.031,6.142,9.747,5.829,6.258,1.777,4.824,5.162,4.092,6.766,2.951,7.146,6.041,7.945,6.857,4.723,8.476,3.231,4.702,7.988,3.525,10.132,3.572,5.96,7.491,4.102,7.271,5.348,7.367,4.792,6.983,7.313,5.622,10.602,5.823,8.259,5.207,6.007,7.766,6.404,5.979,7.454,9.433,6.05,6.886,9.959,5.613,6.543,8.234,3.851,5.496,6.158,4.543,6.153,4.235,4.808,5.618,10.14,8.379,6.69,6.358,5.35,3.9,3.303,5.393,5.367,5.585,6.034,6.089,7.763,7.982,4.441,3.62,6.121
TRI-220,5.145,2.814,5.812,5.475,3.218,4.419,5.041,6.533,4.965,5.324,7.375,3.849,8.647,2.843,5.307,6.72,6.513,5.117,6.528,6.208,5.525,4.967,4.651,9.639,7.374,6.09,9.112,4.835,4.803,4.487,4.921,5.078,7.735,8.841,4.549,7.342,6.063,7.693,10.682,7.741,5.279,4.2,7.499,5.329,6.395,6.631,2.512,4.672,5.771,3.872,7.769,6.316,2.773,7.908,4.749,8.619,8.47,7.08,3.306,3.658,5.387,8.004,6.659,6.332,8.168,7.562,6.954,7.691,5.268,7.683,3.219,4.968,4.238,6.446,4.332,6.582,6.282,6.837,5.536,7.63,5.129,6.801,9.315,5.141,6.158,4.98,4.728,3.656,5.871,5.305,7.057,5.939,6.904,5.597,6.182,5.2,4.531,5.201,2.56,5.823,6.22,8.76,6.266,5.568,7.762,6.781,6.233,3.261,8.24,5.153,6.833,4.466,8.643,6.265,6.197,6.316,4.004,4.896,4.429,0.078,7.534,3.781,6.738,5.619,6.035,5.848,6.093,6.602,6.03,5.038,7.488,3.759,9.212,8.332,5.263,8.725,2.911,6.183,7.729,7.245,4.913,4.15,7.277,4.899,7.226,6.148,5.887,5.246,6.574,6.569,8.211,3.407,8.376,5.96,6.992,9.341,5.742,6.409,5.716,5.199,4.951,6.101,4.291,9.341,9.638,5.31,5.088,7.204,3.863,7.973,6.588,6.329,5.181,8.068,5.135,6.879,4.382,4.581,9.569,5.767,6.528,5.506,3.281,6.245,8.506,5.341,4.388,6.667,6.756,4.07,1.766,6.371,6.215,5.907,7.438,8.465,3.854,6.48,7.045,6.44,5.574,2.981,7.843,8.043,4.879,7.191,5.02,3.621,4.189,5.26,5.821,5.38,6.731,3.641,7.551,5.768,6.81,6.42,5.073,8.372,3.411,6.984,4.623,7.293,7.242,9.311,5.133,6.87,4.015,4.775,5.7,3.102,7.285,7.202,9.374,6.963,6.441,5.121,3.656,6.296,8.0,3.326,4.998,2.715,6.617,2.959,6.91,7.526,4.659,9.319,5.517,4.417,0.844,4.81,7.725,6.108,6.766,9.243,4.708,7.176,4.453,6.738,6.763,7.44,6.05,9.75,7.825,7.87,4.894,2.559,6.845,6.391,3.19,8.094,6.149,4.832,8.297,7.923,6.543,6.048,5.582,6.436,6.538,7.084,4.553,5.665,4.661,7.3,4.673,5.68,5.192,5.809,5.196,4.963,1.966,6.332,9.013,7.149,6.324,6.761
TRI-221,5.387,8.165,6.62,3.449,5.087,5.142,4.375,3.095,5.888,3.974,9.418,9.462,5.359,8.666,5.16,4.933,5.966,4.254,9.825,9.416,5.154,6.971,5.791,3.843,3.431,4.441,5.251,5.62,6.589,11.23,7.058,5.431,7.986,3.226,7.427,5.194,4.903,7.459,6.789,4.68,7.451,4.083,4.433,5.36,5.349,6.565,4.918,7.459,6.566,7.148,6.359,5.818,3.562,6.941,5.562,8.032,5.047,6.299,5.24,7.204,5.915,5.857,6.714,6.347,7.179,8.651,4.703,3.801,4.49,8.536,5.752,5.4,3.524,7.31,5.824,7.382,2.743,3.943,6.098,5.495,6.957,9.575,5.615,7.298,5.182,7.702,8.039,6.312,2.984,7.307,7.56,6.464,4.353,4.43,2.91,5.586,4.18,6.818,1.765,6.699,6.172,6.03,5.965,7.358,2.738,7.478,4.574,5.474,7.666,7.84,5.603,4.086,7.692,6.238,7.322,4.182,4.845,3.935,7.238,3.43,8.676,2.058,5.63,5.104,4.907,5.789,5.777,7.521,8.207,5.97,8.936,6.255,5.962,4.953,10.453,6.467,8.191,5.803,6.184,6.802,7.853,9.835,6.752,7.223,4.744,3.06,3.903,7.613,6.385,5.176,6.841,2.45,2.482,6.45,4.809,3.996,7.697,7.524,7.461,2.8,4.104,8.281,7.781,10.088,5.071,3.973,7.039,5.541,5.558,3.748,5.047,5.337,6.687,4.189,6.656,5.611,4.906,5.589,5.699,4.666,5.041,7.451,3.568,5.806,3.981,3.378,6.616,4.758,4.453,5.429,9.227,5.392,7.562,5.879,7.898,5.68,6.013,7.651,5.154,4.39,5.004,4.922,5.822,4.881,5.521,7.17,5.62,6.68,9.537,7.861,9.161,3.262,6.619,7.911,8.958,2.885,4.856,4.181,7.549,8.381,7.805,7.136,6.418,6.673,6.839,2.554,3.875,6.36,6.369,6.461,4.849,4.614,2.393,7.094,6.685,10.246,6.487,8.659,5.732,5.118,6.089,7.66,6.525,6.267,7.209,7.986,4.439,5.435,5.042,4.029,6.837,5.677,5.074,7.053,3.083,4.78,5.453,6.15,6.447,6.706,5.632,7.475,9.23,4.869,9.723,6.488,6.647,4.457,6.271,6.426,9.043,6.366,5.076,6.427,3.943,3.631,4.937,6.768,4.385,3.49,6.916,7.304,7.221,8.903,5.347,8.369,4.684,5.298,7.752,5.528,7.56,5.529,3.231,6.298,5.143,5.066,7.916,7.429,7.291,5.699
TRI-222,3.95,6.751,8.666,9.197,7.753,4.073,7.76,6.554,5.143,8.387,6.114,10.098,3.268,4.567,5.446,4.286,4.265,6.126,5.439,5.397,6.091,7.266,8.019,4.346,7.988,4.073,8.632,6.253,4.918,6.325,4.948,4.915,3.7,6.937,7.735,4.381,6.941,3.934,7.994,3.286,7.346,3.984,8.237,5.261,7.841,6.778,4.552,7.27,5.384,5.2,6.354,5.984,3.687,1.945,8.132,5.119,8.488,4.586,8.091,5.684,5.74,7.435,5.68,5.253,8.693,3.127,3.276,3.715,2.723,1.819,6.913,9.162,7.212,6.389,9.566,7.561,6.989,5.437,5.469,8.014,4.013,6.191,8.325,5.234,6.745,6.524,5.381,5.169,5.904,6.996,5.557,7.149,7.076,5.332,8.443,9.083,5.964,7.351,6.202,4.482,7.877,5.478,3.545,6.924,5.277,8.668,4.88,5.1,4.199,8.872,7.503,4.41,5.565,5.834,3.909,6.494,5.835,6.159,0.627,5.566,6.709,4.871,7.465,6.084,5.973,5.46,10.747,7.409,6.596,4.028,8.705,8.223,4.93,4.623,9.613,5.236,7.07,7.352,4.581,7.026,5.094,8.415,6.06,3.924,7.375,4.25,5.797,6.592,6.985,4.905,5.548,4.506,2.712,5.061,7.192,5.785,3.951,7.646,4.035,9.758,8.254,4.322,5.627,4.802,3.285,7.661,10.702,5.476,8.285,6.486,4.805,8.395,2.967,4.895,2.791,4.826,5.855,6.177,7.029,6.591,7.068,4.648,8.216,4.675,3.302,9.264,3.482,2.791,4.892,5.215,2.147,7.072,4.95,8.275,4.91,6.973,8.305,4.153,7.093,4.138,6.016,5.947,3.305,3.903,7.064,5.99,8.292,8.003,7.339,4.976,10.164,5.627,2.999,5.894,4.931,6.902,5.361,3.745,6.778,4.848,6.801,6.122,6.537,7.761,7.18,4.845,8.119,6.327,3.55,6.17,6.835,9.799,4.04,1.529,8.444,7.678,5.75,4.951,3.056,4.776,5.71,3.184,6.389,6.681,6.994,7.34,3.656,7.9,8.874,4.139,7.927,7.091,5.651,4.455,6.396,6.467,5.186,1.558,6.049,4.235,4.849,6.773,2.469,6.617,3.872,7.024,7.696,5.478,5.825,6.691,9.709,2.681,6.203,5.12,4.98,6.146,2.905,9.179,2.923,7.033,8.664,4.381,5.692,8.362,7.31,8.68,6.416,4.215,7.308,7.248,7.898,5.27,3.128,6.731,5.475,4.995,5.065,2.562,8.609,5.143
TRI-223,7.138,5.23,5.765,4.824,5.576,6.359,4.667,1.662,6.784,6.074,6.073,5.971,7.65,4.465,7.015,2.658,7.054,3.386,7.897,8.863,6.313,8.414,7.794,7.19,6.395,5.402,5.996,3.886,7.105,6.811,4.988,6.361,7.173,7.018,7.646,5.036,8.172,7.125,6.523,4.452,3.21,4.994,6.79,5.424,3.07,6.683,6.071,9.099,5.522,6.688,5.59,7.35,9.142,5.947,5.745,5.316,3.865,6.205,7.81,5.99,5.292,5.69,6.43,8.802,8.388,4.365,9.816,6.827,8.595,5.836,7.538,5.9,5.172,5.705,5.562,4.484,6.748,4.422,7.715,3.199,5.534,5.285,4.082,4.332,5.08,6.667,6.33,9.29,7.633,4.504,6.578,7.127,6.555,9.434,7.156,3.487,5.693,7.7,6.972,3.565,4.671,1.659,5.107,5.39,6.707,6.631,5.232,5.989,8.01,9.693,5.811,1.352,5.921,5.852,7.89,5.136,6.18,8.503,6.986,6.625,6.435,4.502,8.417,8.149,6.908,6.031,5.51,2.228,4.394,4.561,5.199,4.326,7.996,5.457,3.68,1.977,4.571,7.488,6.72,5.988,7.343,8.035,8.15,3.013,6.012,8.774,7.357,5.712,4.314,7.093,5.947,6.54,7.261,8.364,5.184,4.87,8.724,6.288,2.857,6.948,7.109,3.564,3.337,7.199,7.688,5.362,4.422,7.066,7.041,4.899,7.176,3.487,7.817,2.983,6.46,9.367,6.693,6.167,5.324,2.377,6.788,6.538,3.233,3.388,9.091,5.904,7.145,6.139,4.509,6.1,4.535,6.659,6.034,5.877,3.38,5.863,9.459,4.16,4.007,7.592,4.179,4.671,0.616,3.348,5.138,5.609,7.191,8.652,5.06,7.009,5.438,5.503,2.239,4.157,4.968,6.084,5.726,6.1,6.671,5.485,5.082,4.953,6.449,6.491,6.36,5.281,7.727,6.199,8.873,6.237,7.964,3.669,6.944,5.429,4.432,3.7,3.407,4.283,5.776,6.287,4.759,4.759,5.87,5.008,5.406,6.518,4.232,8.08,6.918,7.464,6.338,4.27,4.945,7.208,6.379,5.505,5.693,6.917,6.941,6.628,6.574,5.162,7.284,9.458,3.561,7.101,5.762,7.032,5.191,5.623,4.57,6.237,6.283,5.289,5.074,4.952,6.505,7.087,6.271,6.289,6.582,4.761,8.629,4.053,6.249,7.144,5.133,8.586,6.525,2.674,5.545,6.87,6.649,7.048,2.504,5.81,6.814,4.754,6.214,4.037
TRI-224,5.212,7.447,5.912,3.593,2.761,8.43,6.432,8.981,5.888,8.202,6.969,6.041,6.649,7.825,7.343,7.213,7.306,3.805,7.23,5.782,5.583,7.374,5.465,4.722,7.403,6.417,6.256,3.913,5.761,6.295,3.364,5.859,3.825,6.983,6.529,6.755,5.931,9.793,5.197,9.66,4.705,3.787,8.398,6.547,5.229,9.558,5.495,5.538,8.778,5.983,5.34,8.184,6.032,5.083,5.291,4.837,5.279,6.376,4.299,4.921,8.604,5.838,5.985,3.836,4.967,6.743,7.826,9.495,5.456,4.28,7.856,4.809,3.298,5.344,5.875,8.827,5.429,3.91,3.171,6.57,5.693,6.093,5.407,5.471,6.987,6.745,8.575,7.044,6.393,5.243,4.719,4.517,3.862,6.186,6.511,8.144,4.565,4.81,9.012,5.246,6.089,4.288,4.741,5.744,6.381,10.186,6.686,5.813,5.289,7.551,7.105,2.896,9.755,6.793,3.961,6.07,5.771,4.859,5.239,8.888,6.804,9.332,6.609,8.087,4.208,4.494,6.439,3.527,7.287,6.851,5.968,6.405,5.6,6.197,10.053,3.423,4.2,7.133,3.96,4.792,7.595,7.386,7.911,8.309,7.971,6.2,8.073,5.577,6.115,6.365,7.512,1.635,5.001,6.286,6.694,7.733,7.959,8.496,8.002,8.464,7.934,6.76,4.222,6.907,8.181,5.995,8.81,5.661,6.409,7.265,4.79,7.38,7.172,3.655,5.546,5.934,5.992,7.752,3.42,6.66,4.903,8.199,5.936,6.248,4.118,6.163,5.023,7.811,2.363,6.181,2.183,6.206,5.577,3.721,3.091,3.541,3.513,6.684,5.54,5.055,5.146,5.11,5.782,5.585,6.49,5.211,7.447,5.941,5.6,8.548,7.351,4.455,6.909,5.02,7.241,2.95,3.85,6.266,6.987,5.449,5.579,7.065,4.956,6.938,3.631,4.352,7.147,6.549,6.826,7.367,6.401,3.229,7.011,8.004,7.511,6.776,7.049,6.857,4.387,8.348,7.209,6.515,3.828,4.29,5.816,5.121,6.54,8.039,6.954,5.272,5.739,6.857,7.842,7.483,5.215,7.575,7.957,5.101,9.059,4.451,4.414,7.523,7.609,5.593,4.536,8.364,7.471,6.637,5.469,3.182,5.826,4.216,5.004,5.036,5.021,6.947,5.099,4.217,4.108,7.319,5.476,7.68,5.624,4.204,5.32,4.983,4.805,5.363,4.548,3.632,5.519,8.922,7.546,6.672,5.257,4.183,5.95,4.314,6.349,7.344
TRI-225,4.094,5.885,6.276,7.088,5.174,4.225,6.028,6.829,9.085,7.266,2.594,6.408,6.985,5.929,7.124,4.127,6.029,6.051,8.74,6.296,6.066,4.485,5.332,7.52,6.391,3.78,5.65,6.661,5.039,5.482,6.917,6.276,7.489,9.687,8.053,5.477,7.124,4.341,4.308,5.86,6.987,4.859,8.004,3.85,5.325,3.202,4.357,7.721,4.412,5.688,7.492,7.518,4.171,2.945,1.729,6.388,5.954,5.912,5.05,7.96,7.362,8.471,7.707,5.005,3.577,6.463,9.318,4.789,5.483,2.274,9.044,2.938,6.467,4.166,7.759,5.018,6.083,7.35,8.622,3.981,8.594,4.039,7.008,4.833,6.542,7.325,8.912,5.697,6.888,3.22,8.125,7.482,4.945,5.726,10.374,3.792,3.767,3.704,7.414,6.995,7.925,8.183,4.874,9.207,6.115,5.763,9.773,6.256,5.551,7.93,1.161,3.829,6.391,6.511,7.173,4.486,5.627,6.107,7.461,5.18,4.633,4.95,7.533,5.295,8.778,5.689,4.416,5.315,5.001,6.258,6.38,9.552,3.174,6.669,3.494,6.174,4.325,3.761,7.778,8.429,4.762,7.556,4.856,3.128,11.068,3.686,4.547,4.423,7.825,4.569,8.711,4.881,4.907,4.551,5.559,5.47,5.811,7.761,6.464,10.263,7.005,1.697,4.84,5.659,6.867,6.69,5.668,3.849,4.03,7.277,7.025,6.332,5.551,3.544,6.477,2.778,6.295,4.81,5.358,4.994,5.873,2.731,3.344,7.232,6.561,4.751,3.137,5.949,4.379,5.612,10.24,6.025,6.309,6.58,9.721,6.563,6.642,2.757,3.619,3.407,7.259,5.199,6.757,4.289,1.963,8.389,6.154,6.894,4.751,6.436,5.172,6.306,7.147,6.643,5.048,6.404,3.82,7.98,5.756,6.726,4.247,7.043,5.32,7.011,5.087,2.72,7.186,5.392,7.153,6.858,2.672,6.398,5.596,6.667,5.245,7.557,6.566,6.994,5.799,4.991,7.855,8.311,3.582,5.698,5.721,5.234,8.517,10.206,5.722,5.865,5.043,6.502,5.505,5.124,3.636,4.044,6.657,4.128,8.096,4.375,5.258,8.133,5.033,6.008,3.579,7.435,4.13,3.546,5.356,5.448,4.58,3.749,7.817,5.453,7.799,6.772,6.281,4.791,2.888,6.144,6.571,6.459,5.926,7.628,6.188,6.918,7.726,6.293,9.73,8.208,4.207,6.496,5.181,4.941,6.131,8.475,6.513,5.275,3.974,8.835
TRI-226,5.027,6.714,4.501,8.122,5.957,4.229,6.197,5.417,4.527,5.713,3.946,4.227,3.97,6.176,4.79,5.856,6.64,3.255,4.59,5.894,6.344,7.992,7.256,6.103,8.372,6.768,8.76,7.242,3.208,4.35,4.605,6.197,4.548,6.217,2.192,7.499,5.442,5.921,7.4,6.265,7.285,4.755,5.628,8.183,4.567,5.319,7.915,3.324,6.259,5.922,5.915,4.295,6.477,5.883,4.676,6.79,4.115,5.39,4.3,6.075,3.56,7.9,5.136,7.956,8.969,6.894,7.782,6.605,7.874,9.571,5.4,3.506,6.323,3.835,7.156,7.287,5.0,5.002,7.546,6.918,5.062,8.374,5.744,7.154,5.458,6.707,2.968,5.415,6.398,5.517,4.702,9.262,4.317,5.203,5.756,4.871,6.326,7.724,4.032,5.055,5.926,5.306,6.976,7.52,5.041,8.965,6.346,3.813,4.839,8.369,4.217,4.979,6.523,6.354,8.13,7.786,6.573,4.608,8.079,1.889,7.591,6.058,6.464,7.357,4.044,5.546,7.408,6.835,5.736,5.508,5.765,5.897,4.472,4.896,6.224,6.277,3.205,5.485,6.19,6.506,7.79,5.815,6.762,8.355,9.014,6.552,8.544,5.195,5.857,5.656,7.56,4.633,7.232,7.321,3.201,8.042,5.5,5.746,5.114,5.264,5.023,8.054,9.582,8.122,5.579,4.399,5.717,6.809,7.671,3.03,4.559,5.475,8.099,4.906,5.1,7.022,6.748,6.55,4.93,8.497,7.693,7.961,6.141,7.798,3.829,7.468,4.491,6.761,5.342,7.72,7.495,6.274,8.886,7.755,4.637,8.751,3.285,6.348,5.264,6.26,6.558,5.88,8.606,6.213,5.369,8.279,5.713,4.423,9.187,6.869,9.261,5.473,8.482,5.026,5.837,6.71,6.878,5.745,6.302,3.857,3.05,3.986,5.678,7.553,4.599,5.406,6.429,7.762,3.375,6.086,5.318,6.552,4.636,6.394,7.898,4.988,8.36,6.438,6.11,5.401,7.835,5.699,9.011,7.82,5.191,8.655,6.318,3.437,3.381,6.66,5.995,7.037,4.424,3.808,6.335,5.845,5.09,6.645,5.352,7.113,7.945,6.344,8.006,4.194,8.9,6.334,7.458,5.862,6.518,8.047,8.475,3.528,6.075,7.788,6.1,3.693,4.504,6.16,7.092,9.554,5.105,6.711,4.133,4.67,6.815,5.15,4.784,6.791,4.949,5.945,4.75,4.345,9.644,7.151,2.851,3.918,6.225,4.224,4.507,5.365
TRI-227,7.375,5.623,7.564,4.936,4.804,5.669,6.563,6.574,6.023,9.25,9.323,5.996,5.259,5.579,5.963,8.47,4.449,6.181,4.656,5.045,6.553,6.087,6.776,5.45,6.281,7.5,4.567,5.984,3.172,5.122,4.747,7.019,8.057,5.024,8.84,4.732,7.278,5.269,4.902,3.019,2.694,6.968,5.628,6.599,7.356,7.119,8.23,6.184,6.143,4.786,6.575,7.489,4.439,3.436,4.689,8.285,5.874,5.474,6.697,6.544,6.618,3.616,3.498,4.016,6.851,6.532,6.37,2.474,5.765,5.898,6.41,5.208,6.213,8.108,6.688,6.259,5.925,6.381,5.52,8.158,7.292,6.054,2.721,7.513,5.752,6.907,7.131,4.943,4.53,8.444,5.04,7.67,7.966,6.241,8.907,5.332,5.189,8.049,5.306,6.723,4.964,3.581,4.302,7.397,5.937,6.943,2.991,8.452,8.266,4.694,10.886,6.505,6.644,5.84,2.464,5.579,6.663,3.394,5.722,5.159,4.059,8.045,6.501,8.119,4.614,5.866,10.104,2.56,4.069,6.888,5.044,5.699,6.437,4.267,5.611,5.464,8.555,6.769,9.334,5.617,6.285,6.236,4.047,6.139,8.269,5.462,7.014,6.06,7.966,6.438,6.187,8.314,5.151,4.326,5.977,6.624,6.509,7.033,4.728,4.346,4.86,3.991,7.306,9.98,4.021,6.332,6.118,7.437,5.755,7.069,6.582,5.294,7.507,6.322,4.65,5.75,9.086,8.419,8.414,7.43,8.118,4.39,4.927,8.666,6.025,5.318,6.117,4.4,5.755,4.387,6.114,8.337,2.53,3.766,8.135,3.585,6.568,6.752,4.444,6.337,8.278,5.17,7.34,4.21,7.576,7.47,7.666,8.509,4.53,9.273,5.806,6.48,5.128,5.076,4.811,5.929,3.579,7.228,8.114,2.543,7.495,9.097,4.846,5.415,8.417,5.354,5.591,5.078,4.531,5.565,4.767,5.702,7.622,5.298,4.514,5.798,9.316,6.923,7.032,5.544,6.601,6.397,7.795,3.66,5.803,7.757,3.798,5.521,4.512,4.471,7.715,5.33,6.398,6.263,2.35,4.897,6.262,2.087,7.066,6.095,5.804,8.022,10.04,5.72,7.504,9.489,7.474,5.171,5.823,7.877,10.36,7.215,6.553,5.605,5.751,4.803,4.52,9.645,6.691,7.629,4.512,4.305,6.588,3.758,7.24,7.254,3.652,5.916,6.946,5.409,7.295,6.449,7.716,9.457,2.466,6.556,8.395,5.383,5.154,5.729
TRI-228,7.676,3.355,3.873,1.428,7.075,8.784,5.185,7.46,3.623,3.39,6.159,7.12,3.207,4.453,6.359,6.449,4.737,4.483,5.888,6.163,2.393,5.27,8.432,5.892,5.476,5.376,5.804,7.042,5.29,5.891,7.575,4.201,7.941,2.789,5.311,6.493,10.646,7.356,5.489,6.534,6.029,5.828,3.448,8.349,3.826,2.942,5.216,5.405,3.476,6.221,5.223,4.923,7.532,6.646,3.52,5.644,3.444,4.853,4.654,5.272,5.539,4.75,8.343,7.867,5.609,4.695,4.012,6.953,8.692,5.721,7.969,3.396,3.094,9.131,6.927,5.223,6.044,6.226,7.751,4.377,5.303,8.01,6.938,8.495,7.353,7.473,8.107,2.955,7.81,5.086,6.051,6.088,7.708,5.484,5.738,4.511,5.697,7.379,6.36,3.519,6.443,4.964,3.937,5.942,5.524,3.855,6.765,4.317,3.988,8.014,6.713,4.486,4.296,6.352,6.95,3.757,5.728,2.754,7.717,7.74,7.298,3.575,5.408,4.535,8.13,5.965,4.22,4.276,5.888,6.828,4.805,7.364,7.729,6.614,4.809,5.547,0.695,4.123,5.626,7.269,8.298,5.354,3.814,3.627,7.559,6.762,5.761,3.066,7.32,3.909,7.867,5.904,5.194,6.628,5.998,4.47,8.114,5.99,4.526,2.215,5.896,5.859,5.225,8.504,3.627,5.707,4.671,8.057,5.325,6.515,3.281,5.97,4.426,5.197,4.005,6.019,6.023,6.904,6.212,8.278,8.12,6.348,4.926,7.046,6.309,5.598,3.553,4.336,5.343,8.229,4.668,8.026,5.488,5.004,3.135,9.239,7.864,7.069,2.923,6.135,7.13,4.237,5.099,7.208,6.204,4.608,6.44,3.734,6.424,8.463,5.127,6.333,5.291,2.48,4.981,6.813,8.102,6.777,5.156,5.948,4.756,7.807,4.138,8.269,6.505,6.752,4.851,6.458,9.827,5.656,8.458,5.217,5.888,6.386,7.189,6.207,5.247,7.994,6.851,4.763,5.335,7.882,4.724,6.519,7.332,7.357,5.23,5.75,8.685,3.924,6.195,7.044,5.55,9.229,6.653,3.518,7.226,6.192,5.779,6.007,4.344,9.937,7.645,5.849,3.873,4.712,8.516,3.711,2.776,4.471,8.749,4.445,4.38,4.205,6.437,6.823,6.183,7.537,6.686,6.226,4.972,10.035,5.664,7.156,5.051,6.73,5.7,6.503,3.487,7.519,6.376,5.37,3.989,7.07,4.533,6.551,7.452,5.696,5.734,5.87
TRI-229,6.124,4.292,3.553,3.772,4.789,1.822,7.965,6.494,7.438,8.365,5.292,7.74,6.788,4.249,10.438,4.864,8.712,6.697,3.988,7.853,4.269,3.869,4.19,7.32,6.455,6.52,2.63,6.444,2.405,8.613,6.607,4.921,5.624,5.37,6.623,7.587,8.775,7.643,7.349,7.816,9.046,3.433,8.612,5.489,7.804,6.23,8.056,9.063,5.92,7.072,4.205,5.357,5.99,6.068,6.012,7.851,3.567,5.815,7.477,5.626,7.91,7.031,6.125,7.709,5.773,7.385,6.753,8.29,7.46,5.976,6.095,6.992,4.549,4.565,1.734,8.197,3.096,5.266,6.442,6.682,6.679,8.832,4.034,6.234,8.11,6.87,6.051,6.091,6.775,3.967,6.033,6.189,7.651,6.505,3.671,4.985,7.157,8.672,6.024,6.501,4.599,3.319,5.991,7.177,4.144,7.115,6.31,4.702,7.348,7.493,4.027,6.406,7.647,8.177,6.428,3.667,6.827,5.855,7.074,7.913,5.277,1.526,3.748,7.969,2.388,4.902,6.173,4.093,8.147,7.927,6.782,8.905,5.349,7.78,6.944,6.944,7.735,6.085,8.557,5.026,7.802,8.374,6.541,2.097,6.202,4.914,6.581,4.778,6.51,2.598,8.059,4.278,7.233,7.06,8.392,7.86,4.773,6.398,5.602,5.34,2.789,7.456,7.015,5.585,6.171,5.707,2.466,8.849,4.349,5.946,5.439,6.351,7.729,4.903,5.768,5.648,5.719,8.364,4.155,7.12,6.059,6.223,4.401,4.449,7.142,4.705,5.517,7.455,8.006,6.549,8.874,4.35,8.749,5.26,7.751,6.454,6.394,7.358,6.95,7.733,6.592,6.595,6.264,6.991,1.822,6.868,6.635,6.901,4.284,4.429,6.737,1.473,7.319,7.302,8.247,5.098,6.697,5.633,4.264,2.704,8.801,3.329,7.184,5.904,8.039,1.836,4.304,6.503,5.497,7.664,5.405,7.775,6.284,7.843,4.496,9.12,4.217,6.744,5.512,5.493,5.008,4.927,2.481,7.285,6.357,7.107,6.54,4.192,3.27,3.574,7.802,6.103,4.219,3.485,3.434,7.075,3.521,9.544,8.24,7.112,8.271,6.727,6.998,6.097,5.952,6.141,4.082,5.452,4.136,6.261,4.381,6.256,8.712,7.902,5.09,8.598,7.608,2.34,3.294,6.716,6.407,5.007,5.687,5.905,6.981,7.114,6.676,8.355,5.789,5.889,5.562,5.156,4.124,8.916,4.037,6.887,6.74,6.315,6.134,3.363
TRI-230,5.116,5.536,5.943,5.564,7.063,7.352,5.947,7.575,4.568,5.501,4.114,2.899,4.868,6.377,6.086,8.921,6.525,3.347,5.289,5.966,2.878,7.558,6.749,6.957,6.029,4.592,7.607,7.789,3.856,4.233,4.11,9.181,4.213,3.976,5.108,7.142,6.339,3.871,5.229,4.019,8.813,5.551,5.272,5.173,2.772,8.173,6.536,6.917,7.292,4.76,4.335,5.032,5.191,9.352,7.942,5.952,4.631,6.988,2.401,4.26,9.914,5.527,3.108,7.382,8.666,6.083,4.718,7.769,4.313,5.492,6.873,3.916,5.657,4.69,6.587,4.141,7.206,4.661,5.807,6.7,5.983,5.03,4.38,7.278,4.491,6.017,5.02,7.346,7.177,6.666,5.29,6.486,3.921,2.995,8.549,4.672,6.553,6.085,6.358,6.992,6.333,5.581,6.922,2.924,6.452,3.585,3.88,5.525,3.807,2.14,6.798,5.817,6.658,7.112,4.447,8.042,5.297,6.314,7.496,4.409,4.528,5.133,7.367,9.228,6.062,4.588,5.156,3.428,3.623,6.338,6.071,3.893,5.212,6.517,4.905,4.174,5.712,8.153,5.251,5.91,7.703,5.549,7.369,6.236,7.021,7.243,6.069,5.003,5.728,3.871,5.781,3.224,4.188,5.952,4.002,6.818,3.351,6.289,6.371,6.296,4.13,7.64,3.325,3.635,6.704,2.235,6.998,5.565,4.138,5.338,4.473,5.314,6.313,5.16,9.516,6.609,4.878,7.97,8.666,7.548,5.82,5.237,3.139,4.422,8.121,6.172,4.757,5.974,6.081,8.561,4.487,4.443,8.359,8.925,6.501,6.071,4.713,5.751,5.363,5.593,5.632,6.385,10.644,6.363,6.679,6.079,10.347,5.974,2.247,7.582,2.449,5.874,5.51,3.995,6.942,5.386,2.746,6.129,6.208,7.498,8.742,5.703,4.975,7.655,5.726,6.414,3.403,7.148,7.034,4.312,5.455,8.174,3.588,7.199,3.202,5.191,3.576,7.65,8.93,3.819,7.389,4.137,6.315,5.948,7.989,7.599,8.283,7.786,5.339,3.765,5.952,9.165,6.713,8.062,6.866,4.168,7.453,8.048,7.691,5.833,4.028,5.423,8.14,5.464,7.647,7.404,7.055,6.128,6.692,4.632,4.892,6.516,4.518,6.036,8.539,4.499,6.828,6.891,9.334,5.895,4.952,4.999,4.396,6.908,4.575,6.989,7.855,6.116,4.538,5.43,5.012,6.555,9.186,6.225,7.603,7.711,4.662,5.504,8.268,8.543
TRI-231,9.426,4.837,2.662,6.269,7.966,7.38,3.595,9.149,3.476,6.249,4.797,6.116,4.818,4.768,4.125,6.72,8.811,7.807,8.79,7.181,7.936,6.693,3.759,6.224,6.515,5.381,8.515,4.097,5.911,6.855,6.495,4.662,5.339,6.285,2.658,4.19,7.432,3.559,5.97,2.999,8.414,2.438,8.242,5.862,5.793,7.881,5.103,7.85,6.727,6.888,7.244,6.873,6.327,4.949,7.567,8.032,6.299,6.131,7.579,7.267,5.428,7.962,2.997,6.248,4.776,6.837,5.925,1.987,5.482,9.946,4.359,4.177,9.714,4.407,7.214,6.62,4.852,8.041,5.566,5.049,5.908,5.642,5.596,6.02,7.649,3.901,6.527,6.95,5.734,6.761,4.988,9.412,5.22,5.75,5.722,5.015,3.164,4.83,5.174,6.447,9.506,8.042,7.143,6.15,6.42,5.233,4.35,8.912,6.009,4.197,7.582,7.181,6.776,6.28,5.372,3.911,3.238,6.069,6.659,4.857,3.583,3.522,6.654,7.176,5.269,6.667,6.58,3.355,3.343,8.337,6.302,5.709,5.381,5.295,6.471,4.06,5.499,6.769,4.565,7.619,7.758,6.336,4.618,3.29,3.84,5.681,7.945,4.446,6.922,4.422,8.021,6.198,6.702,5.023,6.047,8.076,8.417,8.327,6.373,4.89,6.58,6.867,9.101,5.676,8.206,6.453,5.666,5.975,7.396,5.874,5.451,4.537,5.796,6.248,4.962,9.132,5.654,3.463,5.85,6.714,5.589,7.673,6.54,7.781,9.217,4.162,6.089,3.075,8.153,7.016,2.439,6.015,8.544,5.084,3.886,5.487,7.34,5.607,5.769,6.263,7.041,5.556,3.744,6.848,5.737,7.274,6.687,2.813,2.71,4.211,4.545,2.081,1.478,8.348,6.777,6.666,4.937,5.503,5.861,7.421,1.742,7.248,6.919,0.769,7.423,5.685,6.748,7.045,8.026,7.003,5.713,4.93,6.267,6.0,7.687,7.626,6.451,9.501,6.113,8.523,4.943,6.405,5.813,9.859,3.856,9.519,4.778,8.379,7.19,4.295,4.532,2.257,3.161,5.45,6.843,4.925,5.229,6.026,6.94,8.756,6.109,5.994,7.597,2.44,5.204,8.666,7.262,5.842,5.51,7.758,6.348,6.3,7.062,9.031,1.865,3.057,6.282,6.08,5.253,3.967,5.434,6.291,7.697,3.984,7.154,5.803,9.004,6.078,9.202,4.607,6.393,8.007,4.0,7.322,6.299,7.825,6.314,5.495,5.769,4.174
TRI-232,4.874,8.794,9.474,7.909,8.983,10.347,5.802,3.697,4.89,4.845,3.929,5.031,5.671,6.7,5.507,4.651,5.981,4.93,9.777,5.679,8.288,4.525,9.371,3.776,7.188,9.738,4.096,6.585,7.669,6.638,3.452,6.478,7.117,4.275,4.28,6.673,4.078,8.496,9.237,6.903,5.27,8.095,6.007,5.753,5.491,5.154,5.532,2.672,6.467,5.597,7.427,7.22,6.635,5.704,5.763,6.368,4.117,3.35,9.03,3.897,3.121,4.161,5.423,6.978,2.905,6.367,6.249,5.82,6.528,3.036,10.172,7.452,2.608,4.314,4.047,7.467,8.41,5.979,8.587,6.717,7.709,4.827,3.487,4.136,6.535,8.309,6.3,4.341,7.352,6.092,4.46,5.893,4.361,7.234,5.235,4.65,8.346,3.019,6.753,8.058,6.262,3.619,8.596,5.35,6.127,7.08,4.049,6.486,6.997,5.233,0.552,6.093,3.373,4.732,8.286,3.066,5.57,9.186,4.695,1.301,5.421,7.375,4.846,6.106,5.575,4.909,4.94,7.439,7.859,4.153,5.883,5.279,6.935,6.824,5.01,3.791,6.549,5.446,4.26,4.577,7.662,5.735,7.132,3.597,5.018,4.536,5.186,6.003,6.789,4.834,5.985,8.125,7.218,7.177,4.283,5.246,9.206,7.12,6.097,7.549,5.664,9.984,5.346,7.89,7.544,6.048,5.218,4.757,7.969,3.855,5.49,6.655,5.461,3.761,6.651,5.643,5.186,5.847,4.19,2.569,2.842,5.055,7.283,5.176,5.115,5.705,3.378,7.657,4.124,5.886,7.588,6.811,8.526,9.343,8.758,7.314,4.556,5.505,7.823,6.329,4.47,4.951,3.819,4.329,5.746,5.446,7.456,4.16,6.502,5.888,4.012,8.432,8.347,4.217,7.197,6.21,2.798,9.142,9.5,5.482,9.048,7.189,4.478,5.913,6.847,7.654,5.789,10.139,6.619,9.696,7.504,6.487,5.347,7.236,5.411,7.008,7.261,6.807,5.361,7.587,7.012,6.489,6.75,6.45,5.946,5.834,7.291,7.501,6.265,4.829,8.142,5.661,3.919,6.855,10.256,5.339,6.282,6.65,7.203,2.871,3.76,5.01,5.823,8.251,4.541,4.927,7.587,3.668,6.113,5.403,8.75,8.291,6.526,5.25,10.437,5.693,5.467,7.676,5.325,6.932,3.774,4.801,7.108,5.715,6.21,7.366,6.381,9.306,4.446,5.626,7.71,5.336,5.716,3.048,6.419,2.899,5.858,4.61,4.226,4.425
TRI-233,5.342,7.659,4.019,5.459,7.041,4.391,7.694,5.243,2.959,3.755,4.749,7.595,3.345,6.286,6.677,4.089,7.404,7.939,5.511,8.304,7.001,0.999,2.964,6.604,6.013,6.505,3.266,5.773,7.777,2.887,8.642,6.461,4.89,6.832,7.943,5.289,7.215,4.636,6.107,3.351,3.516,6.588,7.598,3.699,8.369,6.711,8.24,7.391,5.116,6.059,6.686,7.406,4.403,6.495,8.896,7.25,2.239,6.614,6.076,6.9,2.959,7.399,5.366,7.052,6.813,7.951,5.713,8.027,4.009,5.024,8.382,6.971,8.094,4.05,6.174,3.177,3.368,6.523,6.735,7.141,5.965,3.757,6.613,7.55,4.718,6.738,7.263,9.081,5.183,7.027,6.819,5.153,7.346,7.343,6.401,6.991,6.974,4.329,3.895,6.122,8.86,3.828,5.872,4.735,1.653,10.041,4.293,3.773,4.48,4.561,6.125,5.638,5.601,7.113,6.302,7.98,5.005,3.956,6.085,7.786,6.907,4.297,4.633,8.985,6.939,4.847,4.474,6.438,6.337,5.325,7.099,6.933,6.93,7.479,3.861,6.788,5.071,5.882,5.619,7.002,7.038,5.946,6.674,4.869,7.7,5.698,8.198,4.254,8.178,5.347,4.09,6.005,3.094,5.672,2.896,8.545,7.557,6.607,6.18,7.4,2.014,5.614,5.087,8.139,4.037,5.537,7.229,4.134,7.095,7.218,7.727,5.14,6.986,7.667,6.357,6.89,7.466,6.614,6.809,5.296,4.482,7.249,6.58,5.244,4.61,4.969,7.105,5.626,5.49,6.013,6.439,4.116,7.716,7.211,3.458,4.82,2.078,8.47,7.044,8.85,3.059,4.235,6.526,5.593,5.585,6.299,5.12,6.982,7.986,7.559,5.781,5.069,5.739,6.95,7.657,6.795,3.145,8.415,7.929,4.934,8.692,6.184,5.516,2.586,4.072,5.585,6.663,3.195,7.192,8.014,6.332,6.285,5.968,4.413,5.12,5.73,9.439,5.765,5.747,5.865,6.067,7.899,6.319,7.404,5.61,5.374,6.893,2.178,5.243,4.13,4.467,6.718,6.906,6.918,6.719,3.883,10.515,4.385,7.692,7.4,4.572,7.578,4.383,4.81,4.96,9.884,6.649,5.484,9.598,6.306,5.492,5.803,6.339,5.415,4.203,4.927,5.846,6.154,7.567,6.374,9.059,8.239,4.415,6.778,5.651,5.0,3.002,5.155,4.64,6.362,6.587,9.86,8.61,4.148,6.46,4.611,1.443,5.575,7.865,4.25
TRI-234,7.284,3.231,4.08,6.342,7.077,5.052,8.809,4.472,7.179,4.022,5.394,3.726,5.794,7.664,8.593,5.804,4.799,3.125,2.371,7.911,4.439,5.891,6.083,6.843,4.319,2.454,9.262,7.059,4.168,6.629,5.712,5.485,1.459,6.582,6.566,4.57,6.701,6.036,5.309,4.312,6.636,6.816,7.298,5.093,4.447,6.743,3.176,5.689,6.308,4.278,5.739,6.23,4.965,5.247,3.414,6.64,7.142,5.923,5.385,3.763,4.552,8.272,3.196,5.051,6.649,11.501,6.769,5.607,7.837,5.658,6.574,4.527,4.696,1.444,5.247,6.85,7.34,7.979,10.085,5.817,6.944,5.226,5.683,5.303,8.023,6.85,6.988,8.233,7.245,5.788,5.802,7.191,5.819,2.717,6.284,6.514,4.894,5.077,5.471,6.504,5.197,6.766,3.794,7.66,6.366,8.038,6.495,6.817,2.878,7.374,5.059,6.605,5.699,5.092,4.589,2.866,8.385,6.323,6.738,7.269,6.935,5.339,4.167,7.744,2.889,6.698,9.268,4.639,3.466,4.332,6.567,6.387,5.59,6.277,4.777,5.906,8.982,9.013,4.118,4.807,5.066,7.801,6.222,4.087,5.624,6.592,7.596,8.434,4.147,4.956,6.053,8.33,8.094,5.57,8.622,8.14,7.973,3.69,6.083,8.276,6.98,3.502,5.564,2.586,5.278,8.293,9.557,7.334,7.546,3.705,4.561,7.337,7.029,4.415,9.958,7.037,5.173,8.216,8.673,3.792,5.66,5.907,4.429,7.347,4.237,7.488,4.558,6.613,7.364,8.256,7.363,8.474,4.849,4.392,2.31,5.126,4.349,5.776,5.214,6.009,8.895,5.887,6.772,6.789,6.417,4.409,7.336,4.935,4.78,3.079,5.39,5.209,4.715,8.731,6.949,5.784,4.547,6.653,4.461,8.612,4.336,7.252,7.334,6.53,7.555,4.764,6.397,6.88,5.544,4.714,4.236,4.998,6.809,6.72,7.208,4.898,3.58,6.468,5.0,7.134,5.749,7.045,2.735,5.053,4.234,7.259,3.697,4.89,8.243,4.621,4.317,6.472,3.134,7.135,6.812,7.159,6.302,7.668,2.05,4.313,9.295,3.662,5.262,7.969,6.446,3.453,9.067,6.99,4.798,5.229,8.29,5.69,4.046,5.76,4.007,7.283,3.766,6.678,5.519,5.186,6.855,3.437,5.534,5.837,2.776,1.979,4.817,6.444,5.165,4.002,7.059,3.716,5.713,5.471,5.549,9.039,8.868,6.444,9.766,4.985
TRI-235,1.711,6.193,4.77,5.431,1.162,5.773,3.717,1.936,5.128,7.541,3.57,6.05,6.845,7.373,5.753,5.839,7.976,7.257,3.562,9.707,5.539,6.624,6.127,7.049,8.031,5.277,6.067,3.557,5.893,4.181,7.819,4.356,7.846,8.416,6.716,3.807,3.397,6.144,4.653,1.211,5.006,5.689,4.283,3.767,3.765,5.18,8.081,7.037,4.995,6.084,7.507,5.143,8.287,4.736,3.477,6.85,7.003,8.14,6.718,8.203,7.575,5.024,4.695,6.764,5.593,6.14,8.416,9.309,4.836,6.742,5.079,5.916,3.809,6.457,8.119,7.223,6.296,5.643,5.948,6.665,7.122,6.21,5.729,6.155,6.083,7.038,5.363,6.783,5.832,6.03,4.944,6.522,4.583,5.561,5.213,1.945,7.116,4.821,6.677,6.842,5.167,7.586,5.748,5.96,5.536,9.614,8.605,10.925,4.247,4.209,3.242,9.97,1.127,8.315,7.654,6.469,1.195,7.852,6.984,4.134,6.021,5.93,4.64,5.385,5.187,5.451,4.369,5.638,4.501,7.84,5.493,7.101,4.427,5.985,5.231,6.375,6.16,5.093,5.93,5.87,10.117,4.33,9.367,4.036,6.173,5.608,7.88,4.974,8.754,7.611,2.656,6.834,5.124,2.298,5.831,6.729,3.656,4.946,8.142,6.042,2.875,9.462,6.005,6.496,6.803,3.863,8.106,5.389,5.217,9.239,5.303,3.877,2.653,5.412,3.531,8.689,6.168,5.16,5.803,8.355,6.052,4.941,7.623,7.726,7.136,7.557,6.996,4.05,8.161,5.326,6.452,4.289,5.633,5.614,6.075,4.117,7.143,8.016,3.87,6.318,3.596,5.564,7.866,6.537,6.608,7.14,8.636,8.289,2.548,7.823,6.849,8.181,5.181,6.725,4.846,6.033,4.995,7.254,4.241,5.368,6.272,4.546,4.766,7.321,7.495,5.689,5.328,6.438,6.12,7.008,6.787,6.877,4.641,7.686,6.426,2.057,4.481,8.46,9.342,6.158,5.909,7.972,9.348,5.867,5.002,5.434,5.645,6.334,6.824,6.539,7.688,2.847,4.39,8.381,6.497,7.035,4.708,4.309,9.09,8.116,6.101,6.37,3.943,7.334,4.997,6.316,5.046,4.411,4.427,4.454,5.325,5.003,6.724,5.328,5.296,9.76,5.001,6.882,6.248,6.68,7.166,5.899,5.515,6.359,6.692,5.632,3.822,6.525,6.011,4.166,6.746,6.548,7.012,4.237,6.799,8.29,8.446,5.602,6.559,6.799
TRI-236,2.935,8.652,5.773,1.366,4.235,7.6,5.852,6.893,6.448,4.738,6.503,8.688,7.283,7.552,2.705,7.185,6.932,5.068,7.488,7.285,6.582,7.622,5.52,5.986,6.454,6.548,8.503,6.71,5.401,6.855,6.894,8.083,7.578,2.874,4.342,5.708,6.708,5.786,6.296,9.159,3.216,5.085,8.029,5.808,3.806,4.287,8.463,4.52,6.843,7.865,4.27,7.327,7.881,7.363,3.16,8.342,5.974,9.59,7.44,5.225,7.364,7.779,8.586,5.025,7.242,4.31,5.77,4.817,6.562,8.794,3.934,5.48,6.115,4.13,6.464,6.884,5.438,10.861,3.933,4.516,3.355,7.122,6.604,7.043,6.924,5.793,8.532,5.17,11.246,7.328,6.296,9.233,9.951,6.582,9.511,8.524,4.914,6.038,6.146,8.466,5.488,5.718,4.398,6.38,8.15,4.785,9.978,7.3,4.2,4.616,7.259,5.72,9.609,6.784,5.947,6.436,4.194,7.13,5.965,9.314,4.149,7.026,5.757,10.066,6.189,6.902,7.07,5.062,5.367,4.204,5.583,8.539,5.614,6.912,2.702,7.437,6.511,5.008,3.759,8.535,8.484,3.403,8.038,6.657,8.195,7.238,9.286,6.479,5.361,3.377,5.307,7.843,6.62,7.346,7.538,8.289,6.332,7.15,6.712,5.538,4.931,4.817,6.267,9.686,5.948,5.043,6.219,5.262,5.151,5.087,7.608,6.996,7.135,7.57,3.083,7.501,6.988,5.818,7.209,6.816,4.89,6.911,6.96,4.133,6.042,5.907,3.176,3.864,7.612,7.742,6.317,8.745,8.02,3.464,6.305,6.658,4.094,4.905,5.789,3.923,7.103,6.296,3.693,2.482,5.968,6.33,7.283,6.574,4.938,4.419,5.259,7.133,3.699,9.418,8.858,8.331,8.089,4.715,3.665,7.122,1.35,5.179,4.503,6.018,3.885,9.254,5.285,4.186,5.58,4.236,7.544,5.346,5.173,6.227,6.206,6.492,7.877,3.77,4.005,4.916,5.302,5.37,6.417,5.097,6.199,5.237,5.276,6.131,2.839,8.004,3.046,9.747,7.844,5.7,8.218,5.402,4.868,6.064,6.645,6.479,5.911,8.319,5.536,3.665,7.104,8.618,5.659,6.215,7.478,6.756,5.029,6.617,6.243,5.45,7.141,5.728,5.335,6.801,5.921,8.025,3.404,6.489,4.654,6.03,6.068,7.99,5.228,3.858,6.1,8.652,6.431,5.533,4.046,8.085,5.488,4.109,8.835,8.204,6.574,4.155
TRI-237,7.469,7.861,3.037,7.956,6.478,5.109,9.61,7.582,5.785,2.906,3.153,4.025,3.175,7.829,7.386,6.252,4.926,9.501,5.773,5.594,4.88,9.356,8.686,0.691,3.082,5.711,8.587,4.424,7.053,8.251,5.917,3.449,6.379,8.425,6.215,6.058,9.036,5.128,8.303,7.038,5.317,9.759,5.936,5.064,9.636,8.606,7.262,5.542,6.677,7.243,5.422,5.879,6.951,5.702,5.891,7.456,8.56,5.402,5.0,6.463,5.101,4.985,4.752,5.876,4.341,5.527,3.085,5.374,6.635,5.052,8.746,6.094,8.133,6.565,1.542,6.515,7.402,6.101,3.461,6.132,4.866,5.342,5.443,4.954,6.945,8.698,5.868,7.414,9.241,6.373,7.057,6.924,8.443,9.387,8.465,7.321,7.859,5.74,7.618,8.385,5.538,5.398,7.173,8.774,6.372,5.264,9.759,4.724,6.781,6.753,7.73,8.04,5.28,6.052,7.381,7.137,4.406,6.24,7.502,10.413,5.336,8.025,4.356,4.654,6.554,6.046,6.664,5.772,2.783,5.752,5.945,6.938,4.33,6.909,5.315,8.262,3.159,6.229,5.431,3.652,5.241,5.787,5.137,3.757,5.095,2.673,7.442,5.094,6.005,5.38,4.615,4.6,4.543,3.764,7.651,9.566,4.323,4.995,5.273,5.141,4.494,4.493,5.253,2.625,7.23,4.152,7.537,5.486,6.256,7.91,7.712,5.426,4.873,5.739,6.251,3.109,4.606,5.273,7.847,5.899,8.617,5.577,7.241,10.355,6.072,8.806,5.471,7.922,7.126,8.277,6.188,4.497,8.391,8.918,3.291,7.578,5.594,7.701,8.851,5.983,6.884,7.564,5.884,3.572,5.195,6.908,6.059,5.208,5.586,4.832,6.125,4.679,5.407,7.025,6.841,8.405,6.446,8.614,8.438,7.371,4.61,3.515,6.128,2.838,6.025,5.077,6.564,7.453,5.413,3.761,8.494,6.28,7.56,8.202,6.339,8.368,5.547,1.713,4.101,5.091,9.827,7.691,6.026,4.313,5.474,2.638,7.167,6.03,6.838,5.008,7.556,4.459,4.344,6.02,5.66,4.648,8.255,5.555,4.394,2.867,5.607,5.992,6.046,6.183,3.316,9.21,7.924,7.3,4.808,7.637,7.144,6.124,6.84,6.234,7.664,8.359,6.64,5.208,8.417,3.306,3.084,5.923,4.466,9.499,6.472,6.832,6.78,5.814,5.352,4.7,4.816,7.899,3.507,4.721,6.496,7.708,6.359,3.554,6.717,7.433
TRI-238,3.38,6.661,4.267,7.045,3.61,7.87,6.323,6.741,4.849,3.917,7.5,7.017,9.509,7.256,9.579,8.05,4.085,5.028,6.519,4.933,5.345,6.037,7.154,4.477,5.26,5.817,4.79,6.983,7.581,6.962,5.64,6.893,6.898,6.815,5.637,7.655,3.333,7.001,5.556,3.997,3.842,5.772,5.805,9.662,6.705,5.01,6.62,5.987,5.355,4.15,4.66,6.557,7.618,7.837,8.188,5.802,2.914,5.567,4.815,3.605,6.385,5.893,6.231,6.677,6.767,4.195,4.534,5.497,5.013,3.33,4.602,3.403,6.926,7.959,5.129,4.75,7.85,3.361,7.516,8.035,4.802,7.982,3.938,3.08,4.259,9.16,4.626,4.957,5.752,7.317,7.69,7.362,5.975,6.241,6.193,4.94,5.16,4.783,4.587,4.975,8.201,6.622,3.91,9.406,4.105,7.261,5.217,6.645,5.76,5.773,3.704,4.275,8.571,5.405,9.604,3.959,8.289,4.629,5.362,2.77,5.13,5.051,2.432,7.708,7.514,6.265,8.507,7.545,6.601,8.201,5.879,7.98,5.225,5.755,6.86,5.363,4.142,7.181,7.712,7.806,6.42,4.065,2.625,4.28,7.878,7.866,5.698,4.887,7.252,6.007,3.191,5.25,6.78,2.924,4.943,7.322,6.081,6.477,4.526,4.744,4.75,3.17,5.992,3.738,6.18,3.689,5.777,6.619,5.69,6.165,6.475,7.445,6.057,3.588,3.094,9.913,4.887,7.522,3.819,7.431,5.78,8.523,6.869,9.174,4.24,5.652,7.239,6.632,5.786,7.972,3.269,6.563,6.076,4.124,4.936,4.152,5.204,5.892,7.967,4.316,7.297,6.806,7.753,4.716,6.848,3.984,4.732,4.835,2.235,6.303,5.549,5.071,6.299,6.605,4.885,2.701,5.882,2.691,5.719,7.913,6.437,6.174,3.415,5.234,7.257,7.227,5.601,4.532,6.016,5.396,5.766,3.618,2.579,5.834,6.444,5.792,4.704,7.285,7.76,5.399,8.84,4.1,6.305,7.988,3.557,10.578,3.247,6.335,6.392,4.109,4.584,4.712,4.84,5.734,5.167,9.32,5.458,5.211,8.151,6.683,5.067,5.935,4.382,2.955,5.973,7.263,4.572,7.728,7.271,1.565,6.199,5.438,3.356,5.247,8.603,4.57,2.011,8.468,5.523,7.896,3.011,7.452,5.326,2.707,6.236,7.509,7.39,5.006,4.731,6.89,3.756,6.897,3.967,4.926,3.948,5.54,5.23,7.077,9.01,5.682
TRI-239,5.724,7.517,4.262,6.272,6.342,6.67,7.571,7.171,7.044,5.502,8.316,4.785,3.414,5.822,7.188,6.473,5.393,3.631,3.883,6.852,4.326,8.478,7.24,7.882,5.322,4.487,5.597,8.757,6.4,7.072,4.117,7.189,7.932,3.942,6.312,4.4,6.442,3.11,4.552,6.126,7.932,5.398,5.642,8.441,4.717,3.837,7.182,6.568,7.862,2.813,5.99,5.906,6.559,6.394,8.683,4.754,4.754,7.762,7.976,5.411,6.921,7.147,7.909,4.538,8.715,4.504,8.6,6.546,5.718,3.707,8.364,3.52,6.22,3.441,7.372,7.014,5.667,3.495,6.582,4.502,7.49,8.968,5.16,6.326,5.07,5.537,6.967,5.98,5.461,7.967,8.161,4.171,6.735,7.054,4.923,9.141,7.068,5.79,5.793,7.646,6.077,3.253,2.626,7.134,6.101,4.02,5.19,6.164,6.618,4.27,5.075,7.949,3.667,8.492,5.068,6.707,7.001,4.347,4.469,4.02,5.558,3.523,5.415,5.012,7.431,4.868,6.757,3.884,5.346,4.212,4.546,8.289,5.829,3.89,9.078,7.331,6.003,5.881,6.553,5.268,5.267,5.967,8.38,2.906,5.012,4.208,6.003,4.621,4.646,8.274,7.998,6.189,9.356,5.465,5.33,5.108,4.041,5.484,4.941,4.32,8.522,5.186,5.751,6.476,6.191,4.788,2.758,8.837,9.135,5.154,4.222,6.606,6.353,6.45,6.926,7.582,7.743,6.824,4.03,7.72,4.596,7.024,6.812,7.125,7.173,2.981,4.436,8.825,5.27,5.676,8.743,9.333,4.842,6.409,5.762,5.741,5.64,3.019,4.642,5.231,3.295,5.594,6.805,3.694,3.244,1.446,6.113,7.319,6.207,6.172,5.144,7.15,5.334,4.724,6.768,7.431,6.555,6.946,5.984,5.382,7.131,5.849,7.615,7.685,6.606,6.261,4.252,6.124,4.247,6.692,6.666,8.136,8.341,4.785,3.936,6.041,3.902,6.774,5.491,6.661,4.413,10.032,3.947,7.781,7.257,7.666,5.948,2.445,4.672,6.502,5.503,5.357,7.085,6.649,4.772,6.583,8.881,4.178,4.881,3.942,3.696,7.003,5.541,6.68,4.574,8.367,5.836,7.89,7.126,7.238,3.384,7.616,5.641,6.314,3.204,6.745,3.665,3.017,3.305,8.392,6.931,3.945,4.128,5.604,7.459,4.873,3.805,7.418,8.633,5.53,3.592,5.338,6.233,4.325,3.998,5.151,8.124,7.875,7.135,8.992
TRI-240,4.103,1.511,4.455,5.031,5.09,5.417,4.91,7.092,6.102,8.548,3.177,4.292,7.833,4.43,6.679,7.896,7.902,7.811,5.199,5.417,6.519,5.384,5.231,7.674,5.979,5.637,6.856,6.477,6.306,5.745,6.185,2.68,4.914,4.428,4.937,7.945,7.407,6.329,4.244,5.744,6.674,7.118,5.406,6.845,5.348,4.649,7.275,3.83,4.06,4.813,5.067,7.224,5.511,6.058,6.314,7.988,7.662,7.752,5.523,5.347,8.085,5.426,4.358,7.734,2.471,5.538,4.746,6.82,7.762,5.5,5.793,8.36,7.461,3.834,4.515,5.758,2.719,5.905,5.238,5.473,4.155,0.703,8.09,6.456,8.127,6.382,4.686,5.286,5.782,3.368,8.417,5.887,5.146,7.889,4.457,5.257,2.384,6.08,7.127,6.148,7.911,6.464,6.423,6.41,6.312,3.585,5.357,4.914,7.443,2.658,8.304,8.188,7.519,8.884,4.672,4.687,6.268,0.798,7.199,6.022,6.257,2.562,7.892,4.415,6.121,6.808,5.327,4.848,6.33,7.0,7.253,7.969,4.101,4.803,10.139,7.272,6.31,6.975,6.061,8.989,4.023,3.554,6.032,5.714,8.958,5.395,5.067,4.431,7.838,6.395,5.92,9.663,6.498,3.491,6.292,3.697,6.926,5.473,2.82,8.923,5.659,5.029,2.934,4.251,7.162,5.281,7.227,6.024,7.271,5.9,5.866,5.41,5.901,8.047,7.388,7.96,6.539,7.861,6.334,6.516,7.647,3.142,5.158,4.109,5.272,3.159,6.579,5.534,10.253,3.115,7.912,3.152,4.2,5.793,6.177,7.627,6.002,5.353,6.955,4.615,7.422,7.278,4.133,5.241,6.765,3.714,5.522,5.635,7.299,7.903,5.758,5.449,4.413,3.971,3.318,3.854,6.709,6.972,3.856,3.514,4.604,6.476,7.223,5.551,8.907,4.924,6.074,6.891,3.67,5.707,3.043,5.023,6.955,7.449,3.879,6.519,4.313,7.731,5.278,8.483,6.01,6.689,4.473,7.463,8.614,4.145,6.741,5.41,7.633,7.056,5.974,8.993,5.174,3.269,8.521,4.369,3.675,4.24,9.253,8.486,4.6,4.998,5.478,6.255,6.83,6.059,6.333,4.869,7.167,2.686,8.041,3.838,6.488,5.19,4.99,7.195,8.154,5.991,6.545,3.884,8.665,2.109,6.344,2.262,4.642,7.737,5.12,4.881,4.338,4.46,7.175,6.948,8.594,9.365,4.843,5.142,3.447,3.515,5.431,4.516
TRI-241,5.2,9.442,8.086,5.397,2.798,3.141,5.564,6.183,5.152,2.91,6.24,7.004,9.491,9.193,9.17,7.631,6.215,6.228,5.03,5.339,5.557,2.659,5.358,2.979,3.99,9.588,8.308,4.069,8.227,6.208,4.494,6.76,3.753,6.487,6.386,6.935,9.953,5.006,5.761,5.788,7.647,5.417,6.202,7.954,8.936,4.037,5.461,5.931,5.747,6.122,7.241,1.879,9.054,2.608,2.156,7.762,6.784,8.11,6.661,6.522,5.418,9.435,3.755,4.971,4.432,7.081,6.102,7.889,5.111,3.195,4.117,2.538,6.534,6.5,5.538,7.349,9.114,6.401,3.923,11.291,2.105,5.201,8.38,5.262,6.009,6.367,4.538,3.329,4.109,4.784,7.609,2.906,5.91,8.198,6.454,7.506,4.805,7.664,6.84,9.215,6.996,7.425,6.072,6.531,6.577,4.361,5.791,3.935,2.382,4.648,6.553,9.31,4.654,7.113,8.657,6.394,4.077,6.374,6.181,6.633,3.186,3.821,5.259,3.856,4.899,7.768,6.909,6.312,6.801,6.896,2.119,5.705,6.868,8.692,4.957,4.786,4.653,6.459,5.67,5.494,6.721,5.122,5.461,5.73,4.386,8.454,8.492,9.336,4.387,5.411,5.091,3.678,5.371,5.052,7.332,5.32,7.025,6.972,5.057,8.477,2.952,5.804,4.635,7.526,6.745,6.929,6.856,4.151,4.079,6.07,4.382,8.223,7.176,6.598,6.803,5.713,5.47,4.849,4.74,6.191,7.963,7.607,3.701,5.482,6.545,5.254,8.943,4.807,6.295,3.979,4.671,8.657,4.913,10.5,5.546,4.796,5.413,6.747,6.529,5.234,4.283,7.925,8.263,9.493,4.564,8.206,7.079,3.289,8.266,7.174,5.009,9.121,8.061,3.601,5.892,8.701,7.136,4.768,4.002,7.117,7.283,4.459,4.132,7.505,6.835,5.712,5.471,7.475,5.025,3.125,3.782,2.709,3.985,4.32,6.65,4.722,6.323,1.65,5.673,5.091,5.544,2.99,6.941,5.691,7.86,9.042,6.997,4.663,5.886,4.904,6.956,5.715,6.678,7.45,3.114,7.115,5.082,4.28,5.019,5.498,6.776,5.539,8.254,6.989,7.817,5.337,6.111,3.43,3.305,5.756,5.307,5.467,7.963,5.243,6.925,6.683,6.057,5.135,8.32,5.715,6.299,4.296,8.965,6.202,4.24,4.307,7.412,6.932,5.979,4.291,5.014,6.186,4.607,4.499,6.786,7.442,2.743,4.612,3.974,6.413
TRI-242,7.453,8.172,4.526,5.395,5.925,8.858,7.743,6.016,5.319,4.532,7.289,3.198,8.913,8.998,6.158,4.92,6.594,4.35,6.64,6.17,2.583,5.457,3.409,7.457,4.851,5.998,6.253,6.959,4.615,2.993,5.292,5.22,3.409,3.51,7.82,6.961,6.067,6.128,6.409,7.641,6.79,3.43,2.706,7.296,5.001,8.368,5.496,7.402,6.0,5.56,9.232,8.985,5.469,2.935,8.353,5.153,7.502,3.807,6.877,4.667,5.73,7.443,7.326,5.644,7.393,6.322,4.633,3.326,5.468,6.44,5.159,6.359,10.513,8.493,4.389,4.218,4.265,7.85,6.176,6.038,9.272,7.227,6.243,8.186,7.704,3.473,7.919,8.059,5.799,5.489,5.473,5.806,2.814,7.124,6.865,7.344,5.239,5.477,9.115,6.286,3.601,8.156,3.688,9.768,5.861,5.179,8.07,4.45,3.449,11.068,6.097,6.388,7.259,8.195,5.177,1.334,4.214,9.242,8.256,6.683,5.501,9.01,4.171,7.265,3.891,6.236,4.216,7.872,4.051,5.982,6.086,7.469,4.996,4.947,5.638,6.314,7.291,7.549,6.877,9.595,6.372,4.691,6.916,5.019,7.82,5.466,8.172,6.54,3.487,6.065,6.666,7.612,5.929,3.915,4.765,7.586,2.945,6.232,7.253,7.282,4.876,4.861,3.879,3.171,4.222,4.646,6.298,7.716,5.867,5.209,6.962,3.283,7.195,7.655,8.487,6.875,6.13,5.774,5.556,5.483,2.953,2.274,3.1,5.846,5.199,8.511,5.937,4.28,4.474,6.462,4.48,6.256,5.841,5.471,4.744,7.733,3.538,7.113,3.928,2.745,5.419,6.074,4.577,6.046,6.533,5.021,6.31,8.293,7.653,6.152,3.373,4.529,6.543,6.104,4.56,9.56,7.77,5.887,4.524,4.383,10.204,7.19,8.051,8.966,4.498,4.632,5.953,5.372,2.699,3.923,6.358,5.229,5.271,5.04,9.008,3.667,5.693,5.138,6.655,6.091,3.639,8.929,6.602,6.223,7.649,6.681,9.391,7.234,7.188,10.755,8.642,5.46,8.991,5.248,7.068,6.741,4.982,6.879,8.037,5.382,5.755,3.867,7.571,4.997,7.066,8.749,6.699,9.231,5.852,6.77,6.663,10.734,7.718,5.483,5.348,4.61,4.395,4.49,6.557,3.27,3.228,5.162,5.296,8.438,6.587,5.028,6.775,4.195,6.32,7.819,7.544,7.013,4.41,5.307,3.713,7.994,7.654,3.116,8.811,4.387
TRI-243,7.23,9.128,9.394,5.46,6.04,6.525,3.211,3.997,6.479,8.197,5.959,6.884,5.742,5.004,9.151,6.641,3.07,6.983,8.499,8.663,6.114,4.435,5.455,5.887,6.738,7.52,5.801,4.125,5.111,5.716,8.179,3.805,5.568,5.942,4.54,6.897,4.081,5.781,8.13,5.355,6.591,7.529,6.632,7.503,5.358,9.419,5.227,6.554,6.27,7.216,7.134,5.318,8.218,7.945,5.146,4.266,7.67,7.415,7.333,5.283,5.859,7.904,6.851,6.815,4.542,4.295,4.385,3.381,7.671,7.223,6.375,7.105,8.062,5.219,5.324,6.505,7.81,5.363,5.921,7.888,5.463,5.855,6.061,5.648,7.715,6.548,5.06,4.208,4.417,7.707,6.685,7.125,9.707,7.16,4.837,5.771,7.092,5.713,8.154,5.956,4.241,4.106,6.883,6.981,7.184,8.92,6.266,5.651,3.599,7.906,4.443,9.386,6.316,7.202,4.391,5.49,3.0,2.895,6.053,6.395,6.051,3.186,4.871,5.058,8.111,3.377,6.781,7.063,5.326,7.036,4.676,8.099,5.15,9.186,5.432,7.118,5.185,5.192,4.238,6.653,5.729,3.557,5.785,5.184,7.207,5.008,7.095,5.319,7.645,6.489,6.74,4.409,7.851,7.0,4.424,6.944,5.13,5.885,6.282,4.329,3.182,7.841,4.545,4.972,2.386,5.182,3.595,4.299,4.118,4.148,5.102,4.734,8.977,3.041,7.97,7.785,6.535,4.297,7.238,7.879,4.087,3.93,6.711,3.348,2.656,5.514,6.307,5.831,6.636,8.715,3.91,3.281,6.089,6.962,5.935,8.773,7.08,4.31,8.259,2.507,3.351,6.734,7.281,6.158,5.925,5.084,7.496,8.683,6.656,8.136,3.372,4.366,5.191,4.921,6.999,7.099,4.418,7.844,5.104,3.913,6.578,7.085,7.232,6.339,7.666,6.108,7.24,4.04,9.477,4.727,7.502,5.718,5.893,5.638,2.932,9.368,6.761,5.442,7.199,9.14,5.061,4.676,4.115,10.226,7.562,5.738,4.295,7.475,6.164,3.204,7.911,7.845,5.393,4.334,5.366,5.768,6.202,5.899,5.668,4.905,5.46,7.802,8.147,4.307,7.451,4.056,6.624,8.856,4.618,5.319,3.577,7.819,5.729,9.53,4.85,6.621,5.036,3.933,5.811,2.986,4.836,4.634,2.478,8.506,5.988,4.379,4.154,4.426,5.47,4.299,7.798,7.061,5.804,5.151,6.002,9.149,6.152,6.559,8.113,9.887
TRI-244,7.824,3.589,5.897,5.259,7.853,6.809,3.769,2.895,5.337,5.601,7.26,5.366,5.452,4.186,6.384,6.11,6.395,6.746,6.257,6.046,9.407,5.964,6.733,7.523,2.307,4.816,4.395,7.384,8.272,6.526,4.827,5.608,7.772,4.454,8.146,7.002,4.433,7.788,5.65,2.719,3.808,6.936,2.962,5.979,6.032,4.424,4.679,6.187,7.275,2.648,6.278,5.758,4.427,6.869,5.433,3.874,8.962,6.174,6.533,4.183,2.689,4.176,4.146,5.462,7.494,5.566,4.882,5.284,5.887,6.233,9.249,7.941,6.925,4.632,4.807,5.422,3.937,5.549,10.199,4.703,5.683,6.65,6.128,5.365,7.622,5.303,7.322,5.42,6.079,5.15,6.581,5.438,4.886,3.916,4.88,5.534,5.894,6.576,6.736,6.573,7.457,9.031,8.31,3.638,4.558,6.29,3.893,7.479,7.595,5.486,6.556,3.443,8.416,5.514,5.065,7.012,9.448,6.864,6.356,3.777,2.999,5.394,5.118,3.734,6.904,6.641,3.022,8.128,8.912,5.536,7.942,6.619,6.508,7.314,4.166,5.618,5.865,4.401,6.876,3.305,6.09,5.352,5.215,6.459,4.542,4.831,7.423,7.283,4.365,8.646,3.542,8.887,2.571,6.228,3.675,5.372,4.244,7.144,5.442,7.026,5.326,5.453,7.625,6.88,6.197,4.128,5.181,5.39,6.379,7.314,3.344,5.458,4.835,7.645,7.227,7.208,5.752,5.584,4.557,4.361,6.791,6.361,7.276,5.095,5.435,6.093,6.437,5.574,5.095,9.667,6.835,5.036,6.441,5.885,5.181,7.221,5.377,7.877,8.365,4.993,2.533,5.141,4.326,7.2,6.315,7.137,6.929,4.39,6.588,4.326,1.137,6.218,5.482,8.087,4.588,8.056,3.801,6.522,5.152,4.697,6.648,5.54,9.563,4.246,2.917,4.454,9.198,5.497,5.454,5.765,4.679,5.269,10.385,5.675,8.288,7.884,3.897,8.268,5.396,7.17,7.16,3.908,8.646,5.022,3.582,5.768,9.419,7.574,5.994,5.462,5.663,5.556,6.831,5.682,5.199,5.351,4.849,7.631,5.87,7.446,5.767,5.313,6.394,6.278,4.568,3.018,7.13,2.805,6.826,6.303,7.664,1.973,3.397,6.699,5.093,5.518,6.085,5.746,8.767,7.446,5.672,4.701,4.201,6.638,3.921,6.418,5.212,4.643,9.229,7.214,5.914,5.592,4.337,8.408,5.074,6.003,5.784,6.288,7.464,8.552
TRI-245,4.241,3.03,4.512,7.582,5.538,6.268,4.846,4.5,7.101,5.68,3.309,6.3,7.409,3.98,7.095,5.589,2.612,8.565,6.747,7.328,5.828,5.786,7.02,5.064,5.298,4.218,8.927,6.723,4.507,7.017,7.168,4.227,9.125,5.795,8.841,8.128,5.9,7.054,5.725,7.11,11.019,6.142,7.615,6.519,6.83,6.114,7.986,7.266,6.715,2.967,9.066,2.589,4.422,6.233,4.613,6.083,5.538,7.046,6.399,6.897,6.029,6.111,5.128,2.562,3.963,7.884,7.603,4.71,7.193,5.543,6.347,4.593,4.939,7.489,7.928,5.532,4.996,6.53,5.573,6.393,5.032,7.251,6.328,7.219,4.789,6.839,5.248,8.724,5.984,6.031,5.384,7.247,5.055,7.37,8.112,6.159,5.473,7.378,3.984,3.991,2.302,3.878,9.835,5.787,6.196,5.009,4.386,9.344,4.923,5.45,6.143,6.775,7.847,6.083,7.251,7.812,3.39,7.822,5.562,7.57,3.511,9.84,8.434,8.339,8.829,9.23,6.624,4.366,7.3,4.155,6.026,7.297,6.219,6.141,3.546,8.614,7.109,5.87,6.969,3.595,8.714,6.947,6.18,6.806,7.774,4.927,5.731,3.621,4.719,7.208,5.931,6.565,7.43,6.293,2.843,6.578,7.35,5.826,8.355,6.401,6.786,4.395,7.321,4.345,6.785,6.713,5.702,3.75,4.908,6.006,6.265,3.896,7.418,6.045,5.267,7.892,5.177,7.846,6.895,3.359,9.076,5.534,8.529,3.268,5.11,5.7,4.054,4.355,7.608,5.103,8.115,10.264,6.079,1.993,7.461,9.445,3.013,2.338,7.07,4.503,3.355,6.631,4.802,4.006,3.826,8.407,0.913,5.483,4.357,4.925,7.117,7.393,5.767,7.494,8.403,6.814,4.244,4.944,7.568,7.989,4.39,4.229,4.129,5.045,3.53,6.197,8.737,6.846,4.323,7.744,7.958,7.336,5.306,4.786,3.145,4.739,3.218,2.178,3.724,5.592,6.728,5.806,6.499,3.711,6.122,8.818,4.923,5.991,5.884,7.945,4.714,4.802,8.508,3.32,7.044,4.863,7.017,4.872,1.521,7.645,7.427,4.038,3.911,4.042,2.918,8.689,3.938,3.286,8.383,5.809,5.966,6.638,8.811,7.292,6.483,8.67,6.931,6.857,4.102,4.168,4.943,3.956,5.89,5.351,5.732,9.113,5.119,3.93,8.194,3.204,9.172,5.581,3.632,7.965,8.78,6.513,5.005,5.985,4.677,3.399
